[14:15:47.877][info] [#0:/home/khel/dotfiles/local/.local/share/nvim/mason/packages/lua-language-server/libexec/main.lua:68]: Lua Lsp startup, root: 	/home/khel/dotfiles/local/.local/share/nvim/mason/packages/lua-language-server/libexec
[14:15:47.877][info] [#0:/home/khel/dotfiles/local/.local/share/nvim/mason/packages/lua-language-server/libexec/main.lua:69]: ROOT:	/home/khel/dotfiles/local/.local/share/nvim/mason/packages/lua-language-server/libexec
[14:15:47.877][info] [#0:/home/khel/dotfiles/local/.local/share/nvim/mason/packages/lua-language-server/libexec/main.lua:70]: LOGPATH:	/home/khel/dotfiles/local/.local/share/nvim/mason/packages/lua-language-server/libexec/log
[14:15:47.877][info] [#0:/home/khel/dotfiles/local/.local/share/nvim/mason/packages/lua-language-server/libexec/main.lua:71]: METAPATH:	/home/khel/dotfiles/local/.local/share/nvim/mason/packages/lua-language-server/libexec/meta
[14:15:47.878][info] [#0:/home/khel/dotfiles/local/.local/share/nvim/mason/packages/lua-language-server/libexec/main.lua:72]: VERSION:	3.14.0
[14:15:47.925][info] [#0:script/proto/proto.lua:260]: Listen Mode: stdio
[14:15:47.925][info] [#0:script/service/service.lua:145]: 
========= Medical Examination Report =========
    --------------- Memory ---------------
        Total: 2.264 MB
        # 00 : 2.264 MB
        # 01 : 0.000 MB
        # 02 : 0.000 MB
        # 03 : 0.000 MB
        # 04 : 0.000 MB
    --------------- Coroutine ---------------
        Total:     0
        Running:   0
        Suspended: 0
        Normal:    0
        Dead:      0
    --------------- Cache ---------------
        Total: 1
        Dead:  0
    ---------------  RPC  ---------------
        Holdon:   0
        Waiting:  0
==============================================
[14:15:48.038][info] [#0:script/client.lua:657]: Client init	{
  capabilities = {
    general = {
      positionEncodings = { "utf-8", "utf-16", "utf-32" }
    },
    textDocument = {
      callHierarchy = {
        dynamicRegistration = false
      },
      codeAction = {
        codeActionLiteralSupport = {
          codeActionKind = {
            valueSet = { "", "quickfix", "refactor", "refactor.extract", "refactor.inline", "refactor.rewrite", "source", "source.organizeImports" }
          }
        },
        dataSupport = true,
        dynamicRegistration = true,
        isPreferredSupport = true,
        resolveSupport = {
          properties = { "edit", "command" }
        }
      },
      codeLens = {
        dynamicRegistration = false,
        resolveSupport = {
          properties = { "command" }
        }
      },
      completion = {
        completionItem = {
          commitCharactersSupport = false,
          deprecatedSupport = true,
          documentationFormat = { "markdown", "plaintext" },
          insertReplaceSupport = true,
          insertTextModeSupport = {
            valueSet = { 1 }
          },
          labelDetailsSupport = true,
          preselectSupport = false,
          resolveSupport = {
            properties = { "documentation", "detail", "additionalTextEdits", "command", "data" }
          },
          snippetSupport = true,
          tagSupport = {
            valueSet = { 1 }
          }
        },
        completionItemKind = {
          valueSet = { 1, 2, 3, 4, 5, 6, 7, 8, 9, 10, 11, 12, 13, 14, 15, 16, 17, 18, 19, 20, 21, 22, 23, 24, 25 }
        },
        completionList = {
          itemDefaults = { "commitCharacters", "editRange", "insertTextFormat", "insertTextMode", "data" }
        },
        contextSupport = true,
        dynamicRegistration = false,
        insertTextMode = 1
      },
      declaration = {
        linkSupport = true
      },
      definition = {
        dynamicRegistration = true,
        linkSupport = true
      },
      diagnostic = {
        dynamicRegistration = false
      },
      documentHighlight = {
        dynamicRegistration = false
      },
      documentSymbol = {
        dynamicRegistration = false,
        hierarchicalDocumentSymbolSupport = true,
        symbolKind = {
          valueSet = { 1, 2, 3, 4, 5, 6, 7, 8, 9, 10, 11, 12, 13, 14, 15, 16, 17, 18, 19, 20, 21, 22, 23, 24, 25, 26 }
        }
      },
      foldingRange = {
        dynamicRegistration = false,
        foldingRange = {
          collapsedText = true
        },
        lineFoldingOnly = true
      },
      formatting = {
        dynamicRegistration = true
      },
      hover = {
        contentFormat = { "markdown", "plaintext" },
        dynamicRegistration = true
      },
      implementation = {
        linkSupport = true
      },
      inlayHint = {
        dynamicRegistration = true,
        resolveSupport = {
          properties = { "textEdits", "tooltip", "location", "command" }
        }
      },
      publishDiagnostics = {
        dataSupport = true,
        relatedInformation = true,
        tagSupport = {
          valueSet = { 1, 2 }
        }
      },
      rangeFormatting = {
        dynamicRegistration = true,
        rangesSupport = true
      },
      references = {
        dynamicRegistration = false
      },
      rename = {
        dynamicRegistration = true,
        prepareSupport = true
      },
      semanticTokens = {
        augmentsSyntaxTokens = true,
        dynamicRegistration = false,
        formats = { "relative" },
        multilineTokenSupport = false,
        overlappingTokenSupport = true,
        requests = {
          full = {
            delta = true
          },
          range = false
        },
        serverCancelSupport = false,
        tokenModifiers = { "declaration", "definition", "readonly", "static", "deprecated", "abstract", "async", "modification", "documentation", "defaultLibrary" },
        tokenTypes = { "namespace", "type", "class", "enum", "interface", "struct", "typeParameter", "parameter", "variable", "property", "enumMember", "event", "function", "method", "macro", "keyword", "modifier", "comment", "string", "number", "regexp", "operator", "decorator" }
      },
      signatureHelp = {
        dynamicRegistration = false,
        signatureInformation = {
          activeParameterSupport = true,
          documentationFormat = { "markdown", "plaintext" },
          parameterInformation = {
            labelOffsetSupport = true
          }
        }
      },
      synchronization = {
        didSave = true,
        dynamicRegistration = false,
        willSave = true,
        willSaveWaitUntil = true
      },
      typeDefinition = {
        linkSupport = true
      }
    },
    window = {
      showDocument = {
        support = true
      },
      showMessage = {
        messageActionItem = {
          additionalPropertiesSupport = true
        }
      },
      workDoneProgress = true
    },
    workspace = {
      applyEdit = true,
      configuration = true,
      didChangeConfiguration = {
        dynamicRegistration = false
      },
      didChangeWatchedFiles = {
        dynamicRegistration = false,
        relativePatternSupport = true
      },
      fileOperations = {
        didRename = true,
        willRename = true
      },
      inlayHint = {
        refreshSupport = true
      },
      semanticTokens = {
        refreshSupport = true
      },
      symbol = {
        dynamicRegistration = false,
        symbolKind = {
          valueSet = { 1, 2, 3, 4, 5, 6, 7, 8, 9, 10, 11, 12, 13, 14, 15, 16, 17, 18, 19, 20, 21, 22, 23, 24, 25, 26 }
        }
      },
      workspaceEdit = {
        resourceOperations = { "rename", "create", "delete" }
      },
      workspaceFolders = true
    }
  },
  clientInfo = {
    name = "Neovim",
    version = "0.11.2+dirty"
  },
  initializationOptions = {},
  processId = 6498,
  rootPath = "/home/khel/dotfiles/nvim/.config/nvim",
  rootUri = "file:///home/khel/dotfiles/nvim/.config/nvim",
  trace = "off",
  workDoneToken = "1",
  workspaceFolders = { {
      name = "/home/khel/dotfiles/nvim/.config/nvim",
      uri = "file:///home/khel/dotfiles/nvim/.config/nvim"
    } }
}
[14:15:48.038][info] [#0:script/language.lua:137]: VSC language: nil
[14:15:48.038][info] [#0:script/language.lua:138]: LS  language: en-us
[14:15:48.038][info] [#0:script/workspace/workspace.lua:38]: Workspace init root: 	file:///home/khel/dotfiles/nvim/.config/nvim
[14:15:48.038][info] [#0:script/workspace/workspace.lua:42]: Log path: 	/home/khel/dotfiles/local/.local/share/nvim/mason/packages/lua-language-server/libexec/log/file_home_khel_dotfiles_nvim_.config_nvim.log
[14:15:48.039][info] [#0:script/workspace/workspace.lua:48]: Workspace create: 	file:///home/khel/dotfiles/nvim/.config/nvim
[14:15:48.244][info] [#0:script/provider/provider.lua:49]: Load config from client	file:///home/khel/dotfiles/nvim/.config/nvim
[14:15:48.244][info] [#0:script/provider/provider.lua:50]: {
  Lua = {
    codeLens = {
      enable = true
    },
    completion = {
      callSnippet = "Replace"
    },
    doc = {
      privateName = { "^_" }
    },
    hint = {
      arrayIndex = "Disable",
      enable = true,
      paramName = "Disable",
      paramType = true,
      semicolon = "Disable",
      setType = false
    },
    runtime = {
      path = { "?.lua", "?/init.lua" },
      pathStrict = true,
      version = "LuaJIT"
    },
    workspace = {
      checkThirdParty = false,
      ignoreDir = { "/lua" },
      library = { "/usr/share/nvim/runtime/lua", "/home/khel/dotfiles/nvim/.config/nvim/lua", "/home/khel/dotfiles/local/.local/share/nvim/lazy/LazyVim/lua", "/home/khel/dotfiles/local/.local/share/nvim/lazy/lazy.nvim/lua" }
    }
  }
}
[14:15:48.245][info] [#0:script/provider/provider.lua:49]: Load config from client	file:///home/khel/dotfiles/nvim/.config/nvim
[14:15:48.245][info] [#0:script/provider/provider.lua:50]: {
  Lua = {
    codeLens = {
      enable = true
    },
    completion = {
      callSnippet = "Replace"
    },
    doc = {
      privateName = { "^_" }
    },
    hint = {
      arrayIndex = "Disable",
      enable = true,
      paramName = "Disable",
      paramType = true,
      semicolon = "Disable",
      setType = false
    },
    runtime = {
      path = { "?.lua", "?/init.lua" },
      pathStrict = true,
      version = "LuaJIT"
    },
    workspace = {
      checkThirdParty = false,
      ignoreDir = { "/lua" },
      library = { "/usr/share/nvim/runtime/lua", "/home/khel/dotfiles/nvim/.config/nvim/lua", "/home/khel/dotfiles/local/.local/share/nvim/lazy/LazyVim/lua", "/home/khel/dotfiles/local/.local/share/nvim/lazy/lazy.nvim/lua" }
    }
  }
}
[14:15:48.246][info] [#0:script/provider/provider.lua:49]: Load config from client	file:///home/khel/dotfiles/nvim/.config/nvim
[14:15:48.246][info] [#0:script/provider/provider.lua:50]: {
  Lua = {
    codeLens = {
      enable = true
    },
    completion = {
      callSnippet = "Replace"
    },
    doc = {
      privateName = { "^_" }
    },
    hint = {
      arrayIndex = "Disable",
      enable = true,
      paramName = "Disable",
      paramType = true,
      semicolon = "Disable",
      setType = false
    },
    runtime = {
      path = { "?.lua", "?/init.lua" },
      pathStrict = true,
      version = "LuaJIT"
    },
    workspace = {
      checkThirdParty = false,
      ignoreDir = { "/lua" },
      library = { "/usr/share/nvim/runtime/lua", "/home/khel/dotfiles/nvim/.config/nvim/lua", "/home/khel/dotfiles/local/.local/share/nvim/lazy/LazyVim/lua", "/home/khel/dotfiles/local/.local/share/nvim/lazy/lazy.nvim/lua" }
    }
  }
}
[14:15:48.247][warn] [#0:script/config/loader.lua:116]: No config?	{}
[14:15:48.247][info] [#0:script/provider/provider.lua:65]: Load config from client	fallback
[14:15:48.247][info] [#0:script/provider/provider.lua:66]: nil
[14:15:48.247][warn] [#0:script/config/loader.lua:116]: No config?	{}
[14:15:48.247][info] [#0:script/provider/provider.lua:65]: Load config from client	fallback
[14:15:48.247][info] [#0:script/provider/provider.lua:66]: nil
[14:15:48.248][warn] [#0:script/config/loader.lua:116]: No config?	{}
[14:15:48.248][info] [#0:script/provider/provider.lua:65]: Load config from client	fallback
[14:15:48.248][info] [#0:script/provider/provider.lua:66]: nil
[14:15:48.382][info] [#0:script/library.lua:212]: Init builtin library at:	file:///home/khel/dotfiles/nvim/.config/nvim
[14:15:48.409][info] [#0:script/library.lua:212]: Init builtin library at:	nil
[14:15:48.531][info] [#0:script/workspace/workspace.lua:324]: Preload start:	file:///home/khel/dotfiles/nvim/.config/nvim
[14:15:48.549][info] [#0:script/workspace/workspace.lua:330]: Scan files at:	file:///home/khel/dotfiles/nvim/.config/nvim
[14:15:48.550][info] [#0:script/workspace/workspace.lua:324]: Preload start:	<fallback>
[14:15:48.556][info] [#0:script/workspace/workspace.lua:353]: Scan library at:	file:///home/khel/dotfiles/local/.local/share/nvim/mason/packages/lua-language-server/libexec/meta/Lua%205.4%20en-us%20utf8/debug.lua
[14:15:48.557][info] [#0:script/workspace/workspace.lua:353]: Scan library at:	file:///home/khel/dotfiles/local/.local/share/nvim/mason/packages/lua-language-server/libexec/meta/Lua%205.4%20en-us%20utf8/table.lua
[14:15:48.557][info] [#0:script/workspace/workspace.lua:353]: Scan library at:	file:///home/khel/dotfiles/local/.local/share/nvim/mason/packages/lua-language-server/libexec/meta/Lua%205.4%20en-us%20utf8/coroutine.lua
[14:15:48.558][info] [#0:script/workspace/workspace.lua:353]: Scan library at:	file:///home/khel/dotfiles/local/.local/share/nvim/mason/packages/lua-language-server/libexec/meta/Lua%205.4%20en-us%20utf8/utf8.lua
[14:15:48.558][info] [#0:script/workspace/workspace.lua:353]: Scan library at:	file:///home/khel/dotfiles/local/.local/share/nvim/mason/packages/lua-language-server/libexec/meta/Lua%205.4%20en-us%20utf8/io.lua
[14:15:48.559][info] [#0:script/workspace/workspace.lua:353]: Scan library at:	file:///home/khel/dotfiles/local/.local/share/nvim/mason/packages/lua-language-server/libexec/meta/Lua%205.4%20en-us%20utf8/string.lua
[14:15:48.559][info] [#0:script/workspace/workspace.lua:353]: Scan library at:	file:///home/khel/dotfiles/local/.local/share/nvim/mason/packages/lua-language-server/libexec/meta/Lua%205.4%20en-us%20utf8/builtin.lua
[14:15:48.559][info] [#0:script/workspace/workspace.lua:353]: Scan library at:	file:///home/khel/dotfiles/local/.local/share/nvim/mason/packages/lua-language-server/libexec/meta/LuaJIT%20en-us%20utf8/debug.lua
[14:15:48.559][info] [#0:script/workspace/workspace.lua:353]: Scan library at:	file:///home/khel/dotfiles/local/.local/share/nvim/mason/packages/lua-language-server/libexec/meta/Lua%205.4%20en-us%20utf8/basic.lua
[14:15:48.560][info] [#0:script/workspace/workspace.lua:353]: Scan library at:	file:///home/khel/dotfiles/local/.local/share/nvim/mason/packages/lua-language-server/libexec/meta/LuaJIT%20en-us%20utf8/table.lua
[14:15:48.560][info] [#0:script/workspace/workspace.lua:353]: Scan library at:	file:///home/khel/dotfiles/local/.local/share/nvim/mason/packages/lua-language-server/libexec/meta/Lua%205.4%20en-us%20utf8/package.lua
[14:15:48.560][info] [#0:script/workspace/workspace.lua:353]: Scan library at:	file:///home/khel/dotfiles/local/.local/share/nvim/mason/packages/lua-language-server/libexec/meta/LuaJIT%20en-us%20utf8/os.lua
[14:15:48.560][info] [#0:script/workspace/workspace.lua:353]: Scan library at:	file:///home/khel/dotfiles/local/.local/share/nvim/mason/packages/lua-language-server/libexec/meta/Lua%205.4%20en-us%20utf8/os.lua
[14:15:48.561][info] [#0:script/workspace/workspace.lua:353]: Scan library at:	file:///home/khel/dotfiles/local/.local/share/nvim/mason/packages/lua-language-server/libexec/meta/LuaJIT%20en-us%20utf8/table/clear.lua
[14:15:48.561][info] [#0:script/workspace/workspace.lua:353]: Scan library at:	file:///home/khel/dotfiles/local/.local/share/nvim/mason/packages/lua-language-server/libexec/meta/Lua%205.4%20en-us%20utf8/math.lua
[14:15:48.561][info] [#0:script/workspace/workspace.lua:353]: Scan library at:	file:///home/khel/dotfiles/local/.local/share/nvim/mason/packages/lua-language-server/libexec/meta/LuaJIT%20en-us%20utf8/bit.lua
[14:15:48.561][info] [#0:script/workspace/workspace.lua:353]: Scan library at:	file:///home/khel/dotfiles/local/.local/share/nvim/mason/packages/lua-language-server/libexec/meta/LuaJIT%20en-us%20utf8/jit/util.lua
[14:15:48.562][info] [#0:script/workspace/workspace.lua:353]: Scan library at:	file:///home/khel/dotfiles/local/.local/share/nvim/mason/packages/lua-language-server/libexec/meta/LuaJIT%20en-us%20utf8/jit/profile.lua
[14:15:48.562][info] [#0:script/workspace/workspace.lua:353]: Scan library at:	file:///home/khel/dotfiles/local/.local/share/nvim/mason/packages/lua-language-server/libexec/meta/LuaJIT%20en-us%20utf8/builtin.lua
[14:15:48.562][info] [#0:script/workspace/workspace.lua:353]: Scan library at:	file:///home/khel/dotfiles/local/.local/share/nvim/mason/packages/lua-language-server/libexec/meta/LuaJIT%20en-us%20utf8/io.lua
[14:15:48.562][info] [#0:script/workspace/workspace.lua:353]: Scan library at:	file:///home/khel/dotfiles/local/.local/share/nvim/mason/packages/lua-language-server/libexec/meta/LuaJIT%20en-us%20utf8/jit.lua
[14:15:48.563][info] [#0:script/workspace/workspace.lua:353]: Scan library at:	file:///home/khel/dotfiles/local/.local/share/nvim/mason/packages/lua-language-server/libexec/meta/LuaJIT%20en-us%20utf8/basic.lua
[14:15:48.563][info] [#0:script/workspace/workspace.lua:353]: Scan library at:	file:///home/khel/dotfiles/local/.local/share/nvim/mason/packages/lua-language-server/libexec/meta/LuaJIT%20en-us%20utf8/coroutine.lua
[14:15:48.563][info] [#0:script/workspace/workspace.lua:353]: Scan library at:	file:///home/khel/dotfiles/local/.local/share/nvim/mason/packages/lua-language-server/libexec/meta/LuaJIT%20en-us%20utf8/string/buffer.lua
[14:15:48.563][info] [#0:script/workspace/workspace.lua:353]: Scan library at:	file:///home/khel/dotfiles/local/.local/share/nvim/mason/packages/lua-language-server/libexec/meta/LuaJIT%20en-us%20utf8/table/new.lua
[14:15:48.564][info] [#0:script/workspace/workspace.lua:353]: Scan library at:	file:///home/khel/dotfiles/local/.local/share/nvim/lazy/LazyVim/lua
[14:15:48.596][info] [#0:script/workspace/workspace.lua:353]: Scan library at:	file:///home/khel/dotfiles/local/.local/share/nvim/mason/packages/lua-language-server/libexec/meta/LuaJIT%20en-us%20utf8/math.lua
[14:15:48.596][info] [#0:script/workspace/workspace.lua:353]: Scan library at:	file:///home/khel/dotfiles/local/.local/share/nvim/mason/packages/lua-language-server/libexec/meta/LuaJIT%20en-us%20utf8/ffi.lua
[14:15:48.597][info] [#0:script/workspace/workspace.lua:353]: Scan library at:	file:///home/khel/dotfiles/local/.local/share/nvim/lazy/lazy.nvim/lua
[14:15:48.608][info] [#0:script/workspace/workspace.lua:353]: Scan library at:	file:///home/khel/dotfiles/nvim/.config/nvim/lua
[14:15:48.610][info] [#0:script/workspace/workspace.lua:353]: Scan library at:	file:///home/khel/dotfiles/local/.local/share/nvim/mason/packages/lua-language-server/libexec/meta/LuaJIT%20en-us%20utf8/string.lua
[14:15:48.610][info] [#0:script/workspace/workspace.lua:353]: Scan library at:	file:///usr/share/nvim/runtime/lua
[14:15:48.628][info] [#0:script/workspace/workspace.lua:353]: Scan library at:	file:///home/khel/dotfiles/local/.local/share/nvim/mason/packages/lua-language-server/libexec/meta/LuaJIT%20en-us%20utf8/package.lua
[14:15:48.729][info] [#0:script/workspace/workspace.lua:379]: Found 11 files at:	<fallback>
[14:15:48.729][info] [#0:script/workspace/loading.lua:160]: Load files from disk:	<fallback>
[14:15:48.729][info] [#0:script/workspace/workspace.lua:379]: Found 322 files at:	file:///home/khel/dotfiles/nvim/.config/nvim
[14:15:48.729][info] [#0:script/workspace/loading.lua:160]: Load files from disk:	file:///home/khel/dotfiles/nvim/.config/nvim
[14:15:48.733][info] [#0:script/workspace/loading.lua:100]: Preload file at: file:///home/khel/dotfiles/local/.local/share/nvim/mason/packages/lua-language-server/libexec/meta/LuaJIT%20en-us%20utf8/package.lua , size = 2.699 KB
[14:15:48.739][info] [#0:script/workspace/loading.lua:112]: ++++As library of:	file:///home/khel/dotfiles/local/.local/share/nvim/mason/packages/lua-language-server/libexec/meta/LuaJIT%20en-us%20utf8/package.lua
[14:15:48.739][info] [#0:script/workspace/loading.lua:100]: Preload file at: file:///home/khel/dotfiles/local/.local/share/nvim/mason/packages/lua-language-server/libexec/meta/Lua%205.4%20en-us%20utf8/math.lua , size = 8.542 KB
[14:15:48.759][info] [#0:script/workspace/loading.lua:112]: ++++As library of:	file:///home/khel/dotfiles/local/.local/share/nvim/mason/packages/lua-language-server/libexec/meta/Lua%205.4%20en-us%20utf8/math.lua
[14:15:48.759][info] [#0:script/workspace/loading.lua:100]: Preload file at: file:///home/khel/dotfiles/local/.local/share/nvim/mason/packages/lua-language-server/libexec/meta/Lua%205.4%20en-us%20utf8/os.lua , size = 5.611 KB
[14:15:48.770][info] [#0:script/workspace/loading.lua:112]: ++++As library of:	file:///home/khel/dotfiles/local/.local/share/nvim/mason/packages/lua-language-server/libexec/meta/Lua%205.4%20en-us%20utf8/os.lua
[14:15:48.770][info] [#0:script/workspace/loading.lua:100]: Preload file at: file:///home/khel/dotfiles/local/.local/share/nvim/mason/packages/lua-language-server/libexec/meta/Lua%205.4%20en-us%20utf8/package.lua , size = 2.944 KB
[14:15:48.775][info] [#0:script/workspace/loading.lua:112]: ++++As library of:	file:///home/khel/dotfiles/local/.local/share/nvim/mason/packages/lua-language-server/libexec/meta/Lua%205.4%20en-us%20utf8/package.lua
[14:15:48.775][info] [#0:script/workspace/loading.lua:100]: Preload file at: file:///usr/share/nvim/runtime/lua/man.lua , size = 23.335 KB
[14:15:48.808][info] [#0:script/workspace/loading.lua:112]: ++++As library of:	file:///usr/share/nvim/runtime/lua
[14:15:48.808][info] [#0:script/workspace/loading.lua:100]: Preload file at: file:///home/khel/dotfiles/local/.local/share/nvim/mason/packages/lua-language-server/libexec/meta/Lua%205.4%20en-us%20utf8/basic.lua , size = 15.841 KB
[14:15:48.837][info] [#0:script/workspace/loading.lua:112]: ++++As library of:	file:///home/khel/dotfiles/local/.local/share/nvim/mason/packages/lua-language-server/libexec/meta/Lua%205.4%20en-us%20utf8/basic.lua
[14:15:48.837][info] [#0:script/workspace/loading.lua:100]: Preload file at: file:///usr/share/nvim/runtime/lua/coxpcall.lua , size = 3.672 KB
[14:15:48.841][info] [#0:script/workspace/loading.lua:112]: ++++As library of:	file:///usr/share/nvim/runtime/lua
[14:15:48.841][info] [#0:script/workspace/loading.lua:100]: Preload file at: file:///home/khel/dotfiles/local/.local/share/nvim/mason/packages/lua-language-server/libexec/meta/Lua%205.4%20en-us%20utf8/builtin.lua , size = 0.302 KB
[14:15:48.842][info] [#0:script/workspace/loading.lua:112]: ++++As library of:	file:///home/khel/dotfiles/local/.local/share/nvim/mason/packages/lua-language-server/libexec/meta/Lua%205.4%20en-us%20utf8/builtin.lua
[14:15:48.843][info] [#0:script/workspace/loading.lua:100]: Preload file at: file:///usr/share/nvim/runtime/lua/tohtml.lua , size = 43.272 KB
[14:15:48.914][info] [#0:script/workspace/loading.lua:112]: ++++As library of:	file:///usr/share/nvim/runtime/lua
[14:15:48.914][info] [#0:script/workspace/loading.lua:100]: Preload file at: file:///home/khel/dotfiles/local/.local/share/nvim/mason/packages/lua-language-server/libexec/meta/Lua%205.4%20en-us%20utf8/string.lua , size = 5.234 KB
[14:15:48.921][info] [#0:script/workspace/loading.lua:112]: ++++As library of:	file:///home/khel/dotfiles/local/.local/share/nvim/mason/packages/lua-language-server/libexec/meta/Lua%205.4%20en-us%20utf8/string.lua
[14:15:48.921][info] [#0:script/workspace/loading.lua:100]: Preload file at: file:///usr/share/nvim/runtime/lua/_vim9script.lua , size = 15.423 KB
[14:15:48.939][info] [#0:script/workspace/loading.lua:112]: ++++As library of:	file:///usr/share/nvim/runtime/lua
[14:15:48.939][info] [#0:script/workspace/loading.lua:100]: Preload file at: file:///usr/share/nvim/runtime/lua/editorconfig.lua , size = 11.254 KB
[14:15:48.952][info] [#0:script/workspace/loading.lua:112]: ++++As library of:	file:///usr/share/nvim/runtime/lua
[14:15:48.952][info] [#0:script/workspace/loading.lua:100]: Preload file at: file:///home/khel/dotfiles/local/.local/share/nvim/mason/packages/lua-language-server/libexec/meta/Lua%205.4%20en-us%20utf8/io.lua , size = 6.364 KB
[14:15:48.960][info] [#0:script/workspace/loading.lua:112]: ++++As library of:	file:///home/khel/dotfiles/local/.local/share/nvim/mason/packages/lua-language-server/libexec/meta/Lua%205.4%20en-us%20utf8/io.lua
[14:15:48.960][info] [#0:script/workspace/loading.lua:100]: Preload file at: file:///usr/share/nvim/runtime/lua/vim/_meta.lua , size = 1.002 KB
[14:15:48.963][info] [#0:script/workspace/loading.lua:112]: ++++As library of:	file:///usr/share/nvim/runtime/lua
[14:15:48.963][info] [#0:script/workspace/loading.lua:100]: Preload file at: file:///home/khel/dotfiles/local/.local/share/nvim/mason/packages/lua-language-server/libexec/meta/Lua%205.4%20en-us%20utf8/utf8.lua , size = 2.386 KB
[14:15:48.966][info] [#0:script/workspace/loading.lua:112]: ++++As library of:	file:///home/khel/dotfiles/local/.local/share/nvim/mason/packages/lua-language-server/libexec/meta/Lua%205.4%20en-us%20utf8/utf8.lua
[14:15:48.966][info] [#0:script/workspace/loading.lua:100]: Preload file at: file:///home/khel/dotfiles/local/.local/share/nvim/mason/packages/lua-language-server/libexec/meta/Lua%205.4%20en-us%20utf8/coroutine.lua , size = 2.590 KB
[14:15:48.970][info] [#0:script/workspace/loading.lua:112]: ++++As library of:	file:///home/khel/dotfiles/local/.local/share/nvim/mason/packages/lua-language-server/libexec/meta/Lua%205.4%20en-us%20utf8/coroutine.lua
[14:15:48.970][info] [#0:script/workspace/loading.lua:100]: Preload file at: file:///usr/share/nvim/runtime/lua/vim/treesitter/dev.lua , size = 21.149 KB
[14:15:49.017][info] [#0:script/workspace/loading.lua:112]: ++++As library of:	file:///usr/share/nvim/runtime/lua
[14:15:49.017][info] [#0:script/workspace/loading.lua:100]: Preload file at: file:///home/khel/dotfiles/local/.local/share/nvim/mason/packages/lua-language-server/libexec/meta/Lua%205.4%20en-us%20utf8/table.lua , size = 4.445 KB
[14:15:49.023][info] [#0:script/workspace/loading.lua:112]: ++++As library of:	file:///home/khel/dotfiles/local/.local/share/nvim/mason/packages/lua-language-server/libexec/meta/Lua%205.4%20en-us%20utf8/table.lua
[14:15:49.023][info] [#0:script/workspace/loading.lua:100]: Preload file at: file:///usr/share/nvim/runtime/lua/vim/lsp.lua , size = 52.855 KB
[14:15:49.075][info] [#0:script/workspace/loading.lua:112]: ++++As library of:	file:///usr/share/nvim/runtime/lua
[14:15:49.076][info] [#0:script/workspace/loading.lua:100]: Preload file at: file:///home/khel/dotfiles/local/.local/share/nvim/mason/packages/lua-language-server/libexec/meta/Lua%205.4%20en-us%20utf8/debug.lua , size = 7.637 KB
[14:15:49.086][info] [#0:script/workspace/loading.lua:112]: ++++As library of:	file:///home/khel/dotfiles/local/.local/share/nvim/mason/packages/lua-language-server/libexec/meta/Lua%205.4%20en-us%20utf8/debug.lua
[14:15:49.086][info] [#0:script/workspace/loading.lua:100]: Preload file at: file:///usr/share/nvim/runtime/lua/vim/treesitter/highlighter.lua , size = 15.112 KB
[14:15:49.104][info] [#0:script/workspace/loading.lua:112]: ++++As library of:	file:///usr/share/nvim/runtime/lua
[14:15:49.104][info] [#0:script/workspace/loading.lua:100]: Preload file at: file:///usr/share/nvim/runtime/lua/vim/treesitter/query.lua , size = 37.908 KB
[14:15:49.185][info] [#0:script/workspace/loading.lua:112]: ++++As library of:	file:///usr/share/nvim/runtime/lua
[14:15:49.185][info] [#0:script/workspace/loading.lua:100]: Preload file at: file:///usr/share/nvim/runtime/lua/vim/treesitter/_meta/tstree.lua , size = 1.234 KB
[14:15:49.189][info] [#0:script/workspace/loading.lua:112]: ++++As library of:	file:///usr/share/nvim/runtime/lua
[14:15:49.190][info] [#0:script/workspace/loading.lua:100]: Preload file at: file:///usr/share/nvim/runtime/lua/vim/treesitter/_meta/misc.lua , size = 2.809 KB
[14:15:49.196][info] [#0:script/workspace/loading.lua:112]: ++++As library of:	file:///usr/share/nvim/runtime/lua
[14:15:49.196][info] [#0:script/workspace/loading.lua:100]: Preload file at: file:///usr/share/nvim/runtime/lua/vim/treesitter/_meta/tsnode.lua , size = 5.839 KB
[14:15:49.206][info] [#0:script/workspace/loading.lua:112]: ++++As library of:	file:///usr/share/nvim/runtime/lua
[14:15:49.206][info] [#0:script/workspace/loading.lua:100]: Preload file at: file:///usr/share/nvim/runtime/lua/vim/treesitter/_meta/tsquery.lua , size = 1.860 KB
[14:15:49.208][info] [#0:script/workspace/loading.lua:112]: ++++As library of:	file:///usr/share/nvim/runtime/lua
[14:15:49.208][info] [#0:script/workspace/loading.lua:100]: Preload file at: file:///usr/share/nvim/runtime/lua/vim/treesitter/language.lua , size = 5.382 KB
[14:15:49.215][info] [#0:script/workspace/loading.lua:112]: ++++As library of:	file:///usr/share/nvim/runtime/lua
[14:15:49.216][info] [#0:script/workspace/loading.lua:172]: Loaded files takes [0.490] sec: <fallback>
[14:15:49.216][info] [#0:script/workspace/loading.lua:181]: Compile files takes [0.000] sec: <fallback>
[14:15:49.216][info] [#0:script/workspace/loading.lua:182]: Loaded finish:	<fallback>
[14:15:49.216][info] [#0:script/workspace/workspace.lua:381]: Preload finish at:	<fallback>
[14:15:49.224][info] [#0:script/workspace/loading.lua:100]: Preload file at: file:///usr/share/nvim/runtime/lua/vim/treesitter/_range.lua , size = 3.923 KB
[14:15:49.232][info] [#0:script/workspace/loading.lua:112]: ++++As library of:	file:///usr/share/nvim/runtime/lua
[14:15:49.233][info] [#0:script/workspace/loading.lua:100]: Preload file at: file:///usr/share/nvim/runtime/lua/vim/treesitter/_headings.lua , size = 3.902 KB
[14:15:49.238][info] [#0:script/workspace/loading.lua:112]: ++++As library of:	file:///usr/share/nvim/runtime/lua
[14:15:49.239][info] [#0:script/workspace/loading.lua:100]: Preload file at: file:///usr/share/nvim/runtime/lua/vim/treesitter/_query_linter.lua , size = 7.818 KB
[14:15:49.251][info] [#0:script/workspace/loading.lua:112]: ++++As library of:	file:///usr/share/nvim/runtime/lua
[14:15:49.252][info] [#0:script/workspace/loading.lua:100]: Preload file at: file:///usr/share/nvim/runtime/lua/vim/treesitter/_fold.lua , size = 14.803 KB
[14:15:49.269][info] [#0:script/workspace/loading.lua:112]: ++++As library of:	file:///usr/share/nvim/runtime/lua
[14:15:49.269][info] [#0:script/workspace/loading.lua:100]: Preload file at: file:///usr/share/nvim/runtime/lua/vim/treesitter/health.lua , size = 1.551 KB
[14:15:49.273][info] [#0:script/workspace/loading.lua:112]: ++++As library of:	file:///usr/share/nvim/runtime/lua
[14:15:49.273][info] [#0:script/workspace/loading.lua:100]: Preload file at: file:///usr/share/nvim/runtime/lua/vim/treesitter/languagetree.lua , size = 40.223 KB
[14:15:49.334][info] [#0:script/workspace/loading.lua:112]: ++++As library of:	file:///usr/share/nvim/runtime/lua
[14:15:49.334][info] [#0:script/workspace/loading.lua:100]: Preload file at: file:///usr/share/nvim/runtime/lua/vim/shared.lua , size = 40.562 KB
[14:15:49.393][info] [#0:script/workspace/loading.lua:112]: ++++As library of:	file:///usr/share/nvim/runtime/lua
[14:15:49.394][info] [#0:script/workspace/loading.lua:100]: Preload file at: file:///usr/share/nvim/runtime/lua/vim/_buf.lua , size = 0.764 KB
[14:15:49.396][info] [#0:script/workspace/loading.lua:112]: ++++As library of:	file:///usr/share/nvim/runtime/lua
[14:15:49.396][info] [#0:script/workspace/loading.lua:100]: Preload file at: file:///usr/share/nvim/runtime/lua/vim/filetype.lua , size = 78.884 KB
[14:15:49.501][warn] [#0:script/files.lua:704]: Compile [file:///usr/share/nvim/runtime/lua/vim/filetype.lua] takes [0.104] sec, size [80.777] kb.
[14:15:49.525][info] [#0:script/workspace/loading.lua:112]: ++++As library of:	file:///usr/share/nvim/runtime/lua
[14:15:49.525][info] [#0:script/workspace/loading.lua:100]: Preload file at: file:///usr/share/nvim/runtime/lua/vim/filetype/detect.lua , size = 61.322 KB
[14:15:49.594][info] [#0:script/workspace/loading.lua:112]: ++++As library of:	file:///usr/share/nvim/runtime/lua
[14:15:49.594][info] [#0:script/workspace/loading.lua:100]: Preload file at: file:///usr/share/nvim/runtime/lua/vim/filetype/options.lua , size = 2.559 KB
[14:15:49.598][info] [#0:script/workspace/loading.lua:112]: ++++As library of:	file:///usr/share/nvim/runtime/lua
[14:15:49.598][info] [#0:script/workspace/loading.lua:100]: Preload file at: file:///usr/share/nvim/runtime/lua/vim/termcap.lua , size = 2.952 KB
[14:15:49.602][info] [#0:script/workspace/loading.lua:112]: ++++As library of:	file:///usr/share/nvim/runtime/lua
[14:15:49.602][info] [#0:script/workspace/loading.lua:100]: Preload file at: file:///usr/share/nvim/runtime/lua/vim/iter.lua , size = 25.875 KB
[14:15:49.636][info] [#0:script/workspace/loading.lua:112]: ++++As library of:	file:///usr/share/nvim/runtime/lua
[14:15:49.636][info] [#0:script/workspace/loading.lua:100]: Preload file at: file:///usr/share/nvim/runtime/lua/vim/lsp/_meta.lua , size = 0.585 KB
[14:15:49.638][info] [#0:script/workspace/loading.lua:112]: ++++As library of:	file:///usr/share/nvim/runtime/lua
[14:15:49.638][info] [#0:script/workspace/loading.lua:100]: Preload file at: file:///usr/share/nvim/runtime/lua/vim/lsp/rpc.lua , size = 22.153 KB
[14:15:49.663][info] [#0:script/workspace/loading.lua:112]: ++++As library of:	file:///usr/share/nvim/runtime/lua
[14:15:49.663][info] [#0:script/workspace/loading.lua:100]: Preload file at: file:///usr/share/nvim/runtime/lua/vim/lsp/completion.lua , size = 27.140 KB
[14:15:49.697][info] [#0:script/workspace/loading.lua:112]: ++++As library of:	file:///usr/share/nvim/runtime/lua
[14:15:49.697][info] [#0:script/workspace/loading.lua:100]: Preload file at: file:///usr/share/nvim/runtime/lua/vim/lsp/_snippet_grammar.lua , size = 6.228 KB
[14:15:49.708][info] [#0:script/workspace/loading.lua:112]: ++++As library of:	file:///usr/share/nvim/runtime/lua
[14:15:49.709][info] [#0:script/workspace/loading.lua:100]: Preload file at: file:///usr/share/nvim/runtime/lua/vim/lsp/_meta/protocol.lua , size = 188.964 KB
[14:15:49.814][warn] [#0:script/files.lua:704]: Compile [file:///usr/share/nvim/runtime/lua/vim/lsp/_meta/protocol.lua] takes [0.104] sec, size [193.499] kb.
[14:15:49.917][info] [#0:script/workspace/loading.lua:112]: ++++As library of:	file:///usr/share/nvim/runtime/lua
[14:15:49.925][info] [#0:script/workspace/loading.lua:100]: Preload file at: file:///usr/share/nvim/runtime/lua/vim/lsp/_transport.lua , size = 5.152 KB
[14:15:49.933][info] [#0:script/workspace/loading.lua:112]: ++++As library of:	file:///usr/share/nvim/runtime/lua
[14:15:49.933][info] [#0:script/workspace/loading.lua:100]: Preload file at: file:///usr/share/nvim/runtime/lua/vim/lsp/client.lua , size = 40.645 KB
[14:15:49.978][info] [#0:script/workspace/loading.lua:112]: ++++As library of:	file:///usr/share/nvim/runtime/lua
[14:15:49.978][info] [#0:script/workspace/loading.lua:100]: Preload file at: file:///usr/share/nvim/runtime/lua/vim/lsp/protocol.lua , size = 44.826 KB
[14:15:50.003][info] [#0:script/workspace/loading.lua:112]: ++++As library of:	file:///usr/share/nvim/runtime/lua
[14:15:50.003][info] [#0:script/workspace/loading.lua:100]: Preload file at: file:///usr/share/nvim/runtime/lua/vim/lsp/semantic_tokens.lua , size = 27.239 KB
[14:15:50.031][info] [#0:script/workspace/loading.lua:112]: ++++As library of:	file:///usr/share/nvim/runtime/lua
[14:15:50.032][info] [#0:script/workspace/loading.lua:100]: Preload file at: file:///usr/share/nvim/runtime/lua/vim/lsp/buf.lua , size = 42.998 KB
[14:15:50.080][info] [#0:script/workspace/loading.lua:112]: ++++As library of:	file:///usr/share/nvim/runtime/lua
[14:15:50.080][info] [#0:script/workspace/loading.lua:100]: Preload file at: file:///usr/share/nvim/runtime/lua/vim/lsp/_tagfunc.lua , size = 3.236 KB
[14:15:50.085][info] [#0:script/workspace/loading.lua:112]: ++++As library of:	file:///usr/share/nvim/runtime/lua
[14:15:50.085][info] [#0:script/workspace/loading.lua:100]: Preload file at: file:///usr/share/nvim/runtime/lua/vim/lsp/diagnostic.lua , size = 11.849 KB
[14:15:50.100][info] [#0:script/workspace/loading.lua:112]: ++++As library of:	file:///usr/share/nvim/runtime/lua
[14:15:50.100][info] [#0:script/workspace/loading.lua:100]: Preload file at: file:///usr/share/nvim/runtime/lua/vim/lsp/util.lua , size = 74.574 KB
[14:15:50.189][info] [#0:script/workspace/loading.lua:112]: ++++As library of:	file:///usr/share/nvim/runtime/lua
[14:15:50.190][info] [#0:script/workspace/loading.lua:100]: Preload file at: file:///usr/share/nvim/runtime/lua/vim/lsp/inlay_hint.lua , size = 11.941 KB
[14:15:50.204][info] [#0:script/workspace/loading.lua:112]: ++++As library of:	file:///usr/share/nvim/runtime/lua
[14:15:50.204][info] [#0:script/workspace/loading.lua:100]: Preload file at: file:///usr/share/nvim/runtime/lua/vim/lsp/_changetracking.lua , size = 11.493 KB
[14:15:50.218][info] [#0:script/workspace/loading.lua:112]: ++++As library of:	file:///usr/share/nvim/runtime/lua
[14:15:50.218][info] [#0:script/workspace/loading.lua:100]: Preload file at: file:///usr/share/nvim/runtime/lua/vim/lsp/sync.lua , size = 15.728 KB
[14:15:50.327][warn] [#0:script/files.lua:556]: Parse LuaDoc of [file:///usr/share/nvim/runtime/lua/vim/lsp/sync.lua] takes [0.101] sec, size [16.105] kb.
[14:15:50.328][info] [#0:script/workspace/loading.lua:112]: ++++As library of:	file:///usr/share/nvim/runtime/lua
[14:15:50.330][info] [#0:script/workspace/loading.lua:100]: Preload file at: file:///usr/share/nvim/runtime/lua/vim/lsp/_watchfiles.lua , size = 6.813 KB
[14:15:50.339][info] [#0:script/workspace/loading.lua:112]: ++++As library of:	file:///usr/share/nvim/runtime/lua
[14:15:50.339][info] [#0:script/workspace/loading.lua:100]: Preload file at: file:///usr/share/nvim/runtime/lua/vim/lsp/health.lua , size = 7.367 KB
[14:15:50.349][info] [#0:script/workspace/loading.lua:112]: ++++As library of:	file:///usr/share/nvim/runtime/lua
[14:15:50.349][info] [#0:script/workspace/loading.lua:100]: Preload file at: file:///usr/share/nvim/runtime/lua/vim/lsp/_folding_range.lua , size = 11.103 KB
[14:15:50.364][info] [#0:script/workspace/loading.lua:112]: ++++As library of:	file:///usr/share/nvim/runtime/lua
[14:15:50.364][info] [#0:script/workspace/loading.lua:100]: Preload file at: file:///usr/share/nvim/runtime/lua/vim/lsp/codelens.lua , size = 9.245 KB
[14:15:50.376][info] [#0:script/workspace/loading.lua:112]: ++++As library of:	file:///usr/share/nvim/runtime/lua
[14:15:50.377][info] [#0:script/workspace/loading.lua:100]: Preload file at: file:///usr/share/nvim/runtime/lua/vim/lsp/log.lua , size = 5.593 KB
[14:15:50.384][info] [#0:script/workspace/loading.lua:112]: ++++As library of:	file:///usr/share/nvim/runtime/lua
[14:15:50.385][info] [#0:script/workspace/loading.lua:100]: Preload file at: file:///usr/share/nvim/runtime/lua/vim/lsp/handlers.lua , size = 24.316 KB
[14:15:50.413][info] [#0:script/workspace/loading.lua:112]: ++++As library of:	file:///usr/share/nvim/runtime/lua
[14:15:50.414][info] [#0:script/workspace/loading.lua:100]: Preload file at: file:///usr/share/nvim/runtime/lua/vim/func.lua , size = 1.950 KB
[14:15:50.416][info] [#0:script/workspace/loading.lua:112]: ++++As library of:	file:///usr/share/nvim/runtime/lua
[14:15:50.416][info] [#0:script/workspace/loading.lua:100]: Preload file at: file:///usr/share/nvim/runtime/lua/vim/glob.lua , size = 3.312 KB
[14:15:50.421][info] [#0:script/workspace/loading.lua:112]: ++++As library of:	file:///usr/share/nvim/runtime/lua
[14:15:50.421][info] [#0:script/workspace/loading.lua:100]: Preload file at: file:///usr/share/nvim/runtime/lua/vim/uri.lua , size = 3.614 KB
[14:15:50.426][info] [#0:script/workspace/loading.lua:112]: ++++As library of:	file:///usr/share/nvim/runtime/lua
[14:15:50.427][info] [#0:script/workspace/loading.lua:100]: Preload file at: file:///usr/share/nvim/runtime/lua/vim/version.lua , size = 13.701 KB
[14:15:50.444][info] [#0:script/workspace/loading.lua:112]: ++++As library of:	file:///usr/share/nvim/runtime/lua
[14:15:50.444][info] [#0:script/workspace/loading.lua:100]: Preload file at: file:///usr/share/nvim/runtime/lua/vim/_meta/diff.lua , size = 2.493 KB
[14:15:50.446][info] [#0:script/workspace/loading.lua:112]: ++++As library of:	file:///usr/share/nvim/runtime/lua
[14:15:50.447][info] [#0:script/workspace/loading.lua:100]: Preload file at: file:///usr/share/nvim/runtime/lua/vim/_meta/mpack.lua , size = 0.478 KB
[14:15:50.448][info] [#0:script/workspace/loading.lua:112]: ++++As library of:	file:///usr/share/nvim/runtime/lua
[14:15:50.448][info] [#0:script/workspace/loading.lua:100]: Preload file at: file:///usr/share/nvim/runtime/lua/vim/_meta/spell.lua , size = 0.929 KB
[14:15:50.449][info] [#0:script/workspace/loading.lua:112]: ++++As library of:	file:///usr/share/nvim/runtime/lua
[14:15:50.449][info] [#0:script/workspace/loading.lua:100]: Preload file at: file:///usr/share/nvim/runtime/lua/vim/_meta/builtin.lua , size = 10.381 KB
[14:15:50.456][info] [#0:script/workspace/loading.lua:112]: ++++As library of:	file:///usr/share/nvim/runtime/lua
[14:15:50.456][info] [#0:script/workspace/loading.lua:100]: Preload file at: file:///usr/share/nvim/runtime/lua/vim/_meta/api.lua , size = 106.186 KB
[14:15:50.536][info] [#0:script/workspace/loading.lua:112]: ++++As library of:	file:///usr/share/nvim/runtime/lua
[14:15:50.537][info] [#0:script/workspace/loading.lua:100]: Preload file at: file:///usr/share/nvim/runtime/lua/vim/_meta/api_keysets.lua , size = 9.958 KB
[14:15:50.553][info] [#0:script/workspace/loading.lua:112]: ++++As library of:	file:///usr/share/nvim/runtime/lua
[14:15:50.553][info] [#0:script/workspace/loading.lua:100]: Preload file at: file:///usr/share/nvim/runtime/lua/vim/_meta/lpeg.lua , size = 15.348 KB
[14:15:50.566][info] [#0:script/workspace/loading.lua:112]: ++++As library of:	file:///usr/share/nvim/runtime/lua
[14:15:50.566][info] [#0:script/workspace/loading.lua:100]: Preload file at: file:///usr/share/nvim/runtime/lua/vim/_meta/regex.lua , size = 1.580 KB
[14:15:50.568][info] [#0:script/workspace/loading.lua:112]: ++++As library of:	file:///usr/share/nvim/runtime/lua
[14:15:50.568][info] [#0:script/workspace/loading.lua:100]: Preload file at: file:///usr/share/nvim/runtime/lua/vim/_meta/vvars.lua , size = 26.214 KB
[14:15:50.588][info] [#0:script/workspace/loading.lua:112]: ++++As library of:	file:///usr/share/nvim/runtime/lua
[14:15:50.588][info] [#0:script/workspace/loading.lua:100]: Preload file at: file:///usr/share/nvim/runtime/lua/vim/_meta/vimfn.lua , size = 408.424 KB
[14:15:50.695][warn] [#0:script/files.lua:704]: Compile [file:///usr/share/nvim/runtime/lua/vim/_meta/vimfn.lua] takes [0.105] sec, size [418.226] kb.
[14:15:50.839][warn] [#0:script/files.lua:556]: Parse LuaDoc of [file:///usr/share/nvim/runtime/lua/vim/_meta/vimfn.lua] takes [0.143] sec, size [418.226] kb.
[14:15:50.882][info] [#0:script/workspace/loading.lua:112]: ++++As library of:	file:///usr/share/nvim/runtime/lua
[14:15:50.882][info] [#0:script/workspace/loading.lua:100]: Preload file at: file:///usr/share/nvim/runtime/lua/vim/_meta/options.lua , size = 324.442 KB
[14:15:51.162][warn] [#0:script/files.lua:704]: Compile [file:///usr/share/nvim/runtime/lua/vim/_meta/options.lua] takes [0.277] sec, size [332.229] kb.
[14:15:51.289][info] [#0:script/workspace/loading.lua:112]: ++++As library of:	file:///usr/share/nvim/runtime/lua
[14:15:51.293][info] [#0:script/workspace/loading.lua:100]: Preload file at: file:///usr/share/nvim/runtime/lua/vim/_meta/json.lua , size = 1.537 KB
[14:15:51.295][info] [#0:script/workspace/loading.lua:112]: ++++As library of:	file:///usr/share/nvim/runtime/lua
[14:15:51.295][info] [#0:script/workspace/loading.lua:100]: Preload file at: file:///usr/share/nvim/runtime/lua/vim/_meta/misc.lua , size = 0.291 KB
[14:15:51.296][info] [#0:script/workspace/loading.lua:112]: ++++As library of:	file:///usr/share/nvim/runtime/lua
[14:15:51.296][info] [#0:script/workspace/loading.lua:100]: Preload file at: file:///usr/share/nvim/runtime/lua/vim/_meta/api_keysets_extra.lua , size = 6.957 KB
[14:15:51.305][info] [#0:script/workspace/loading.lua:112]: ++++As library of:	file:///usr/share/nvim/runtime/lua
[14:15:51.306][info] [#0:script/workspace/loading.lua:100]: Preload file at: file:///usr/share/nvim/runtime/lua/vim/_meta/vvars_extra.lua , size = 4.056 KB
[14:15:51.309][info] [#0:script/workspace/loading.lua:112]: ++++As library of:	file:///usr/share/nvim/runtime/lua
[14:15:51.309][info] [#0:script/workspace/loading.lua:100]: Preload file at: file:///usr/share/nvim/runtime/lua/vim/_meta/re.lua , size = 2.217 KB
[14:15:51.312][info] [#0:script/workspace/loading.lua:112]: ++++As library of:	file:///usr/share/nvim/runtime/lua
[14:15:51.312][info] [#0:script/workspace/loading.lua:100]: Preload file at: file:///usr/share/nvim/runtime/lua/vim/_meta/builtin_types.lua , size = 8.304 KB
[14:15:51.321][info] [#0:script/workspace/loading.lua:112]: ++++As library of:	file:///usr/share/nvim/runtime/lua
[14:15:51.321][info] [#0:script/workspace/loading.lua:100]: Preload file at: file:///usr/share/nvim/runtime/lua/vim/_meta/base64.lua , size = 0.307 KB
[14:15:51.322][info] [#0:script/workspace/loading.lua:112]: ++++As library of:	file:///usr/share/nvim/runtime/lua
[14:15:51.322][info] [#0:script/workspace/loading.lua:100]: Preload file at: file:///usr/share/nvim/runtime/lua/vim/_comment.lua , size = 8.967 KB
[14:15:51.333][info] [#0:script/workspace/loading.lua:112]: ++++As library of:	file:///usr/share/nvim/runtime/lua
[14:15:51.333][info] [#0:script/workspace/loading.lua:100]: Preload file at: file:///usr/share/nvim/runtime/lua/vim/provider/ruby.lua , size = 1.563 KB
[14:15:51.336][info] [#0:script/workspace/loading.lua:112]: ++++As library of:	file:///usr/share/nvim/runtime/lua
[14:15:51.336][info] [#0:script/workspace/loading.lua:100]: Preload file at: file:///usr/share/nvim/runtime/lua/vim/provider/python.lua , size = 4.210 KB
[14:15:51.341][info] [#0:script/workspace/loading.lua:112]: ++++As library of:	file:///usr/share/nvim/runtime/lua
[14:15:51.341][info] [#0:script/workspace/loading.lua:100]: Preload file at: file:///usr/share/nvim/runtime/lua/vim/treesitter.lua , size = 15.239 KB
[14:15:51.357][info] [#0:script/workspace/loading.lua:112]: ++++As library of:	file:///usr/share/nvim/runtime/lua
[14:15:51.358][info] [#0:script/workspace/loading.lua:100]: Preload file at: file:///usr/share/nvim/runtime/lua/vim/provider/perl.lua , size = 1.998 KB
[14:15:51.362][info] [#0:script/workspace/loading.lua:112]: ++++As library of:	file:///usr/share/nvim/runtime/lua
[14:15:51.362][info] [#0:script/workspace/loading.lua:100]: Preload file at: file:///usr/share/nvim/runtime/lua/vim/loader.lua , size = 14.564 KB
[14:15:51.382][info] [#0:script/workspace/loading.lua:112]: ++++As library of:	file:///usr/share/nvim/runtime/lua
[14:15:51.382][info] [#0:script/workspace/loading.lua:100]: Preload file at: file:///usr/share/nvim/runtime/lua/vim/provider/health.lua , size = 29.545 KB
[14:15:51.412][info] [#0:script/workspace/loading.lua:112]: ++++As library of:	file:///usr/share/nvim/runtime/lua
[14:15:51.413][info] [#0:script/workspace/loading.lua:100]: Preload file at: file:///usr/share/nvim/runtime/lua/vim/text.lua , size = 4.512 KB
[14:15:51.419][info] [#0:script/workspace/loading.lua:112]: ++++As library of:	file:///usr/share/nvim/runtime/lua
[14:15:51.420][info] [#0:script/workspace/loading.lua:100]: Preload file at: file:///usr/share/nvim/runtime/lua/vim/inspect.lua , size = 8.899 KB
[14:15:51.431][info] [#0:script/workspace/loading.lua:112]: ++++As library of:	file:///usr/share/nvim/runtime/lua
[14:15:51.431][info] [#0:script/workspace/loading.lua:100]: Preload file at: file:///usr/share/nvim/runtime/lua/vim/F.lua , size = 1.076 KB
[14:15:51.433][info] [#0:script/workspace/loading.lua:112]: ++++As library of:	file:///usr/share/nvim/runtime/lua
[14:15:51.434][info] [#0:script/workspace/loading.lua:100]: Preload file at: file:///usr/share/nvim/runtime/lua/vim/ui.lua , size = 7.683 KB
[14:15:51.443][info] [#0:script/workspace/loading.lua:112]: ++++As library of:	file:///usr/share/nvim/runtime/lua
[14:15:51.443][info] [#0:script/workspace/loading.lua:100]: Preload file at: file:///usr/share/nvim/runtime/lua/vim/func/_memoize.lua , size = 1.979 KB
[14:15:51.447][info] [#0:script/workspace/loading.lua:112]: ++++As library of:	file:///usr/share/nvim/runtime/lua
[14:15:51.447][info] [#0:script/workspace/loading.lua:100]: Preload file at: file:///usr/share/nvim/runtime/lua/vim/hl.lua , size = 6.054 KB
[14:15:51.455][info] [#0:script/workspace/loading.lua:112]: ++++As library of:	file:///usr/share/nvim/runtime/lua
[14:15:51.456][info] [#0:script/workspace/loading.lua:100]: Preload file at: file:///usr/share/nvim/runtime/lua/vim/fs.lua , size = 23.769 KB
[14:15:51.482][info] [#0:script/workspace/loading.lua:112]: ++++As library of:	file:///usr/share/nvim/runtime/lua
[14:15:51.482][info] [#0:script/workspace/loading.lua:100]: Preload file at: file:///usr/share/nvim/runtime/lua/vim/_options.lua , size = 25.508 KB
[14:15:51.507][info] [#0:script/workspace/loading.lua:112]: ++++As library of:	file:///usr/share/nvim/runtime/lua
[14:15:51.507][info] [#0:script/workspace/loading.lua:100]: Preload file at: file:///usr/share/nvim/runtime/lua/vim/re.lua , size = 6.527 KB
[14:15:51.518][info] [#0:script/workspace/loading.lua:112]: ++++As library of:	file:///usr/share/nvim/runtime/lua
[14:15:51.518][info] [#0:script/workspace/loading.lua:100]: Preload file at: file:///usr/share/nvim/runtime/lua/vim/diagnostic.lua , size = 85.015 KB
[14:15:51.624][info] [#0:script/workspace/loading.lua:112]: ++++As library of:	file:///usr/share/nvim/runtime/lua
[14:15:51.624][info] [#0:script/workspace/loading.lua:100]: Preload file at: file:///usr/share/nvim/runtime/lua/vim/ui/clipboard/osc52.lua , size = 2.146 KB
[14:15:51.627][info] [#0:script/workspace/loading.lua:112]: ++++As library of:	file:///usr/share/nvim/runtime/lua
[14:15:51.627][info] [#0:script/workspace/loading.lua:100]: Preload file at: file:///usr/share/nvim/runtime/lua/vim/_watch.lua , size = 9.718 KB
[14:15:51.639][info] [#0:script/workspace/loading.lua:112]: ++++As library of:	file:///usr/share/nvim/runtime/lua
[14:15:51.641][info] [#0:script/workspace/loading.lua:100]: Preload file at: file:///usr/share/nvim/runtime/lua/vim/keymap.lua , size = 3.683 KB
[14:15:51.646][info] [#0:script/workspace/loading.lua:112]: ++++As library of:	file:///usr/share/nvim/runtime/lua
[14:15:51.647][info] [#0:script/workspace/loading.lua:100]: Preload file at: file:///usr/share/nvim/runtime/lua/vim/secure.lua , size = 6.484 KB
[14:15:51.656][info] [#0:script/workspace/loading.lua:112]: ++++As library of:	file:///usr/share/nvim/runtime/lua
[14:15:51.656][info] [#0:script/workspace/loading.lua:100]: Preload file at: file:///usr/share/nvim/runtime/lua/vim/snippet.lua , size = 19.590 KB
[14:15:51.681][info] [#0:script/workspace/loading.lua:112]: ++++As library of:	file:///usr/share/nvim/runtime/lua
[14:15:51.682][info] [#0:script/workspace/loading.lua:100]: Preload file at: file:///usr/share/nvim/runtime/lua/vim/_defaults.lua , size = 32.274 KB
[14:15:51.720][info] [#0:script/workspace/loading.lua:112]: ++++As library of:	file:///usr/share/nvim/runtime/lua
[14:15:51.720][info] [#0:script/workspace/loading.lua:100]: Preload file at: file:///usr/share/nvim/runtime/lua/vim/health.lua , size = 15.680 KB
[14:15:51.739][info] [#0:script/workspace/loading.lua:112]: ++++As library of:	file:///usr/share/nvim/runtime/lua
[14:15:51.740][info] [#0:script/workspace/loading.lua:100]: Preload file at: file:///usr/share/nvim/runtime/lua/vim/_inspector.lua , size = 7.775 KB
[14:15:51.750][info] [#0:script/workspace/loading.lua:112]: ++++As library of:	file:///usr/share/nvim/runtime/lua
[14:15:51.750][info] [#0:script/workspace/loading.lua:100]: Preload file at: file:///usr/share/nvim/runtime/lua/vim/_system.lua , size = 9.805 KB
[14:15:51.766][info] [#0:script/workspace/loading.lua:112]: ++++As library of:	file:///usr/share/nvim/runtime/lua
[14:15:51.767][info] [#0:script/workspace/loading.lua:100]: Preload file at: file:///usr/share/nvim/runtime/lua/vim/health/health.lua , size = 12.863 KB
[14:15:51.783][info] [#0:script/workspace/loading.lua:112]: ++++As library of:	file:///usr/share/nvim/runtime/lua
[14:15:51.783][info] [#0:script/workspace/loading.lua:100]: Preload file at: file:///usr/share/nvim/runtime/lua/vim/provider.lua , size = 0.197 KB
[14:15:51.784][info] [#0:script/workspace/loading.lua:112]: ++++As library of:	file:///usr/share/nvim/runtime/lua
[14:15:51.784][info] [#0:script/workspace/loading.lua:100]: Preload file at: file:///usr/share/nvim/runtime/lua/vim/deprecated/health.lua , size = 1.260 KB
[14:15:51.787][info] [#0:script/workspace/loading.lua:112]: ++++As library of:	file:///usr/share/nvim/runtime/lua
[14:15:51.787][info] [#0:script/workspace/loading.lua:100]: Preload file at: file:///usr/share/nvim/runtime/lua/vim/_ftplugin/lua.lua , size = 0.540 KB
[14:15:51.789][info] [#0:script/workspace/loading.lua:112]: ++++As library of:	file:///usr/share/nvim/runtime/lua
[14:15:51.789][info] [#0:script/workspace/loading.lua:100]: Preload file at: file:///usr/share/nvim/runtime/lua/vim/_editor.lua , size = 44.635 KB
[14:15:51.844][info] [#0:script/workspace/loading.lua:112]: ++++As library of:	file:///usr/share/nvim/runtime/lua
[14:15:51.844][info] [#0:script/workspace/loading.lua:100]: Preload file at: file:///usr/share/nvim/runtime/lua/vim/_init_packages.lua , size = 3.023 KB
[14:15:51.849][info] [#0:script/workspace/loading.lua:112]: ++++As library of:	file:///usr/share/nvim/runtime/lua
[14:15:51.850][info] [#0:script/workspace/loading.lua:100]: Preload file at: file:///home/khel/dotfiles/local/.local/share/nvim/mason/packages/lua-language-server/libexec/meta/LuaJIT%20en-us%20utf8/string.lua , size = 5.217 KB
[14:15:51.857][info] [#0:script/workspace/loading.lua:112]: ++++As library of:	file:///home/khel/dotfiles/local/.local/share/nvim/mason/packages/lua-language-server/libexec/meta/LuaJIT%20en-us%20utf8/string.lua
[14:15:51.857][info] [#0:script/workspace/loading.lua:100]: Preload file at: file:///home/khel/dotfiles/nvim/.config/nvim/lua/plugins/mason-workaround.lua , size = 0.118 KB
[14:15:51.858][info] [#0:script/workspace/loading.lua:112]: ++++As library of:	file:///home/khel/dotfiles/nvim/.config/nvim/lua
[14:15:51.858][info] [#0:script/workspace/loading.lua:100]: Preload file at: file:///home/khel/dotfiles/nvim/.config/nvim/lua/plugins/example.lua , size = 5.171 KB
[14:15:51.863][info] [#0:script/workspace/loading.lua:112]: ++++As library of:	file:///home/khel/dotfiles/nvim/.config/nvim/lua
[14:15:51.863][info] [#0:script/workspace/loading.lua:100]: Preload file at: file:///home/khel/dotfiles/nvim/.config/nvim/lua/plugins/tmux.lua , size = 0.266 KB
[14:15:51.864][info] [#0:script/workspace/loading.lua:112]: ++++As library of:	file:///home/khel/dotfiles/nvim/.config/nvim/lua
[14:15:51.864][info] [#0:script/workspace/loading.lua:100]: Preload file at: file:///home/khel/dotfiles/nvim/.config/nvim/lua/plugins/dadbod.lua , size = 0.393 KB
[14:15:51.864][info] [#0:script/workspace/loading.lua:112]: ++++As library of:	file:///home/khel/dotfiles/nvim/.config/nvim/lua
[14:15:51.865][info] [#0:script/workspace/loading.lua:100]: Preload file at: file:///home/khel/dotfiles/nvim/.config/nvim/lua/config/lazy.lua , size = 1.812 KB
[14:15:51.867][info] [#0:script/workspace/loading.lua:112]: ++++As library of:	file:///home/khel/dotfiles/nvim/.config/nvim/lua
[14:15:51.867][info] [#0:script/workspace/loading.lua:100]: Preload file at: file:///home/khel/dotfiles/nvim/.config/nvim/lua/config/options.lua , size = 0.207 KB
[14:15:51.867][info] [#0:script/workspace/loading.lua:112]: ++++As library of:	file:///home/khel/dotfiles/nvim/.config/nvim/lua
[14:15:51.868][info] [#0:script/workspace/loading.lua:88]: Skip loaded file: file:///home/khel/dotfiles/nvim/.config/nvim/lua/config/keymaps.lua
[14:15:51.868][info] [#0:script/workspace/loading.lua:112]: ++++As library of:	file:///home/khel/dotfiles/nvim/.config/nvim/lua
[14:15:51.868][info] [#0:script/workspace/loading.lua:100]: Preload file at: file:///home/khel/dotfiles/nvim/.config/nvim/lua/config/autocmds.lua , size = 0.414 KB
[14:15:51.868][info] [#0:script/workspace/loading.lua:112]: ++++As library of:	file:///home/khel/dotfiles/nvim/.config/nvim/lua
[14:15:51.868][info] [#0:script/workspace/loading.lua:100]: Preload file at: file:///home/khel/dotfiles/local/.local/share/nvim/lazy/lazy.nvim/lua/lazy/terminal.lua , size = 2.394 KB
[14:15:51.872][info] [#0:script/workspace/loading.lua:112]: ++++As library of:	file:///home/khel/dotfiles/local/.local/share/nvim/lazy/lazy.nvim/lua
[14:15:51.872][info] [#0:script/workspace/loading.lua:100]: Preload file at: file:///home/khel/dotfiles/local/.local/share/nvim/lazy/lazy.nvim/lua/lazy/docs.lua , size = 4.729 KB
[14:15:51.881][info] [#0:script/workspace/loading.lua:112]: ++++As library of:	file:///home/khel/dotfiles/local/.local/share/nvim/lazy/lazy.nvim/lua
[14:15:51.881][info] [#0:script/workspace/loading.lua:100]: Preload file at: file:///home/khel/dotfiles/local/.local/share/nvim/lazy/lazy.nvim/lua/lazy/async.lua , size = 4.302 KB
[14:15:51.891][info] [#0:script/workspace/loading.lua:112]: ++++As library of:	file:///home/khel/dotfiles/local/.local/share/nvim/lazy/lazy.nvim/lua
[14:15:51.891][info] [#0:script/workspace/loading.lua:100]: Preload file at: file:///home/khel/dotfiles/local/.local/share/nvim/lazy/lazy.nvim/lua/lazy/example.lua , size = 2.644 KB
[14:15:51.893][info] [#0:script/workspace/loading.lua:112]: ++++As library of:	file:///home/khel/dotfiles/local/.local/share/nvim/lazy/lazy.nvim/lua
[14:15:51.893][info] [#0:script/workspace/loading.lua:100]: Preload file at: file:///home/khel/dotfiles/local/.local/share/nvim/lazy/lazy.nvim/lua/lazy/manage/reloader.lua , size = 2.817 KB
[14:15:51.898][info] [#0:script/workspace/loading.lua:112]: ++++As library of:	file:///home/khel/dotfiles/local/.local/share/nvim/lazy/lazy.nvim/lua
[14:15:51.899][info] [#0:script/workspace/loading.lua:100]: Preload file at: file:///home/khel/dotfiles/local/.local/share/nvim/lazy/lazy.nvim/lua/lazy/manage/lock.lua , size = 1.668 KB
[14:15:51.903][info] [#0:script/workspace/loading.lua:112]: ++++As library of:	file:///home/khel/dotfiles/local/.local/share/nvim/lazy/lazy.nvim/lua
[14:15:51.903][info] [#0:script/workspace/loading.lua:100]: Preload file at: file:///home/khel/dotfiles/local/.local/share/nvim/lazy/lazy.nvim/lua/lazy/manage/git.lua , size = 6.279 KB
[14:15:51.913][info] [#0:script/workspace/loading.lua:112]: ++++As library of:	file:///home/khel/dotfiles/local/.local/share/nvim/lazy/lazy.nvim/lua
[14:15:51.913][info] [#0:script/workspace/loading.lua:100]: Preload file at: file:///home/khel/dotfiles/local/.local/share/nvim/lazy/lazy.nvim/lua/lazy/manage/init.lua , size = 5.940 KB
[14:15:51.923][info] [#0:script/workspace/loading.lua:112]: ++++As library of:	file:///home/khel/dotfiles/local/.local/share/nvim/lazy/lazy.nvim/lua
[14:15:51.923][info] [#0:script/workspace/loading.lua:100]: Preload file at: file:///home/khel/dotfiles/local/.local/share/nvim/lazy/lazy.nvim/lua/lazy/manage/task/plugin.lua , size = 2.765 KB
[14:15:51.928][info] [#0:script/workspace/loading.lua:112]: ++++As library of:	file:///home/khel/dotfiles/local/.local/share/nvim/lazy/lazy.nvim/lua
[14:15:51.929][info] [#0:script/workspace/loading.lua:100]: Preload file at: file:///home/khel/dotfiles/local/.local/share/nvim/lazy/lazy.nvim/lua/lazy/manage/task/init.lua , size = 5.805 KB
[14:15:51.943][info] [#0:script/workspace/loading.lua:112]: ++++As library of:	file:///home/khel/dotfiles/local/.local/share/nvim/lazy/lazy.nvim/lua
[14:15:51.943][info] [#0:script/workspace/loading.lua:100]: Preload file at: file:///home/khel/dotfiles/local/.local/share/nvim/lazy/lazy.nvim/lua/lazy/manage/task/git.lua , size = 10.135 KB
[14:15:51.957][info] [#0:script/workspace/loading.lua:112]: ++++As library of:	file:///home/khel/dotfiles/local/.local/share/nvim/lazy/lazy.nvim/lua
[14:15:51.957][info] [#0:script/workspace/loading.lua:100]: Preload file at: file:///home/khel/dotfiles/local/.local/share/nvim/lazy/lazy.nvim/lua/lazy/manage/task/fs.lua , size = 1.002 KB
[14:15:51.960][info] [#0:script/workspace/loading.lua:112]: ++++As library of:	file:///home/khel/dotfiles/local/.local/share/nvim/lazy/lazy.nvim/lua
[14:15:51.960][info] [#0:script/workspace/loading.lua:100]: Preload file at: file:///home/khel/dotfiles/local/.local/share/nvim/lazy/lazy.nvim/lua/lazy/manage/runner.lua , size = 4.847 KB
[14:15:51.969][info] [#0:script/workspace/loading.lua:112]: ++++As library of:	file:///home/khel/dotfiles/local/.local/share/nvim/lazy/lazy.nvim/lua
[14:15:51.969][info] [#0:script/workspace/loading.lua:100]: Preload file at: file:///home/khel/dotfiles/local/.local/share/nvim/lazy/lazy.nvim/lua/lazy/manage/process.lua , size = 5.447 KB
[14:15:52.203][warn] [#0:script/files.lua:704]: Compile [file:///home/khel/dotfiles/local/.local/share/nvim/lazy/lazy.nvim/lua/lazy/manage/process.lua] takes [0.231] sec, size [5.578] kb.
[14:15:52.208][info] [#0:script/workspace/loading.lua:112]: ++++As library of:	file:///home/khel/dotfiles/local/.local/share/nvim/lazy/lazy.nvim/lua
[14:15:52.209][info] [#0:script/workspace/loading.lua:100]: Preload file at: file:///home/khel/dotfiles/local/.local/share/nvim/lazy/lazy.nvim/lua/lazy/manage/checker.lua , size = 2.479 KB
[14:15:52.214][info] [#0:script/workspace/loading.lua:112]: ++++As library of:	file:///home/khel/dotfiles/local/.local/share/nvim/lazy/lazy.nvim/lua
[14:15:52.214][info] [#0:script/workspace/loading.lua:100]: Preload file at: file:///home/khel/dotfiles/local/.local/share/nvim/lazy/lazy.nvim/lua/lazy/minit.lua , size = 4.986 KB
[14:15:52.224][info] [#0:script/workspace/loading.lua:112]: ++++As library of:	file:///home/khel/dotfiles/local/.local/share/nvim/lazy/lazy.nvim/lua
[14:15:52.224][info] [#0:script/workspace/loading.lua:100]: Preload file at: file:///home/khel/dotfiles/local/.local/share/nvim/lazy/lazy.nvim/lua/lazy/manage/semver.lua , size = 4.455 KB
[14:15:52.233][info] [#0:script/workspace/loading.lua:112]: ++++As library of:	file:///home/khel/dotfiles/local/.local/share/nvim/lazy/lazy.nvim/lua
[14:15:52.233][info] [#0:script/workspace/loading.lua:100]: Preload file at: file:///home/khel/dotfiles/local/.local/share/nvim/lazy/lazy.nvim/lua/lazy/stats.lua , size = 2.153 KB
[14:15:52.237][info] [#0:script/workspace/loading.lua:112]: ++++As library of:	file:///home/khel/dotfiles/local/.local/share/nvim/lazy/lazy.nvim/lua
[14:15:52.238][info] [#0:script/workspace/loading.lua:100]: Preload file at: file:///home/khel/dotfiles/local/.local/share/nvim/lazy/lazy.nvim/lua/lazy/init.lua , size = 3.749 KB
[14:15:52.245][info] [#0:script/workspace/loading.lua:112]: ++++As library of:	file:///home/khel/dotfiles/local/.local/share/nvim/lazy/lazy.nvim/lua
[14:15:52.245][info] [#0:script/workspace/loading.lua:100]: Preload file at: file:///home/khel/dotfiles/local/.local/share/nvim/lazy/lazy.nvim/lua/lazy/build.lua , size = 3.018 KB
[14:15:52.251][info] [#0:script/workspace/loading.lua:112]: ++++As library of:	file:///home/khel/dotfiles/local/.local/share/nvim/lazy/lazy.nvim/lua
[14:15:52.251][info] [#0:script/workspace/loading.lua:100]: Preload file at: file:///home/khel/dotfiles/local/.local/share/nvim/lazy/lazy.nvim/lua/lazy/pkg/init.lua , size = 3.028 KB
[14:15:52.257][info] [#0:script/workspace/loading.lua:112]: ++++As library of:	file:///home/khel/dotfiles/local/.local/share/nvim/lazy/lazy.nvim/lua
[14:15:52.258][info] [#0:script/workspace/loading.lua:100]: Preload file at: file:///home/khel/dotfiles/local/.local/share/nvim/lazy/lazy.nvim/lua/lazy/pkg/packspec.lua , size = 1.137 KB
[14:15:52.260][info] [#0:script/workspace/loading.lua:112]: ++++As library of:	file:///home/khel/dotfiles/local/.local/share/nvim/lazy/lazy.nvim/lua
[14:15:52.261][info] [#0:script/workspace/loading.lua:100]: Preload file at: file:///home/khel/dotfiles/local/.local/share/nvim/lazy/lazy.nvim/lua/lazy/pkg/lazy.lua , size = 0.720 KB
[14:15:52.262][info] [#0:script/workspace/loading.lua:112]: ++++As library of:	file:///home/khel/dotfiles/local/.local/share/nvim/lazy/lazy.nvim/lua
[14:15:52.262][info] [#0:script/workspace/loading.lua:100]: Preload file at: file:///home/khel/dotfiles/local/.local/share/nvim/lazy/lazy.nvim/lua/lazy/pkg/rockspec.lua , size = 8.005 KB
[14:15:52.275][info] [#0:script/workspace/loading.lua:112]: ++++As library of:	file:///home/khel/dotfiles/local/.local/share/nvim/lazy/lazy.nvim/lua
[14:15:52.275][info] [#0:script/workspace/loading.lua:100]: Preload file at: file:///home/khel/dotfiles/local/.local/share/nvim/lazy/lazy.nvim/lua/lazy/health.lua , size = 5.792 KB
[14:15:52.284][info] [#0:script/workspace/loading.lua:112]: ++++As library of:	file:///home/khel/dotfiles/local/.local/share/nvim/lazy/lazy.nvim/lua
[14:15:52.284][info] [#0:script/workspace/loading.lua:100]: Preload file at: file:///home/khel/dotfiles/local/.local/share/nvim/lazy/lazy.nvim/lua/lazy/util.lua , size = 6.888 KB
[14:15:52.297][info] [#0:script/workspace/loading.lua:112]: ++++As library of:	file:///home/khel/dotfiles/local/.local/share/nvim/lazy/lazy.nvim/lua
[14:15:52.297][info] [#0:script/workspace/loading.lua:100]: Preload file at: file:///home/khel/dotfiles/local/.local/share/nvim/lazy/lazy.nvim/lua/lazy/status.lua , size = 0.353 KB
[14:15:52.299][info] [#0:script/workspace/loading.lua:112]: ++++As library of:	file:///home/khel/dotfiles/local/.local/share/nvim/lazy/lazy.nvim/lua
[14:15:52.299][info] [#0:script/workspace/loading.lua:100]: Preload file at: file:///home/khel/dotfiles/local/.local/share/nvim/lazy/lazy.nvim/lua/lazy/types.lua , size = 3.755 KB
[14:15:52.306][info] [#0:script/workspace/loading.lua:112]: ++++As library of:	file:///home/khel/dotfiles/local/.local/share/nvim/lazy/lazy.nvim/lua
[14:15:52.307][info] [#0:script/workspace/loading.lua:100]: Preload file at: file:///home/khel/dotfiles/local/.local/share/nvim/lazy/lazy.nvim/lua/lazy/state.lua , size = 0.859 KB
[14:15:52.309][info] [#0:script/workspace/loading.lua:112]: ++++As library of:	file:///home/khel/dotfiles/local/.local/share/nvim/lazy/lazy.nvim/lua
[14:15:52.309][info] [#0:script/workspace/loading.lua:100]: Preload file at: file:///home/khel/dotfiles/local/.local/share/nvim/lazy/lazy.nvim/lua/lazy/core/meta.lua , size = 9.738 KB
[14:15:52.324][info] [#0:script/workspace/loading.lua:112]: ++++As library of:	file:///home/khel/dotfiles/local/.local/share/nvim/lazy/lazy.nvim/lua
[14:15:52.324][info] [#0:script/workspace/loading.lua:100]: Preload file at: file:///home/khel/dotfiles/local/.local/share/nvim/lazy/lazy.nvim/lua/lazy/core/handler/ft.lua , size = 0.442 KB
[14:15:52.325][info] [#0:script/workspace/loading.lua:112]: ++++As library of:	file:///home/khel/dotfiles/local/.local/share/nvim/lazy/lazy.nvim/lua
[14:15:52.327][info] [#0:script/workspace/loading.lua:100]: Preload file at: file:///home/khel/dotfiles/local/.local/share/nvim/lazy/lazy.nvim/lua/lazy/core/handler/init.lua , size = 3.170 KB
[14:15:52.333][info] [#0:script/workspace/loading.lua:112]: ++++As library of:	file:///home/khel/dotfiles/local/.local/share/nvim/lazy/lazy.nvim/lua
[14:15:52.334][info] [#0:script/workspace/loading.lua:100]: Preload file at: file:///home/khel/dotfiles/local/.local/share/nvim/lazy/lazy.nvim/lua/lazy/core/handler/cmd.lua , size = 1.638 KB
[14:15:52.337][info] [#0:script/workspace/loading.lua:112]: ++++As library of:	file:///home/khel/dotfiles/local/.local/share/nvim/lazy/lazy.nvim/lua
[14:15:52.337][info] [#0:script/workspace/loading.lua:100]: Preload file at: file:///home/khel/dotfiles/local/.local/share/nvim/lazy/lazy.nvim/lua/lazy/core/handler/keys.lua , size = 5.302 KB
[14:15:52.346][info] [#0:script/workspace/loading.lua:112]: ++++As library of:	file:///home/khel/dotfiles/local/.local/share/nvim/lazy/lazy.nvim/lua
[14:15:52.346][info] [#0:script/workspace/loading.lua:100]: Preload file at: file:///home/khel/dotfiles/local/.local/share/nvim/lazy/lazy.nvim/lua/lazy/core/handler/event.lua , size = 4.956 KB
[14:15:52.354][info] [#0:script/workspace/loading.lua:112]: ++++As library of:	file:///home/khel/dotfiles/local/.local/share/nvim/lazy/lazy.nvim/lua
[14:15:52.354][info] [#0:script/workspace/loading.lua:100]: Preload file at: file:///home/khel/dotfiles/local/.local/share/nvim/lazy/lazy.nvim/lua/lazy/core/plugin.lua , size = 12.370 KB
[14:15:52.373][info] [#0:script/workspace/loading.lua:112]: ++++As library of:	file:///home/khel/dotfiles/local/.local/share/nvim/lazy/lazy.nvim/lua
[14:15:52.373][info] [#0:script/workspace/loading.lua:100]: Preload file at: file:///home/khel/dotfiles/local/.local/share/nvim/lazy/lazy.nvim/lua/lazy/core/config.lua , size = 12.013 KB
[14:15:52.385][info] [#0:script/workspace/loading.lua:112]: ++++As library of:	file:///home/khel/dotfiles/local/.local/share/nvim/lazy/lazy.nvim/lua
[14:15:52.386][info] [#0:script/workspace/loading.lua:100]: Preload file at: file:///home/khel/dotfiles/local/.local/share/nvim/lazy/lazy.nvim/lua/lazy/core/cache.lua , size = 16.584 KB
[14:15:52.409][info] [#0:script/workspace/loading.lua:112]: ++++As library of:	file:///home/khel/dotfiles/local/.local/share/nvim/lazy/lazy.nvim/lua
[14:15:52.409][info] [#0:script/workspace/loading.lua:100]: Preload file at: file:///home/khel/dotfiles/local/.local/share/nvim/lazy/lazy.nvim/lua/lazy/core/loader.lua , size = 14.966 KB
[14:15:52.429][info] [#0:script/workspace/loading.lua:112]: ++++As library of:	file:///home/khel/dotfiles/local/.local/share/nvim/lazy/lazy.nvim/lua
[14:15:52.430][info] [#0:script/workspace/loading.lua:100]: Preload file at: file:///home/khel/dotfiles/local/.local/share/nvim/lazy/lazy.nvim/lua/lazy/core/util.lua , size = 12.348 KB
[14:15:52.450][info] [#0:script/workspace/loading.lua:112]: ++++As library of:	file:///home/khel/dotfiles/local/.local/share/nvim/lazy/lazy.nvim/lua
[14:15:52.450][info] [#0:script/workspace/loading.lua:100]: Preload file at: file:///home/khel/dotfiles/local/.local/share/nvim/lazy/lazy.nvim/lua/lazy/core/fragments.lua , size = 4.215 KB
[14:15:52.457][info] [#0:script/workspace/loading.lua:112]: ++++As library of:	file:///home/khel/dotfiles/local/.local/share/nvim/lazy/lazy.nvim/lua
[14:15:52.459][info] [#0:script/workspace/loading.lua:100]: Preload file at: file:///home/khel/dotfiles/local/.local/share/nvim/lazy/lazy.nvim/lua/lazy/community/specs.lua , size = 0.115 KB
[14:15:52.459][info] [#0:script/workspace/loading.lua:112]: ++++As library of:	file:///home/khel/dotfiles/local/.local/share/nvim/lazy/lazy.nvim/lua
[14:15:52.460][info] [#0:script/workspace/loading.lua:100]: Preload file at: file:///home/khel/dotfiles/local/.local/share/nvim/lazy/lazy.nvim/lua/lazy/community/init.lua , size = 0.511 KB
[14:15:52.461][info] [#0:script/workspace/loading.lua:112]: ++++As library of:	file:///home/khel/dotfiles/local/.local/share/nvim/lazy/lazy.nvim/lua
[14:15:52.461][info] [#0:script/workspace/loading.lua:100]: Preload file at: file:///home/khel/dotfiles/local/.local/share/nvim/lazy/lazy.nvim/lua/lazy/view/sections.lua , size = 2.430 KB
[14:15:52.464][info] [#0:script/workspace/loading.lua:112]: ++++As library of:	file:///home/khel/dotfiles/local/.local/share/nvim/lazy/lazy.nvim/lua
[14:15:52.465][info] [#0:script/workspace/loading.lua:100]: Preload file at: file:///home/khel/dotfiles/local/.local/share/nvim/lazy/lazy.nvim/lua/lazy/community/_generated.lua , size = 60.994 KB
[14:15:52.505][info] [#0:script/workspace/loading.lua:112]: ++++As library of:	file:///home/khel/dotfiles/local/.local/share/nvim/lazy/lazy.nvim/lua
[14:15:52.506][info] [#0:script/workspace/loading.lua:100]: Preload file at: file:///home/khel/dotfiles/local/.local/share/nvim/lazy/lazy.nvim/lua/lazy/view/config.lua , size = 3.507 KB
[14:15:52.510][info] [#0:script/workspace/loading.lua:112]: ++++As library of:	file:///home/khel/dotfiles/local/.local/share/nvim/lazy/lazy.nvim/lua
[14:15:52.510][info] [#0:script/workspace/loading.lua:100]: Preload file at: file:///home/khel/dotfiles/local/.local/share/nvim/lazy/lazy.nvim/lua/lazy/view/text.lua , size = 3.813 KB
[14:15:52.517][info] [#0:script/workspace/loading.lua:112]: ++++As library of:	file:///home/khel/dotfiles/local/.local/share/nvim/lazy/lazy.nvim/lua
[14:15:52.518][info] [#0:script/workspace/loading.lua:100]: Preload file at: file:///home/khel/dotfiles/local/.local/share/nvim/lazy/lazy.nvim/lua/lazy/view/commands.lua , size = 3.899 KB
[14:15:52.524][info] [#0:script/workspace/loading.lua:112]: ++++As library of:	file:///home/khel/dotfiles/local/.local/share/nvim/lazy/lazy.nvim/lua
[14:15:52.524][info] [#0:script/workspace/loading.lua:100]: Preload file at: file:///home/khel/dotfiles/local/.local/share/nvim/lazy/lazy.nvim/lua/lazy/view/init.lua , size = 9.394 KB
[14:15:52.539][info] [#0:script/workspace/loading.lua:112]: ++++As library of:	file:///home/khel/dotfiles/local/.local/share/nvim/lazy/lazy.nvim/lua
[14:15:52.539][info] [#0:script/workspace/loading.lua:100]: Preload file at: file:///home/khel/dotfiles/local/.local/share/nvim/lazy/lazy.nvim/lua/lazy/view/float.lua , size = 9.536 KB
[14:15:52.556][info] [#0:script/workspace/loading.lua:112]: ++++As library of:	file:///home/khel/dotfiles/local/.local/share/nvim/lazy/lazy.nvim/lua
[14:15:52.556][info] [#0:script/workspace/loading.lua:100]: Preload file at: file:///home/khel/dotfiles/local/.local/share/nvim/lazy/lazy.nvim/lua/lazy/view/render.lua , size = 23.064 KB
[14:15:52.593][info] [#0:script/workspace/loading.lua:112]: ++++As library of:	file:///home/khel/dotfiles/local/.local/share/nvim/lazy/lazy.nvim/lua
[14:15:52.594][info] [#0:script/workspace/loading.lua:100]: Preload file at: file:///home/khel/dotfiles/local/.local/share/nvim/lazy/lazy.nvim/lua/lazy/view/colors.lua , size = 1.820 KB
[14:15:52.596][info] [#0:script/workspace/loading.lua:112]: ++++As library of:	file:///home/khel/dotfiles/local/.local/share/nvim/lazy/lazy.nvim/lua
[14:15:52.596][info] [#0:script/workspace/loading.lua:100]: Preload file at: file:///home/khel/dotfiles/local/.local/share/nvim/lazy/lazy.nvim/lua/lazy/view/diff.lua , size = 1.585 KB
[14:15:52.599][info] [#0:script/workspace/loading.lua:112]: ++++As library of:	file:///home/khel/dotfiles/local/.local/share/nvim/lazy/lazy.nvim/lua
[14:15:52.599][info] [#0:script/workspace/loading.lua:100]: Preload file at: file:///home/khel/dotfiles/local/.local/share/nvim/lazy/lazy.nvim/lua/lazy/help.lua , size = 2.216 KB
[14:15:52.603][info] [#0:script/workspace/loading.lua:112]: ++++As library of:	file:///home/khel/dotfiles/local/.local/share/nvim/lazy/lazy.nvim/lua
[14:15:52.604][info] [#0:script/workspace/loading.lua:100]: Preload file at: file:///home/khel/dotfiles/local/.local/share/nvim/mason/packages/lua-language-server/libexec/meta/LuaJIT%20en-us%20utf8/ffi.lua , size = 2.529 KB
[14:15:52.609][info] [#0:script/workspace/loading.lua:112]: ++++As library of:	file:///home/khel/dotfiles/local/.local/share/nvim/mason/packages/lua-language-server/libexec/meta/LuaJIT%20en-us%20utf8/ffi.lua
[14:15:52.609][info] [#0:script/workspace/loading.lua:100]: Preload file at: file:///home/khel/dotfiles/local/.local/share/nvim/mason/packages/lua-language-server/libexec/meta/LuaJIT%20en-us%20utf8/math.lua , size = 7.982 KB
[14:15:52.619][info] [#0:script/workspace/loading.lua:112]: ++++As library of:	file:///home/khel/dotfiles/local/.local/share/nvim/mason/packages/lua-language-server/libexec/meta/LuaJIT%20en-us%20utf8/math.lua
[14:15:52.619][info] [#0:script/workspace/loading.lua:100]: Preload file at: file:///home/khel/dotfiles/local/.local/share/nvim/lazy/LazyVim/lua/lazyvim/util/deprecated.lua , size = 1.525 KB
[14:15:52.622][info] [#0:script/workspace/loading.lua:112]: ++++As library of:	file:///home/khel/dotfiles/local/.local/share/nvim/lazy/LazyVim/lua
[14:15:52.622][info] [#0:script/workspace/loading.lua:100]: Preload file at: file:///home/khel/dotfiles/local/.local/share/nvim/lazy/LazyVim/lua/lazyvim/util/terminal.lua , size = 1.168 KB
[14:15:52.624][info] [#0:script/workspace/loading.lua:112]: ++++As library of:	file:///home/khel/dotfiles/local/.local/share/nvim/lazy/LazyVim/lua
[14:15:52.624][info] [#0:script/workspace/loading.lua:100]: Preload file at: file:///home/khel/dotfiles/local/.local/share/nvim/lazy/LazyVim/lua/lazyvim/util/lsp.lua , size = 6.902 KB
[14:15:52.634][info] [#0:script/workspace/loading.lua:112]: ++++As library of:	file:///home/khel/dotfiles/local/.local/share/nvim/lazy/LazyVim/lua
[14:15:52.635][info] [#0:script/workspace/loading.lua:100]: Preload file at: file:///home/khel/dotfiles/local/.local/share/nvim/lazy/LazyVim/lua/lazyvim/util/plugin.lua , size = 4.246 KB
[14:15:52.639][info] [#0:script/workspace/loading.lua:112]: ++++As library of:	file:///home/khel/dotfiles/local/.local/share/nvim/lazy/LazyVim/lua
[14:15:52.639][info] [#0:script/workspace/loading.lua:100]: Preload file at: file:///home/khel/dotfiles/local/.local/share/nvim/lazy/LazyVim/lua/lazyvim/util/root.lua , size = 5.578 KB
[14:15:52.649][info] [#0:script/workspace/loading.lua:112]: ++++As library of:	file:///home/khel/dotfiles/local/.local/share/nvim/lazy/LazyVim/lua
[14:15:52.649][info] [#0:script/workspace/loading.lua:100]: Preload file at: file:///home/khel/dotfiles/local/.local/share/nvim/lazy/LazyVim/lua/lazyvim/util/init.lua , size = 7.317 KB
[14:15:52.660][info] [#0:script/workspace/loading.lua:112]: ++++As library of:	file:///home/khel/dotfiles/local/.local/share/nvim/lazy/LazyVim/lua
[14:15:52.660][info] [#0:script/workspace/loading.lua:100]: Preload file at: file:///home/khel/dotfiles/local/.local/share/nvim/lazy/LazyVim/lua/lazyvim/util/mini.lua , size = 4.214 KB
[14:15:52.666][info] [#0:script/workspace/loading.lua:112]: ++++As library of:	file:///home/khel/dotfiles/local/.local/share/nvim/lazy/LazyVim/lua
[14:15:52.667][info] [#0:script/workspace/loading.lua:100]: Preload file at: file:///home/khel/dotfiles/local/.local/share/nvim/lazy/LazyVim/lua/lazyvim/util/news.lua , size = 2.121 KB
[14:15:52.671][info] [#0:script/workspace/loading.lua:112]: ++++As library of:	file:///home/khel/dotfiles/local/.local/share/nvim/lazy/LazyVim/lua
[14:15:52.671][info] [#0:script/workspace/loading.lua:100]: Preload file at: file:///home/khel/dotfiles/local/.local/share/nvim/lazy/LazyVim/lua/lazyvim/util/pick.lua , size = 1.844 KB
[14:15:52.674][info] [#0:script/workspace/loading.lua:112]: ++++As library of:	file:///home/khel/dotfiles/local/.local/share/nvim/lazy/LazyVim/lua
[14:15:52.674][info] [#0:script/workspace/loading.lua:100]: Preload file at: file:///home/khel/dotfiles/local/.local/share/nvim/lazy/LazyVim/lua/lazyvim/util/cmp.lua , size = 5.561 KB
[14:15:52.683][info] [#0:script/workspace/loading.lua:112]: ++++As library of:	file:///home/khel/dotfiles/local/.local/share/nvim/lazy/LazyVim/lua
[14:15:52.683][info] [#0:script/workspace/loading.lua:100]: Preload file at: file:///home/khel/dotfiles/local/.local/share/nvim/lazy/LazyVim/lua/lazyvim/util/format.lua , size = 5.351 KB
[14:15:52.692][info] [#0:script/workspace/loading.lua:112]: ++++As library of:	file:///home/khel/dotfiles/local/.local/share/nvim/lazy/LazyVim/lua
[14:15:52.692][info] [#0:script/workspace/loading.lua:100]: Preload file at: file:///home/khel/dotfiles/local/.local/share/nvim/lazy/LazyVim/lua/lazyvim/util/json.lua , size = 3.443 KB
[14:15:52.697][info] [#0:script/workspace/loading.lua:112]: ++++As library of:	file:///home/khel/dotfiles/local/.local/share/nvim/lazy/LazyVim/lua
[14:15:52.697][info] [#0:script/workspace/loading.lua:100]: Preload file at: file:///home/khel/dotfiles/local/.local/share/nvim/lazy/LazyVim/lua/lazyvim/util/inject.lua , size = 0.864 KB
[14:15:52.699][info] [#0:script/workspace/loading.lua:112]: ++++As library of:	file:///home/khel/dotfiles/local/.local/share/nvim/lazy/LazyVim/lua
[14:15:52.700][info] [#0:script/workspace/loading.lua:100]: Preload file at: file:///home/khel/dotfiles/local/.local/share/nvim/lazy/LazyVim/lua/lazyvim/util/ui.lua , size = 0.745 KB
[14:15:52.702][info] [#0:script/workspace/loading.lua:112]: ++++As library of:	file:///home/khel/dotfiles/local/.local/share/nvim/lazy/LazyVim/lua
[14:15:52.702][info] [#0:script/workspace/loading.lua:100]: Preload file at: file:///home/khel/dotfiles/local/.local/share/nvim/lazy/LazyVim/lua/lazyvim/util/extras.lua , size = 9.910 KB
[14:15:52.719][info] [#0:script/workspace/loading.lua:112]: ++++As library of:	file:///home/khel/dotfiles/local/.local/share/nvim/lazy/LazyVim/lua
[14:15:52.719][info] [#0:script/workspace/loading.lua:100]: Preload file at: file:///home/khel/dotfiles/local/.local/share/nvim/lazy/LazyVim/lua/lazyvim/util/lualine.lua , size = 4.914 KB
[14:15:52.728][info] [#0:script/workspace/loading.lua:112]: ++++As library of:	file:///home/khel/dotfiles/local/.local/share/nvim/lazy/LazyVim/lua
[14:15:52.729][info] [#0:script/workspace/loading.lua:100]: Preload file at: file:///home/khel/dotfiles/local/.local/share/nvim/lazy/LazyVim/lua/lazyvim/plugins/colorscheme.lua , size = 1.508 KB
[14:15:52.731][info] [#0:script/workspace/loading.lua:112]: ++++As library of:	file:///home/khel/dotfiles/local/.local/share/nvim/lazy/LazyVim/lua
[14:15:52.731][info] [#0:script/workspace/loading.lua:100]: Preload file at: file:///home/khel/dotfiles/local/.local/share/nvim/lazy/LazyVim/lua/lazyvim/plugins/linting.lua , size = 3.503 KB
[14:15:52.735][info] [#0:script/workspace/loading.lua:112]: ++++As library of:	file:///home/khel/dotfiles/local/.local/share/nvim/lazy/LazyVim/lua
[14:15:52.735][info] [#0:script/workspace/loading.lua:100]: Preload file at: file:///home/khel/dotfiles/local/.local/share/nvim/lazy/LazyVim/lua/lazyvim/plugins/init.lua , size = 0.827 KB
[14:15:52.737][info] [#0:script/workspace/loading.lua:112]: ++++As library of:	file:///home/khel/dotfiles/local/.local/share/nvim/lazy/LazyVim/lua
[14:15:52.737][info] [#0:script/workspace/loading.lua:100]: Preload file at: file:///home/khel/dotfiles/local/.local/share/nvim/lazy/LazyVim/lua/lazyvim/plugins/lsp/init.lua , size = 10.145 KB
[14:15:52.748][info] [#0:script/workspace/loading.lua:112]: ++++As library of:	file:///home/khel/dotfiles/local/.local/share/nvim/lazy/LazyVim/lua
[14:15:52.748][info] [#0:script/workspace/loading.lua:100]: Preload file at: file:///home/khel/dotfiles/local/.local/share/nvim/lazy/LazyVim/lua/lazyvim/plugins/lsp/keymaps.lua , size = 4.052 KB
[14:15:52.755][info] [#0:script/workspace/loading.lua:112]: ++++As library of:	file:///home/khel/dotfiles/local/.local/share/nvim/lazy/LazyVim/lua
[14:15:52.755][info] [#0:script/workspace/loading.lua:100]: Preload file at: file:///home/khel/dotfiles/local/.local/share/nvim/lazy/LazyVim/lua/lazyvim/plugins/xtras.lua , size = 1.869 KB
[14:15:52.759][info] [#0:script/workspace/loading.lua:112]: ++++As library of:	file:///home/khel/dotfiles/local/.local/share/nvim/lazy/LazyVim/lua
[14:15:52.759][info] [#0:script/workspace/loading.lua:100]: Preload file at: file:///home/khel/dotfiles/local/.local/share/nvim/lazy/LazyVim/lua/lazyvim/plugins/extras/util/octo.lua , size = 2.780 KB
[14:15:52.762][info] [#0:script/workspace/loading.lua:112]: ++++As library of:	file:///home/khel/dotfiles/local/.local/share/nvim/lazy/LazyVim/lua
[14:15:52.762][info] [#0:script/workspace/loading.lua:100]: Preload file at: file:///home/khel/dotfiles/local/.local/share/nvim/lazy/LazyVim/lua/lazyvim/plugins/extras/util/gitui.lua , size = 0.782 KB
[14:15:52.763][info] [#0:script/workspace/loading.lua:112]: ++++As library of:	file:///home/khel/dotfiles/local/.local/share/nvim/lazy/LazyVim/lua
[14:15:52.764][info] [#0:script/workspace/loading.lua:100]: Preload file at: file:///home/khel/dotfiles/local/.local/share/nvim/lazy/LazyVim/lua/lazyvim/plugins/extras/util/project.lua , size = 4.702 KB
[14:15:52.769][info] [#0:script/workspace/loading.lua:112]: ++++As library of:	file:///home/khel/dotfiles/local/.local/share/nvim/lazy/LazyVim/lua
[14:15:52.769][info] [#0:script/workspace/loading.lua:100]: Preload file at: file:///home/khel/dotfiles/local/.local/share/nvim/lazy/LazyVim/lua/lazyvim/plugins/extras/util/dot.lua , size = 1.398 KB
[14:15:52.772][info] [#0:script/workspace/loading.lua:112]: ++++As library of:	file:///home/khel/dotfiles/local/.local/share/nvim/lazy/LazyVim/lua
[14:15:52.772][info] [#0:script/workspace/loading.lua:100]: Preload file at: file:///home/khel/dotfiles/local/.local/share/nvim/lazy/LazyVim/lua/lazyvim/plugins/extras/util/mini-hipatterns.lua , size = 8.486 KB
[14:15:52.783][info] [#0:script/workspace/loading.lua:112]: ++++As library of:	file:///home/khel/dotfiles/local/.local/share/nvim/lazy/LazyVim/lua
[14:15:52.783][info] [#0:script/workspace/loading.lua:100]: Preload file at: file:///home/khel/dotfiles/local/.local/share/nvim/lazy/LazyVim/lua/lazyvim/plugins/extras/util/startuptime.lua , size = 0.146 KB
[14:15:52.784][info] [#0:script/workspace/loading.lua:112]: ++++As library of:	file:///home/khel/dotfiles/local/.local/share/nvim/lazy/LazyVim/lua
[14:15:52.784][info] [#0:script/workspace/loading.lua:100]: Preload file at: file:///home/khel/dotfiles/local/.local/share/nvim/lazy/LazyVim/lua/lazyvim/plugins/extras/util/chezmoi.lua , size = 4.110 KB
[14:15:52.789][info] [#0:script/workspace/loading.lua:112]: ++++As library of:	file:///home/khel/dotfiles/local/.local/share/nvim/lazy/LazyVim/lua
[14:15:52.790][info] [#0:script/workspace/loading.lua:100]: Preload file at: file:///home/khel/dotfiles/local/.local/share/nvim/lazy/LazyVim/lua/lazyvim/plugins/extras/util/rest.lua , size = 1.679 KB
[14:15:52.792][info] [#0:script/workspace/loading.lua:112]: ++++As library of:	file:///home/khel/dotfiles/local/.local/share/nvim/lazy/LazyVim/lua
[14:15:52.792][info] [#0:script/workspace/loading.lua:100]: Preload file at: file:///home/khel/dotfiles/local/.local/share/nvim/lazy/LazyVim/lua/lazyvim/plugins/extras/test/core.lua , size = 4.863 KB
[14:15:52.798][info] [#0:script/workspace/loading.lua:112]: ++++As library of:	file:///home/khel/dotfiles/local/.local/share/nvim/lazy/LazyVim/lua
[14:15:52.798][info] [#0:script/workspace/loading.lua:100]: Preload file at: file:///home/khel/dotfiles/local/.local/share/nvim/lazy/LazyVim/lua/lazyvim/plugins/extras/ai/copilot-chat.lua , size = 2.072 KB
[14:15:52.801][info] [#0:script/workspace/loading.lua:112]: ++++As library of:	file:///home/khel/dotfiles/local/.local/share/nvim/lazy/LazyVim/lua
[14:15:52.801][info] [#0:script/workspace/loading.lua:100]: Preload file at: file:///home/khel/dotfiles/local/.local/share/nvim/lazy/LazyVim/lua/lazyvim/plugins/extras/ai/copilot.lua , size = 3.232 KB
[14:15:52.805][info] [#0:script/workspace/loading.lua:112]: ++++As library of:	file:///home/khel/dotfiles/local/.local/share/nvim/lazy/LazyVim/lua
[14:15:52.805][info] [#0:script/workspace/loading.lua:100]: Preload file at: file:///home/khel/dotfiles/local/.local/share/nvim/lazy/LazyVim/lua/lazyvim/plugins/extras/ai/codeium.lua , size = 1.620 KB
[14:15:52.807][info] [#0:script/workspace/loading.lua:112]: ++++As library of:	file:///home/khel/dotfiles/local/.local/share/nvim/lazy/LazyVim/lua
[14:15:52.807][info] [#0:script/workspace/loading.lua:100]: Preload file at: file:///home/khel/dotfiles/local/.local/share/nvim/lazy/LazyVim/lua/lazyvim/plugins/extras/ai/tabnine.lua , size = 1.509 KB
[14:15:52.809][info] [#0:script/workspace/loading.lua:112]: ++++As library of:	file:///home/khel/dotfiles/local/.local/share/nvim/lazy/LazyVim/lua
[14:15:52.809][info] [#0:script/workspace/loading.lua:100]: Preload file at: file:///home/khel/dotfiles/local/.local/share/nvim/lazy/LazyVim/lua/lazyvim/plugins/extras/ai/supermaven.lua , size = 2.188 KB
[14:15:52.812][info] [#0:script/workspace/loading.lua:112]: ++++As library of:	file:///home/khel/dotfiles/local/.local/share/nvim/lazy/LazyVim/lua
[14:15:52.812][info] [#0:script/workspace/loading.lua:100]: Preload file at: file:///home/khel/dotfiles/local/.local/share/nvim/lazy/LazyVim/lua/lazyvim/plugins/extras/linting/eslint.lua , size = 1.833 KB
[14:15:52.815][info] [#0:script/workspace/loading.lua:112]: ++++As library of:	file:///home/khel/dotfiles/local/.local/share/nvim/lazy/LazyVim/lua
[14:15:52.815][info] [#0:script/workspace/loading.lua:100]: Preload file at: file:///home/khel/dotfiles/local/.local/share/nvim/lazy/LazyVim/lua/lazyvim/plugins/extras/editor/neo-tree.lua , size = 3.901 KB
[14:15:52.819][info] [#0:script/workspace/loading.lua:112]: ++++As library of:	file:///home/khel/dotfiles/local/.local/share/nvim/lazy/LazyVim/lua
[14:15:52.820][info] [#0:script/workspace/loading.lua:100]: Preload file at: file:///home/khel/dotfiles/local/.local/share/nvim/lazy/LazyVim/lua/lazyvim/plugins/extras/editor/telescope.lua , size = 11.491 KB
[14:15:52.832][info] [#0:script/workspace/loading.lua:112]: ++++As library of:	file:///home/khel/dotfiles/local/.local/share/nvim/lazy/LazyVim/lua
[14:15:52.832][info] [#0:script/workspace/loading.lua:100]: Preload file at: file:///home/khel/dotfiles/local/.local/share/nvim/lazy/LazyVim/lua/lazyvim/plugins/extras/editor/harpoon2.lua , size = 0.805 KB
[14:15:52.834][info] [#0:script/workspace/loading.lua:112]: ++++As library of:	file:///home/khel/dotfiles/local/.local/share/nvim/lazy/LazyVim/lua
[14:15:52.834][info] [#0:script/workspace/loading.lua:100]: Preload file at: file:///home/khel/dotfiles/local/.local/share/nvim/lazy/LazyVim/lua/lazyvim/plugins/extras/editor/mini-move.lua , size = 0.086 KB
[14:15:52.834][info] [#0:script/workspace/loading.lua:112]: ++++As library of:	file:///home/khel/dotfiles/local/.local/share/nvim/lazy/LazyVim/lua
[14:15:52.835][info] [#0:script/workspace/loading.lua:100]: Preload file at: file:///home/khel/dotfiles/local/.local/share/nvim/lazy/LazyVim/lua/lazyvim/plugins/extras/editor/mini-diff.lua , size = 1.623 KB
[14:15:52.837][info] [#0:script/workspace/loading.lua:112]: ++++As library of:	file:///home/khel/dotfiles/local/.local/share/nvim/lazy/LazyVim/lua
[14:15:52.837][info] [#0:script/workspace/loading.lua:100]: Preload file at: file:///home/khel/dotfiles/local/.local/share/nvim/lazy/LazyVim/lua/lazyvim/plugins/extras/editor/snacks_explorer.lua , size = 0.565 KB
[14:15:52.838][info] [#0:script/workspace/loading.lua:112]: ++++As library of:	file:///home/khel/dotfiles/local/.local/share/nvim/lazy/LazyVim/lua
[14:15:52.838][info] [#0:script/workspace/loading.lua:100]: Preload file at: file:///home/khel/dotfiles/local/.local/share/nvim/lazy/LazyVim/lua/lazyvim/plugins/extras/editor/aerial.lua , size = 3.464 KB
[14:15:52.842][info] [#0:script/workspace/loading.lua:112]: ++++As library of:	file:///home/khel/dotfiles/local/.local/share/nvim/lazy/LazyVim/lua
[14:15:52.842][info] [#0:script/workspace/loading.lua:100]: Preload file at: file:///home/khel/dotfiles/local/.local/share/nvim/lazy/LazyVim/lua/lazyvim/plugins/extras/editor/navic.lua , size = 0.934 KB
[14:15:52.844][info] [#0:script/workspace/loading.lua:112]: ++++As library of:	file:///home/khel/dotfiles/local/.local/share/nvim/lazy/LazyVim/lua
[14:15:52.844][info] [#0:script/workspace/loading.lua:100]: Preload file at: file:///home/khel/dotfiles/local/.local/share/nvim/lazy/LazyVim/lua/lazyvim/plugins/extras/editor/outline.lua , size = 1.504 KB
[14:15:52.846][info] [#0:script/workspace/loading.lua:112]: ++++As library of:	file:///home/khel/dotfiles/local/.local/share/nvim/lazy/LazyVim/lua
[14:15:52.846][info] [#0:script/workspace/loading.lua:100]: Preload file at: file:///home/khel/dotfiles/local/.local/share/nvim/lazy/LazyVim/lua/lazyvim/plugins/extras/editor/leap.lua , size = 1.694 KB
[14:15:52.849][info] [#0:script/workspace/loading.lua:112]: ++++As library of:	file:///home/khel/dotfiles/local/.local/share/nvim/lazy/LazyVim/lua
[14:15:52.849][info] [#0:script/workspace/loading.lua:100]: Preload file at: file:///home/khel/dotfiles/local/.local/share/nvim/lazy/LazyVim/lua/lazyvim/plugins/extras/editor/fzf.lua , size = 11.086 KB
[14:15:52.861][info] [#0:script/workspace/loading.lua:112]: ++++As library of:	file:///home/khel/dotfiles/local/.local/share/nvim/lazy/LazyVim/lua
[14:15:52.861][info] [#0:script/workspace/loading.lua:100]: Preload file at: file:///home/khel/dotfiles/local/.local/share/nvim/lazy/LazyVim/lua/lazyvim/plugins/extras/editor/dial.lua , size = 5.035 KB
[14:15:52.867][info] [#0:script/workspace/loading.lua:112]: ++++As library of:	file:///home/khel/dotfiles/local/.local/share/nvim/lazy/LazyVim/lua
[14:15:52.868][info] [#0:script/workspace/loading.lua:100]: Preload file at: file:///home/khel/dotfiles/local/.local/share/nvim/lazy/LazyVim/lua/lazyvim/plugins/extras/editor/refactoring.lua , size = 3.576 KB
[14:15:52.872][info] [#0:script/workspace/loading.lua:112]: ++++As library of:	file:///home/khel/dotfiles/local/.local/share/nvim/lazy/LazyVim/lua
[14:15:52.873][info] [#0:script/workspace/loading.lua:100]: Preload file at: file:///home/khel/dotfiles/local/.local/share/nvim/lazy/LazyVim/lua/lazyvim/plugins/extras/editor/overseer.lua , size = 2.321 KB
[14:15:52.875][info] [#0:script/workspace/loading.lua:112]: ++++As library of:	file:///home/khel/dotfiles/local/.local/share/nvim/lazy/LazyVim/lua
[14:15:52.876][info] [#0:script/workspace/loading.lua:100]: Preload file at: file:///home/khel/dotfiles/local/.local/share/nvim/lazy/LazyVim/lua/lazyvim/plugins/extras/editor/illuminate.lua , size = 1.599 KB
[14:15:52.878][info] [#0:script/workspace/loading.lua:112]: ++++As library of:	file:///home/khel/dotfiles/local/.local/share/nvim/lazy/LazyVim/lua
[14:15:52.878][info] [#0:script/workspace/loading.lua:100]: Preload file at: file:///home/khel/dotfiles/local/.local/share/nvim/lazy/LazyVim/lua/lazyvim/plugins/extras/editor/mini-files.lua , size = 3.419 KB
[14:15:52.882][info] [#0:script/workspace/loading.lua:112]: ++++As library of:	file:///home/khel/dotfiles/local/.local/share/nvim/lazy/LazyVim/lua
[14:15:52.883][info] [#0:script/workspace/loading.lua:100]: Preload file at: file:///home/khel/dotfiles/local/.local/share/nvim/lazy/LazyVim/lua/lazyvim/plugins/extras/editor/snacks_picker.lua , size = 9.526 KB
[14:15:52.895][info] [#0:script/workspace/loading.lua:112]: ++++As library of:	file:///home/khel/dotfiles/local/.local/share/nvim/lazy/LazyVim/lua
[14:15:52.896][info] [#0:script/workspace/loading.lua:100]: Preload file at: file:///home/khel/dotfiles/local/.local/share/nvim/lazy/LazyVim/lua/lazyvim/plugins/extras/editor/inc-rename.lua , size = 0.802 KB
[14:15:52.898][info] [#0:script/workspace/loading.lua:112]: ++++As library of:	file:///home/khel/dotfiles/local/.local/share/nvim/lazy/LazyVim/lua
[14:15:52.898][info] [#0:script/workspace/loading.lua:100]: Preload file at: file:///home/khel/dotfiles/local/.local/share/nvim/lazy/LazyVim/lua/lazyvim/plugins/extras/lsp/neoconf.lua , size = 0.164 KB
[14:15:52.899][info] [#0:script/workspace/loading.lua:112]: ++++As library of:	file:///home/khel/dotfiles/local/.local/share/nvim/lazy/LazyVim/lua
[14:15:52.899][info] [#0:script/workspace/loading.lua:100]: Preload file at: file:///home/khel/dotfiles/local/.local/share/nvim/lazy/LazyVim/lua/lazyvim/plugins/extras/lsp/none-ls.lua , size = 1.348 KB
[14:15:52.901][info] [#0:script/workspace/loading.lua:112]: ++++As library of:	file:///home/khel/dotfiles/local/.local/share/nvim/lazy/LazyVim/lua
[14:15:52.902][info] [#0:script/workspace/loading.lua:100]: Preload file at: file:///home/khel/dotfiles/local/.local/share/nvim/lazy/LazyVim/lua/lazyvim/plugins/extras/vscode.lua , size = 2.317 KB
[14:15:52.906][info] [#0:script/workspace/loading.lua:112]: ++++As library of:	file:///home/khel/dotfiles/local/.local/share/nvim/lazy/LazyVim/lua
[14:15:52.906][info] [#0:script/workspace/loading.lua:100]: Preload file at: file:///home/khel/dotfiles/local/.local/share/nvim/lazy/LazyVim/lua/lazyvim/plugins/extras/lang/astro.lua , size = 1.289 KB
[14:15:52.908][info] [#0:script/workspace/loading.lua:112]: ++++As library of:	file:///home/khel/dotfiles/local/.local/share/nvim/lazy/LazyVim/lua
[14:15:52.908][info] [#0:script/workspace/loading.lua:100]: Preload file at: file:///home/khel/dotfiles/local/.local/share/nvim/lazy/LazyVim/lua/lazyvim/plugins/extras/lang/vue.lua , size = 1.126 KB
[14:15:52.909][info] [#0:script/workspace/loading.lua:112]: ++++As library of:	file:///home/khel/dotfiles/local/.local/share/nvim/lazy/LazyVim/lua
[14:15:52.909][info] [#0:script/workspace/loading.lua:100]: Preload file at: file:///home/khel/dotfiles/local/.local/share/nvim/lazy/LazyVim/lua/lazyvim/plugins/extras/lang/cmake.lua , size = 1.384 KB
[14:15:52.911][info] [#0:script/workspace/loading.lua:112]: ++++As library of:	file:///home/khel/dotfiles/local/.local/share/nvim/lazy/LazyVim/lua
[14:15:52.911][info] [#0:script/workspace/loading.lua:100]: Preload file at: file:///home/khel/dotfiles/local/.local/share/nvim/lazy/LazyVim/lua/lazyvim/plugins/extras/lang/elm.lua , size = 0.507 KB
[14:15:52.912][info] [#0:script/workspace/loading.lua:112]: ++++As library of:	file:///home/khel/dotfiles/local/.local/share/nvim/lazy/LazyVim/lua
[14:15:52.912][info] [#0:script/workspace/loading.lua:100]: Preload file at: file:///home/khel/dotfiles/local/.local/share/nvim/lazy/LazyVim/lua/lazyvim/plugins/extras/lang/markdown.lua , size = 3.020 KB
[14:15:52.916][info] [#0:script/workspace/loading.lua:112]: ++++As library of:	file:///home/khel/dotfiles/local/.local/share/nvim/lazy/LazyVim/lua
[14:15:52.917][info] [#0:script/workspace/loading.lua:100]: Preload file at: file:///home/khel/dotfiles/local/.local/share/nvim/lazy/LazyVim/lua/lazyvim/plugins/extras/lang/rego.lua , size = 0.275 KB
[14:15:52.917][info] [#0:script/workspace/loading.lua:112]: ++++As library of:	file:///home/khel/dotfiles/local/.local/share/nvim/lazy/LazyVim/lua
[14:15:52.918][info] [#0:script/workspace/loading.lua:100]: Preload file at: file:///home/khel/dotfiles/local/.local/share/nvim/lazy/LazyVim/lua/lazyvim/plugins/extras/lang/java.lua , size = 10.906 KB
[14:15:52.927][info] [#0:script/workspace/loading.lua:112]: ++++As library of:	file:///home/khel/dotfiles/local/.local/share/nvim/lazy/LazyVim/lua
[14:15:52.928][info] [#0:script/workspace/loading.lua:100]: Preload file at: file:///home/khel/dotfiles/local/.local/share/nvim/lazy/LazyVim/lua/lazyvim/plugins/extras/lang/prisma.lua , size = 0.314 KB
[14:15:52.929][info] [#0:script/workspace/loading.lua:112]: ++++As library of:	file:///home/khel/dotfiles/local/.local/share/nvim/lazy/LazyVim/lua
[14:15:52.929][info] [#0:script/workspace/loading.lua:100]: Preload file at: file:///home/khel/dotfiles/local/.local/share/nvim/lazy/LazyVim/lua/lazyvim/plugins/extras/lang/tailwind.lua , size = 2.113 KB
[14:15:52.931][info] [#0:script/workspace/loading.lua:112]: ++++As library of:	file:///home/khel/dotfiles/local/.local/share/nvim/lazy/LazyVim/lua
[14:15:52.933][info] [#0:script/workspace/loading.lua:100]: Preload file at: file:///home/khel/dotfiles/local/.local/share/nvim/lazy/LazyVim/lua/lazyvim/plugins/extras/lang/r.lua , size = 2.612 KB
[14:15:52.937][info] [#0:script/workspace/loading.lua:112]: ++++As library of:	file:///home/khel/dotfiles/local/.local/share/nvim/lazy/LazyVim/lua
[14:15:52.937][info] [#0:script/workspace/loading.lua:100]: Preload file at: file:///home/khel/dotfiles/local/.local/share/nvim/lazy/LazyVim/lua/lazyvim/plugins/extras/lang/git.lua , size = 0.560 KB
[14:15:52.939][info] [#0:script/workspace/loading.lua:112]: ++++As library of:	file:///home/khel/dotfiles/local/.local/share/nvim/lazy/LazyVim/lua
[14:15:52.939][info] [#0:script/workspace/loading.lua:100]: Preload file at: file:///home/khel/dotfiles/local/.local/share/nvim/lazy/LazyVim/lua/lazyvim/plugins/extras/lang/nix.lua , size = 0.406 KB
[14:15:52.939][info] [#0:script/workspace/loading.lua:112]: ++++As library of:	file:///home/khel/dotfiles/local/.local/share/nvim/lazy/LazyVim/lua
[14:15:52.940][info] [#0:script/workspace/loading.lua:100]: Preload file at: file:///home/khel/dotfiles/local/.local/share/nvim/lazy/LazyVim/lua/lazyvim/plugins/extras/lang/docker.lua , size = 0.923 KB
[14:15:52.941][info] [#0:script/workspace/loading.lua:112]: ++++As library of:	file:///home/khel/dotfiles/local/.local/share/nvim/lazy/LazyVim/lua
[14:15:52.941][info] [#0:script/workspace/loading.lua:100]: Preload file at: file:///home/khel/dotfiles/local/.local/share/nvim/lazy/LazyVim/lua/lazyvim/plugins/extras/lang/yaml.lua , size = 1.952 KB
[14:15:52.943][info] [#0:script/workspace/loading.lua:112]: ++++As library of:	file:///home/khel/dotfiles/local/.local/share/nvim/lazy/LazyVim/lua
[14:15:52.944][info] [#0:script/workspace/loading.lua:100]: Preload file at: file:///home/khel/dotfiles/local/.local/share/nvim/lazy/LazyVim/lua/lazyvim/plugins/extras/lang/terraform.lua , size = 1.915 KB
[14:15:52.946][info] [#0:script/workspace/loading.lua:112]: ++++As library of:	file:///home/khel/dotfiles/local/.local/share/nvim/lazy/LazyVim/lua
[14:15:52.946][info] [#0:script/workspace/loading.lua:100]: Preload file at: file:///home/khel/dotfiles/local/.local/share/nvim/lazy/LazyVim/lua/lazyvim/plugins/extras/lang/lean.lua , size = 4.225 KB
[14:15:52.949][info] [#0:script/workspace/loading.lua:112]: ++++As library of:	file:///home/khel/dotfiles/local/.local/share/nvim/lazy/LazyVim/lua
[14:15:52.949][info] [#0:script/workspace/loading.lua:100]: Preload file at: file:///home/khel/dotfiles/local/.local/share/nvim/lazy/LazyVim/lua/lazyvim/plugins/extras/lang/clojure.lua , size = 2.857 KB
[14:15:52.953][info] [#0:script/workspace/loading.lua:112]: ++++As library of:	file:///home/khel/dotfiles/local/.local/share/nvim/lazy/LazyVim/lua
[14:15:52.953][info] [#0:script/workspace/loading.lua:100]: Preload file at: file:///home/khel/dotfiles/local/.local/share/nvim/lazy/LazyVim/lua/lazyvim/plugins/extras/lang/go.lua , size = 4.057 KB
[14:15:52.956][info] [#0:script/workspace/loading.lua:112]: ++++As library of:	file:///home/khel/dotfiles/local/.local/share/nvim/lazy/LazyVim/lua
[14:15:52.957][info] [#0:script/workspace/loading.lua:100]: Preload file at: file:///home/khel/dotfiles/local/.local/share/nvim/lazy/LazyVim/lua/lazyvim/plugins/extras/lang/omnisharp.lua , size = 2.945 KB
[14:15:52.960][info] [#0:script/workspace/loading.lua:112]: ++++As library of:	file:///home/khel/dotfiles/local/.local/share/nvim/lazy/LazyVim/lua
[14:15:52.960][info] [#0:script/workspace/loading.lua:100]: Preload file at: file:///home/khel/dotfiles/local/.local/share/nvim/lazy/LazyVim/lua/lazyvim/plugins/extras/lang/rust.lua , size = 4.332 KB
[14:15:52.964][info] [#0:script/workspace/loading.lua:112]: ++++As library of:	file:///home/khel/dotfiles/local/.local/share/nvim/lazy/LazyVim/lua
[14:15:52.964][info] [#0:script/workspace/loading.lua:100]: Preload file at: file:///home/khel/dotfiles/local/.local/share/nvim/lazy/LazyVim/lua/lazyvim/plugins/extras/lang/haskell.lua , size = 2.067 KB
[14:15:52.967][info] [#0:script/workspace/loading.lua:112]: ++++As library of:	file:///home/khel/dotfiles/local/.local/share/nvim/lazy/LazyVim/lua
[14:15:52.967][info] [#0:script/workspace/loading.lua:100]: Preload file at: file:///home/khel/dotfiles/local/.local/share/nvim/lazy/LazyVim/lua/lazyvim/plugins/extras/lang/ocaml.lua , size = 1.036 KB
[14:15:52.968][info] [#0:script/workspace/loading.lua:112]: ++++As library of:	file:///home/khel/dotfiles/local/.local/share/nvim/lazy/LazyVim/lua
[14:15:52.969][info] [#0:script/workspace/loading.lua:100]: Preload file at: file:///home/khel/dotfiles/local/.local/share/nvim/lazy/LazyVim/lua/lazyvim/plugins/extras/lang/python.lua , size = 3.923 KB
[14:15:52.973][info] [#0:script/workspace/loading.lua:112]: ++++As library of:	file:///home/khel/dotfiles/local/.local/share/nvim/lazy/LazyVim/lua
[14:15:52.973][info] [#0:script/workspace/loading.lua:100]: Preload file at: file:///home/khel/dotfiles/local/.local/share/nvim/lazy/LazyVim/lua/lazyvim/plugins/extras/lang/angular.lua , size = 1.795 KB
[14:15:52.975][info] [#0:script/workspace/loading.lua:112]: ++++As library of:	file:///home/khel/dotfiles/local/.local/share/nvim/lazy/LazyVim/lua
[14:15:52.975][info] [#0:script/workspace/loading.lua:100]: Preload file at: file:///home/khel/dotfiles/local/.local/share/nvim/lazy/LazyVim/lua/lazyvim/plugins/extras/lang/elixir.lua , size = 2.505 KB
[14:15:52.978][info] [#0:script/workspace/loading.lua:112]: ++++As library of:	file:///home/khel/dotfiles/local/.local/share/nvim/lazy/LazyVim/lua
[14:15:52.979][info] [#0:script/workspace/loading.lua:100]: Preload file at: file:///home/khel/dotfiles/local/.local/share/nvim/lazy/LazyVim/lua/lazyvim/plugins/extras/lang/sql.lua , size = 4.538 KB
[14:15:52.984][info] [#0:script/workspace/loading.lua:112]: ++++As library of:	file:///home/khel/dotfiles/local/.local/share/nvim/lazy/LazyVim/lua
[14:15:52.984][info] [#0:script/workspace/loading.lua:100]: Preload file at: file:///home/khel/dotfiles/local/.local/share/nvim/lazy/LazyVim/lua/lazyvim/plugins/extras/lang/ansible.lua , size = 0.596 KB
[14:15:52.985][info] [#0:script/workspace/loading.lua:112]: ++++As library of:	file:///home/khel/dotfiles/local/.local/share/nvim/lazy/LazyVim/lua
[14:15:52.985][info] [#0:script/workspace/loading.lua:100]: Preload file at: file:///home/khel/dotfiles/local/.local/share/nvim/lazy/LazyVim/lua/lazyvim/plugins/extras/lang/zig.lua , size = 0.538 KB
[14:15:52.986][info] [#0:script/workspace/loading.lua:112]: ++++As library of:	file:///home/khel/dotfiles/local/.local/share/nvim/lazy/LazyVim/lua
[14:15:52.986][info] [#0:script/workspace/loading.lua:100]: Preload file at: file:///home/khel/dotfiles/local/.local/share/nvim/lazy/LazyVim/lua/lazyvim/plugins/extras/lang/gleam.lua , size = 0.272 KB
[14:15:52.987][info] [#0:script/workspace/loading.lua:112]: ++++As library of:	file:///home/khel/dotfiles/local/.local/share/nvim/lazy/LazyVim/lua
[14:15:52.987][info] [#0:script/workspace/loading.lua:100]: Preload file at: file:///home/khel/dotfiles/local/.local/share/nvim/lazy/LazyVim/lua/lazyvim/plugins/extras/lang/erlang.lua , size = 0.353 KB
[14:15:52.988][info] [#0:script/workspace/loading.lua:112]: ++++As library of:	file:///home/khel/dotfiles/local/.local/share/nvim/lazy/LazyVim/lua
[14:15:52.988][info] [#0:script/workspace/loading.lua:100]: Preload file at: file:///home/khel/dotfiles/local/.local/share/nvim/lazy/LazyVim/lua/lazyvim/plugins/extras/lang/helm.lua , size = 0.682 KB
[14:15:52.990][info] [#0:script/workspace/loading.lua:112]: ++++As library of:	file:///home/khel/dotfiles/local/.local/share/nvim/lazy/LazyVim/lua
[14:15:52.990][info] [#0:script/workspace/loading.lua:100]: Preload file at: file:///home/khel/dotfiles/local/.local/share/nvim/lazy/LazyVim/lua/lazyvim/plugins/extras/lang/thrift.lua , size = 0.271 KB
[14:15:52.990][info] [#0:script/workspace/loading.lua:112]: ++++As library of:	file:///home/khel/dotfiles/local/.local/share/nvim/lazy/LazyVim/lua
[14:15:52.991][info] [#0:script/workspace/loading.lua:100]: Preload file at: file:///home/khel/dotfiles/local/.local/share/nvim/lazy/LazyVim/lua/lazyvim/plugins/extras/lang/svelte.lua , size = 1.559 KB
[14:15:52.993][info] [#0:script/workspace/loading.lua:112]: ++++As library of:	file:///home/khel/dotfiles/local/.local/share/nvim/lazy/LazyVim/lua
[14:15:52.993][info] [#0:script/workspace/loading.lua:100]: Preload file at: file:///home/khel/dotfiles/local/.local/share/nvim/lazy/LazyVim/lua/lazyvim/plugins/extras/lang/typescript.lua , size = 9.263 KB
[14:15:53.001][info] [#0:script/workspace/loading.lua:112]: ++++As library of:	file:///home/khel/dotfiles/local/.local/share/nvim/lazy/LazyVim/lua
[14:15:53.001][info] [#0:script/workspace/loading.lua:100]: Preload file at: file:///home/khel/dotfiles/local/.local/share/nvim/lazy/LazyVim/lua/lazyvim/plugins/extras/lang/clangd.lua , size = 4.343 KB
[14:15:53.005][info] [#0:script/workspace/loading.lua:112]: ++++As library of:	file:///home/khel/dotfiles/local/.local/share/nvim/lazy/LazyVim/lua
[14:15:53.005][info] [#0:script/workspace/loading.lua:100]: Preload file at: file:///home/khel/dotfiles/local/.local/share/nvim/lazy/LazyVim/lua/lazyvim/plugins/extras/lang/tex.lua , size = 1.365 KB
[14:15:53.008][info] [#0:script/workspace/loading.lua:112]: ++++As library of:	file:///home/khel/dotfiles/local/.local/share/nvim/lazy/LazyVim/lua
[14:15:53.008][info] [#0:script/workspace/loading.lua:100]: Preload file at: file:///home/khel/dotfiles/local/.local/share/nvim/lazy/LazyVim/lua/lazyvim/plugins/extras/lang/json.lua , size = 1.062 KB
[14:15:53.009][info] [#0:script/workspace/loading.lua:112]: ++++As library of:	file:///home/khel/dotfiles/local/.local/share/nvim/lazy/LazyVim/lua
[14:15:53.009][info] [#0:script/workspace/loading.lua:100]: Preload file at: file:///home/khel/dotfiles/local/.local/share/nvim/lazy/LazyVim/lua/lazyvim/plugins/extras/lang/nushell.lua , size = 0.242 KB
[14:15:53.010][info] [#0:script/workspace/loading.lua:112]: ++++As library of:	file:///home/khel/dotfiles/local/.local/share/nvim/lazy/LazyVim/lua
[14:15:53.010][info] [#0:script/workspace/loading.lua:100]: Preload file at: file:///home/khel/dotfiles/local/.local/share/nvim/lazy/LazyVim/lua/lazyvim/plugins/extras/lang/toml.lua , size = 0.207 KB
[14:15:53.011][info] [#0:script/workspace/loading.lua:112]: ++++As library of:	file:///home/khel/dotfiles/local/.local/share/nvim/lazy/LazyVim/lua
[14:15:53.011][info] [#0:script/workspace/loading.lua:100]: Preload file at: file:///home/khel/dotfiles/local/.local/share/nvim/lazy/LazyVim/lua/lazyvim/plugins/extras/lang/ruby.lua , size = 2.260 KB
[14:15:53.014][info] [#0:script/workspace/loading.lua:112]: ++++As library of:	file:///home/khel/dotfiles/local/.local/share/nvim/lazy/LazyVim/lua
[14:15:53.014][info] [#0:script/workspace/loading.lua:100]: Preload file at: file:///home/khel/dotfiles/local/.local/share/nvim/lazy/LazyVim/lua/lazyvim/plugins/extras/lang/php.lua , size = 1.775 KB
[14:15:53.016][info] [#0:script/workspace/loading.lua:112]: ++++As library of:	file:///home/khel/dotfiles/local/.local/share/nvim/lazy/LazyVim/lua
[14:15:53.017][info] [#0:script/workspace/loading.lua:100]: Preload file at: file:///home/khel/dotfiles/local/.local/share/nvim/lazy/LazyVim/lua/lazyvim/plugins/extras/lang/kotlin.lua , size = 3.074 KB
[14:15:53.020][info] [#0:script/workspace/loading.lua:112]: ++++As library of:	file:///home/khel/dotfiles/local/.local/share/nvim/lazy/LazyVim/lua
[14:15:53.020][info] [#0:script/workspace/loading.lua:100]: Preload file at: file:///home/khel/dotfiles/local/.local/share/nvim/lazy/LazyVim/lua/lazyvim/plugins/extras/dap/nlua.lua , size = 1.084 KB
[14:15:53.022][info] [#0:script/workspace/loading.lua:112]: ++++As library of:	file:///home/khel/dotfiles/local/.local/share/nvim/lazy/LazyVim/lua
[14:15:53.022][info] [#0:script/workspace/loading.lua:100]: Preload file at: file:///home/khel/dotfiles/local/.local/share/nvim/lazy/LazyVim/lua/lazyvim/plugins/extras/lang/scala.lua , size = 2.618 KB
[14:15:53.025][info] [#0:script/workspace/loading.lua:112]: ++++As library of:	file:///home/khel/dotfiles/local/.local/share/nvim/lazy/LazyVim/lua
[14:15:53.025][info] [#0:script/workspace/loading.lua:100]: Preload file at: file:///home/khel/dotfiles/local/.local/share/nvim/lazy/LazyVim/lua/lazyvim/plugins/extras/dap/core.lua , size = 5.029 KB
[14:15:53.032][info] [#0:script/workspace/loading.lua:112]: ++++As library of:	file:///home/khel/dotfiles/local/.local/share/nvim/lazy/LazyVim/lua
[14:15:53.032][info] [#0:script/workspace/loading.lua:100]: Preload file at: file:///home/khel/dotfiles/local/.local/share/nvim/lazy/LazyVim/lua/lazyvim/plugins/extras/ui/mini-starter.lua , size = 3.733 KB
[14:15:53.035][info] [#0:script/workspace/loading.lua:112]: ++++As library of:	file:///home/khel/dotfiles/local/.local/share/nvim/lazy/LazyVim/lua
[14:15:53.036][info] [#0:script/workspace/loading.lua:100]: Preload file at: file:///home/khel/dotfiles/local/.local/share/nvim/lazy/LazyVim/lua/lazyvim/plugins/extras/ui/dashboard-nvim.lua , size = 3.694 KB
[14:15:53.039][info] [#0:script/workspace/loading.lua:112]: ++++As library of:	file:///home/khel/dotfiles/local/.local/share/nvim/lazy/LazyVim/lua
[14:15:53.039][info] [#0:script/workspace/loading.lua:100]: Preload file at: file:///home/khel/dotfiles/local/.local/share/nvim/lazy/LazyVim/lua/lazyvim/plugins/extras/ui/mini-animate.lua , size = 1.667 KB
[14:15:53.042][info] [#0:script/workspace/loading.lua:112]: ++++As library of:	file:///home/khel/dotfiles/local/.local/share/nvim/lazy/LazyVim/lua
[14:15:53.042][info] [#0:script/workspace/loading.lua:100]: Preload file at: file:///home/khel/dotfiles/local/.local/share/nvim/lazy/LazyVim/lua/lazyvim/plugins/extras/ui/alpha.lua , size = 3.605 KB
[14:15:53.045][info] [#0:script/workspace/loading.lua:112]: ++++As library of:	file:///home/khel/dotfiles/local/.local/share/nvim/lazy/LazyVim/lua
[14:15:53.046][info] [#0:script/workspace/loading.lua:100]: Preload file at: file:///home/khel/dotfiles/local/.local/share/nvim/lazy/LazyVim/lua/lazyvim/plugins/extras/ui/edgy.lua , size = 5.884 KB
[14:15:53.053][info] [#0:script/workspace/loading.lua:112]: ++++As library of:	file:///home/khel/dotfiles/local/.local/share/nvim/lazy/LazyVim/lua
[14:15:53.053][info] [#0:script/workspace/loading.lua:100]: Preload file at: file:///home/khel/dotfiles/local/.local/share/nvim/lazy/LazyVim/lua/lazyvim/plugins/extras/ui/smear-cursor.lua , size = 0.342 KB
[14:15:53.054][info] [#0:script/workspace/loading.lua:112]: ++++As library of:	file:///home/khel/dotfiles/local/.local/share/nvim/lazy/LazyVim/lua
[14:15:53.054][info] [#0:script/workspace/loading.lua:100]: Preload file at: file:///home/khel/dotfiles/local/.local/share/nvim/lazy/LazyVim/lua/lazyvim/plugins/extras/ui/mini-indentscope.lua , size = 1.531 KB
[14:15:53.056][info] [#0:script/workspace/loading.lua:112]: ++++As library of:	file:///home/khel/dotfiles/local/.local/share/nvim/lazy/LazyVim/lua
[14:15:53.056][info] [#0:script/workspace/loading.lua:100]: Preload file at: file:///home/khel/dotfiles/local/.local/share/nvim/lazy/LazyVim/lua/lazyvim/plugins/extras/ui/treesitter-context.lua , size = 0.464 KB
[14:15:53.057][info] [#0:script/workspace/loading.lua:112]: ++++As library of:	file:///home/khel/dotfiles/local/.local/share/nvim/lazy/LazyVim/lua
[14:15:53.057][info] [#0:script/workspace/loading.lua:100]: Preload file at: file:///home/khel/dotfiles/local/.local/share/nvim/lazy/LazyVim/lua/lazyvim/plugins/extras/ui/indent-blankline.lua , size = 1.115 KB
[14:15:53.058][info] [#0:script/workspace/loading.lua:112]: ++++As library of:	file:///home/khel/dotfiles/local/.local/share/nvim/lazy/LazyVim/lua
[14:15:53.059][info] [#0:script/workspace/loading.lua:100]: Preload file at: file:///home/khel/dotfiles/local/.local/share/nvim/lazy/LazyVim/lua/lazyvim/plugins/extras/formatting/black.lua , size = 0.513 KB
[14:15:53.060][info] [#0:script/workspace/loading.lua:112]: ++++As library of:	file:///home/khel/dotfiles/local/.local/share/nvim/lazy/LazyVim/lua
[14:15:53.060][info] [#0:script/workspace/loading.lua:100]: Preload file at: file:///home/khel/dotfiles/local/.local/share/nvim/lazy/LazyVim/lua/lazyvim/plugins/extras/formatting/prettier.lua , size = 2.484 KB
[14:15:53.064][info] [#0:script/workspace/loading.lua:112]: ++++As library of:	file:///home/khel/dotfiles/local/.local/share/nvim/lazy/LazyVim/lua
[14:15:53.064][info] [#0:script/workspace/loading.lua:100]: Preload file at: file:///home/khel/dotfiles/local/.local/share/nvim/lazy/LazyVim/lua/lazyvim/plugins/extras/formatting/biome.lua , size = 1.235 KB
[14:15:53.066][info] [#0:script/workspace/loading.lua:112]: ++++As library of:	file:///home/khel/dotfiles/local/.local/share/nvim/lazy/LazyVim/lua
[14:15:53.066][info] [#0:script/workspace/loading.lua:100]: Preload file at: file:///home/khel/dotfiles/local/.local/share/nvim/lazy/LazyVim/lua/lazyvim/plugins/extras/coding/nvim-cmp.lua , size = 3.700 KB
[14:15:53.071][info] [#0:script/workspace/loading.lua:112]: ++++As library of:	file:///home/khel/dotfiles/local/.local/share/nvim/lazy/LazyVim/lua
[14:15:53.071][info] [#0:script/workspace/loading.lua:100]: Preload file at: file:///home/khel/dotfiles/local/.local/share/nvim/lazy/LazyVim/lua/lazyvim/plugins/extras/coding/mini-snippets.lua , size = 5.806 KB
[14:15:53.076][info] [#0:script/workspace/loading.lua:112]: ++++As library of:	file:///home/khel/dotfiles/local/.local/share/nvim/lazy/LazyVim/lua
[14:15:53.077][info] [#0:script/workspace/loading.lua:100]: Preload file at: file:///home/khel/dotfiles/local/.local/share/nvim/lazy/LazyVim/lua/lazyvim/plugins/extras/coding/mini-surround.lua , size = 1.421 KB
[14:15:53.079][info] [#0:script/workspace/loading.lua:112]: ++++As library of:	file:///home/khel/dotfiles/local/.local/share/nvim/lazy/LazyVim/lua
[14:15:53.079][info] [#0:script/workspace/loading.lua:100]: Preload file at: file:///home/khel/dotfiles/local/.local/share/nvim/lazy/LazyVim/lua/lazyvim/plugins/extras/coding/yanky.lua , size = 2.044 KB
[14:15:53.081][info] [#0:script/workspace/loading.lua:112]: ++++As library of:	file:///home/khel/dotfiles/local/.local/share/nvim/lazy/LazyVim/lua
[14:15:53.082][info] [#0:script/workspace/loading.lua:100]: Preload file at: file:///home/khel/dotfiles/local/.local/share/nvim/lazy/LazyVim/lua/lazyvim/plugins/extras/coding/mini-comment.lua , size = 0.407 KB
[14:15:53.082][info] [#0:script/workspace/loading.lua:112]: ++++As library of:	file:///home/khel/dotfiles/local/.local/share/nvim/lazy/LazyVim/lua
[14:15:53.083][info] [#0:script/workspace/loading.lua:100]: Preload file at: file:///home/khel/dotfiles/local/.local/share/nvim/lazy/LazyVim/lua/lazyvim/plugins/extras/coding/luasnip.lua , size = 1.938 KB
[14:15:53.086][info] [#0:script/workspace/loading.lua:112]: ++++As library of:	file:///home/khel/dotfiles/local/.local/share/nvim/lazy/LazyVim/lua
[14:15:53.086][info] [#0:script/workspace/loading.lua:100]: Preload file at: file:///home/khel/dotfiles/local/.local/share/nvim/lazy/LazyVim/lua/lazyvim/plugins/extras/coding/neogen.lua , size = 0.730 KB
[14:15:53.087][info] [#0:script/workspace/loading.lua:112]: ++++As library of:	file:///home/khel/dotfiles/local/.local/share/nvim/lazy/LazyVim/lua
[14:15:53.087][info] [#0:script/workspace/loading.lua:100]: Preload file at: file:///home/khel/dotfiles/local/.local/share/nvim/lazy/LazyVim/lua/lazyvim/plugins/extras/coding/blink.lua , size = 5.649 KB
[14:15:53.094][info] [#0:script/workspace/loading.lua:112]: ++++As library of:	file:///home/khel/dotfiles/local/.local/share/nvim/lazy/LazyVim/lua
[14:15:53.094][info] [#0:script/workspace/loading.lua:100]: Preload file at: file:///home/khel/dotfiles/local/.local/share/nvim/lazy/LazyVim/lua/lazyvim/plugins/util.lua , size = 1.980 KB
[14:15:53.097][info] [#0:script/workspace/loading.lua:112]: ++++As library of:	file:///home/khel/dotfiles/local/.local/share/nvim/lazy/LazyVim/lua
[14:15:53.097][info] [#0:script/workspace/loading.lua:100]: Preload file at: file:///home/khel/dotfiles/local/.local/share/nvim/lazy/LazyVim/lua/lazyvim/plugins/treesitter.lua , size = 4.375 KB
[14:15:53.102][info] [#0:script/workspace/loading.lua:112]: ++++As library of:	file:///home/khel/dotfiles/local/.local/share/nvim/lazy/LazyVim/lua
[14:15:53.102][info] [#0:script/workspace/loading.lua:100]: Preload file at: file:///home/khel/dotfiles/local/.local/share/nvim/lazy/LazyVim/lua/lazyvim/plugins/formatting.lua , size = 3.232 KB
[14:15:53.106][info] [#0:script/workspace/loading.lua:112]: ++++As library of:	file:///home/khel/dotfiles/local/.local/share/nvim/lazy/LazyVim/lua
[14:15:53.106][info] [#0:script/workspace/loading.lua:100]: Preload file at: file:///home/khel/dotfiles/local/.local/share/nvim/lazy/LazyVim/lua/lazyvim/plugins/coding.lua , size = 2.443 KB
[14:15:53.109][info] [#0:script/workspace/loading.lua:112]: ++++As library of:	file:///home/khel/dotfiles/local/.local/share/nvim/lazy/LazyVim/lua
[14:15:53.109][info] [#0:script/workspace/loading.lua:100]: Preload file at: file:///home/khel/dotfiles/local/.local/share/nvim/lazy/LazyVim/lua/lazyvim/plugins/ui.lua , size = 12.364 KB
[14:15:53.123][info] [#0:script/workspace/loading.lua:112]: ++++As library of:	file:///home/khel/dotfiles/local/.local/share/nvim/lazy/LazyVim/lua
[14:15:53.123][info] [#0:script/workspace/loading.lua:100]: Preload file at: file:///home/khel/dotfiles/local/.local/share/nvim/lazy/LazyVim/lua/lazyvim/plugins/compat/nvim-0_9.lua , size = 1.075 KB
[14:15:53.125][info] [#0:script/workspace/loading.lua:112]: ++++As library of:	file:///home/khel/dotfiles/local/.local/share/nvim/lazy/LazyVim/lua
[14:15:53.125][info] [#0:script/workspace/loading.lua:100]: Preload file at: file:///home/khel/dotfiles/local/.local/share/nvim/lazy/LazyVim/lua/lazyvim/plugins/editor.lua , size = 8.687 KB
[14:15:53.135][info] [#0:script/workspace/loading.lua:112]: ++++As library of:	file:///home/khel/dotfiles/local/.local/share/nvim/lazy/LazyVim/lua
[14:15:53.135][info] [#0:script/workspace/loading.lua:100]: Preload file at: file:///home/khel/dotfiles/local/.local/share/nvim/lazy/LazyVim/lua/lazyvim/init.lua , size = 0.146 KB
[14:15:53.136][info] [#0:script/workspace/loading.lua:112]: ++++As library of:	file:///home/khel/dotfiles/local/.local/share/nvim/lazy/LazyVim/lua
[14:15:53.136][info] [#0:script/workspace/loading.lua:100]: Preload file at: file:///home/khel/dotfiles/local/.local/share/nvim/lazy/LazyVim/lua/lazyvim/health.lua , size = 1.044 KB
[14:15:53.138][info] [#0:script/workspace/loading.lua:112]: ++++As library of:	file:///home/khel/dotfiles/local/.local/share/nvim/lazy/LazyVim/lua
[14:15:53.139][info] [#0:script/workspace/loading.lua:100]: Preload file at: file:///home/khel/dotfiles/local/.local/share/nvim/lazy/LazyVim/lua/lazyvim/types.lua , size = 0.644 KB
[14:15:53.140][info] [#0:script/workspace/loading.lua:112]: ++++As library of:	file:///home/khel/dotfiles/local/.local/share/nvim/lazy/LazyVim/lua
[14:15:53.140][info] [#0:script/workspace/loading.lua:100]: Preload file at: file:///home/khel/dotfiles/local/.local/share/nvim/lazy/LazyVim/lua/lazyvim/config/init.lua , size = 11.460 KB
[14:15:53.155][info] [#0:script/workspace/loading.lua:112]: ++++As library of:	file:///home/khel/dotfiles/local/.local/share/nvim/lazy/LazyVim/lua
[14:15:53.156][info] [#0:script/workspace/loading.lua:100]: Preload file at: file:///home/khel/dotfiles/local/.local/share/nvim/lazy/LazyVim/lua/lazyvim/config/options.lua , size = 4.666 KB
[14:15:53.161][info] [#0:script/workspace/loading.lua:112]: ++++As library of:	file:///home/khel/dotfiles/local/.local/share/nvim/lazy/LazyVim/lua
[14:15:53.161][info] [#0:script/workspace/loading.lua:100]: Preload file at: file:///home/khel/dotfiles/local/.local/share/nvim/lazy/LazyVim/lua/lazyvim/config/autocmds.lua , size = 3.310 KB
[14:15:53.166][info] [#0:script/workspace/loading.lua:112]: ++++As library of:	file:///home/khel/dotfiles/local/.local/share/nvim/lazy/LazyVim/lua
[14:15:53.166][info] [#0:script/workspace/loading.lua:100]: Preload file at: file:///home/khel/dotfiles/local/.local/share/nvim/lazy/LazyVim/lua/lazyvim/config/keymaps.lua , size = 10.117 KB
[14:15:53.181][info] [#0:script/workspace/loading.lua:112]: ++++As library of:	file:///home/khel/dotfiles/local/.local/share/nvim/lazy/LazyVim/lua
[14:15:53.181][info] [#0:script/workspace/loading.lua:100]: Preload file at: file:///home/khel/dotfiles/local/.local/share/nvim/mason/packages/lua-language-server/libexec/meta/LuaJIT%20en-us%20utf8/table/new.lua , size = 0.642 KB
[14:15:53.183][info] [#0:script/workspace/loading.lua:112]: ++++As library of:	file:///home/khel/dotfiles/local/.local/share/nvim/mason/packages/lua-language-server/libexec/meta/LuaJIT%20en-us%20utf8/table/new.lua
[14:15:53.183][info] [#0:script/workspace/loading.lua:100]: Preload file at: file:///home/khel/dotfiles/local/.local/share/nvim/mason/packages/lua-language-server/libexec/meta/LuaJIT%20en-us%20utf8/string/buffer.lua , size = 18.123 KB
[14:15:53.193][info] [#0:script/workspace/loading.lua:112]: ++++As library of:	file:///home/khel/dotfiles/local/.local/share/nvim/mason/packages/lua-language-server/libexec/meta/LuaJIT%20en-us%20utf8/string/buffer.lua
[14:15:53.193][info] [#0:script/workspace/loading.lua:100]: Preload file at: file:///home/khel/dotfiles/local/.local/share/nvim/mason/packages/lua-language-server/libexec/meta/LuaJIT%20en-us%20utf8/coroutine.lua , size = 2.541 KB
[14:15:53.197][info] [#0:script/workspace/loading.lua:112]: ++++As library of:	file:///home/khel/dotfiles/local/.local/share/nvim/mason/packages/lua-language-server/libexec/meta/LuaJIT%20en-us%20utf8/coroutine.lua
[14:15:53.197][info] [#0:script/workspace/loading.lua:100]: Preload file at: file:///home/khel/dotfiles/local/.local/share/nvim/mason/packages/lua-language-server/libexec/meta/LuaJIT%20en-us%20utf8/basic.lua , size = 15.443 KB
[14:15:53.215][info] [#0:script/workspace/loading.lua:112]: ++++As library of:	file:///home/khel/dotfiles/local/.local/share/nvim/mason/packages/lua-language-server/libexec/meta/LuaJIT%20en-us%20utf8/basic.lua
[14:15:53.217][info] [#0:script/workspace/loading.lua:100]: Preload file at: file:///home/khel/dotfiles/local/.local/share/nvim/mason/packages/lua-language-server/libexec/meta/LuaJIT%20en-us%20utf8/jit.lua , size = 0.884 KB
[14:15:53.220][info] [#0:script/workspace/loading.lua:112]: ++++As library of:	file:///home/khel/dotfiles/local/.local/share/nvim/mason/packages/lua-language-server/libexec/meta/LuaJIT%20en-us%20utf8/jit.lua
[14:15:53.220][info] [#0:script/workspace/loading.lua:100]: Preload file at: file:///home/khel/dotfiles/local/.local/share/nvim/mason/packages/lua-language-server/libexec/meta/LuaJIT%20en-us%20utf8/io.lua , size = 6.364 KB
[14:15:53.228][info] [#0:script/workspace/loading.lua:112]: ++++As library of:	file:///home/khel/dotfiles/local/.local/share/nvim/mason/packages/lua-language-server/libexec/meta/LuaJIT%20en-us%20utf8/io.lua
[14:15:53.228][info] [#0:script/workspace/loading.lua:100]: Preload file at: file:///home/khel/dotfiles/local/.local/share/nvim/mason/packages/lua-language-server/libexec/meta/LuaJIT%20en-us%20utf8/builtin.lua , size = 0.302 KB
[14:15:53.230][info] [#0:script/workspace/loading.lua:112]: ++++As library of:	file:///home/khel/dotfiles/local/.local/share/nvim/mason/packages/lua-language-server/libexec/meta/LuaJIT%20en-us%20utf8/builtin.lua
[14:15:53.230][info] [#0:script/workspace/loading.lua:100]: Preload file at: file:///home/khel/dotfiles/local/.local/share/nvim/mason/packages/lua-language-server/libexec/meta/LuaJIT%20en-us%20utf8/jit/profile.lua , size = 0.348 KB
[14:15:53.232][info] [#0:script/workspace/loading.lua:112]: ++++As library of:	file:///home/khel/dotfiles/local/.local/share/nvim/mason/packages/lua-language-server/libexec/meta/LuaJIT%20en-us%20utf8/jit/profile.lua
[14:15:53.232][info] [#0:script/workspace/loading.lua:100]: Preload file at: file:///home/khel/dotfiles/local/.local/share/nvim/mason/packages/lua-language-server/libexec/meta/LuaJIT%20en-us%20utf8/jit/util.lua , size = 1.984 KB
[14:15:53.236][info] [#0:script/workspace/loading.lua:112]: ++++As library of:	file:///home/khel/dotfiles/local/.local/share/nvim/mason/packages/lua-language-server/libexec/meta/LuaJIT%20en-us%20utf8/jit/util.lua
[14:15:53.237][info] [#0:script/workspace/loading.lua:100]: Preload file at: file:///home/khel/dotfiles/local/.local/share/nvim/mason/packages/lua-language-server/libexec/meta/LuaJIT%20en-us%20utf8/bit.lua , size = 1.243 KB
[14:15:53.240][info] [#0:script/workspace/loading.lua:112]: ++++As library of:	file:///home/khel/dotfiles/local/.local/share/nvim/mason/packages/lua-language-server/libexec/meta/LuaJIT%20en-us%20utf8/bit.lua
[14:15:53.240][info] [#0:script/workspace/loading.lua:100]: Preload file at: file:///home/khel/dotfiles/local/.local/share/nvim/mason/packages/lua-language-server/libexec/meta/LuaJIT%20en-us%20utf8/table/clear.lua , size = 0.797 KB
[14:15:53.241][info] [#0:script/workspace/loading.lua:112]: ++++As library of:	file:///home/khel/dotfiles/local/.local/share/nvim/mason/packages/lua-language-server/libexec/meta/LuaJIT%20en-us%20utf8/table/clear.lua
[14:15:53.243][info] [#0:script/workspace/loading.lua:100]: Preload file at: file:///home/khel/dotfiles/local/.local/share/nvim/mason/packages/lua-language-server/libexec/meta/LuaJIT%20en-us%20utf8/os.lua , size = 5.611 KB
[14:15:53.250][info] [#0:script/workspace/loading.lua:112]: ++++As library of:	file:///home/khel/dotfiles/local/.local/share/nvim/mason/packages/lua-language-server/libexec/meta/LuaJIT%20en-us%20utf8/os.lua
[14:15:53.251][info] [#0:script/workspace/loading.lua:100]: Preload file at: file:///home/khel/dotfiles/local/.local/share/nvim/mason/packages/lua-language-server/libexec/meta/LuaJIT%20en-us%20utf8/table.lua , size = 4.445 KB
[14:15:53.257][info] [#0:script/workspace/loading.lua:112]: ++++As library of:	file:///home/khel/dotfiles/local/.local/share/nvim/mason/packages/lua-language-server/libexec/meta/LuaJIT%20en-us%20utf8/table.lua
[14:15:53.257][info] [#0:script/workspace/loading.lua:100]: Preload file at: file:///home/khel/dotfiles/local/.local/share/nvim/mason/packages/lua-language-server/libexec/meta/LuaJIT%20en-us%20utf8/debug.lua , size = 7.310 KB
[14:15:53.267][info] [#0:script/workspace/loading.lua:112]: ++++As library of:	file:///home/khel/dotfiles/local/.local/share/nvim/mason/packages/lua-language-server/libexec/meta/LuaJIT%20en-us%20utf8/debug.lua
[14:15:53.267][info] [#0:script/workspace/loading.lua:100]: Preload file at: file:///home/khel/dotfiles/nvim/.config/nvim/init.lua , size = 0.070 KB
[14:15:53.268][info] [#0:script/workspace/loading.lua:172]: Loaded files takes [4.524] sec: file:///home/khel/dotfiles/nvim/.config/nvim
[14:15:53.268][info] [#0:script/workspace/loading.lua:181]: Compile files takes [0.000] sec: file:///home/khel/dotfiles/nvim/.config/nvim
[14:15:53.268][info] [#0:script/workspace/loading.lua:182]: Loaded finish:	file:///home/khel/dotfiles/nvim/.config/nvim
[14:15:53.268][info] [#0:script/workspace/workspace.lua:381]: Preload finish at:	file:///home/khel/dotfiles/nvim/.config/nvim
[14:15:53.381][info] [#0:script/provider/diagnostic.lua:560]: Diagnostics scope [file:///home/khel/dotfiles/nvim/.config/nvim], files count:[322]
[14:15:53.388][warn] [#0:script/proto/proto.lua:189]: Method [textDocument/didOpen] takes [4.809]sec. {
  jsonrpc = "2.0",
  method = "textDocument/didOpen",
  params = {
    textDocument = {
      languageId = "lua",
      text = '"***"',
      uri = "file:///home/khel/dotfiles/nvim/.config/nvim/lua/config/keymaps.lua",
      version = 0
    }
  }
}
[14:15:53.388][warn] [#0:script/proto/proto.lua:189]: Method [textDocument/inlayHint] takes [4.720]sec. {
  id = 7,
  jsonrpc = "2.0",
  method = "textDocument/inlayHint",
  params = {
    range = {
      end = {
        character = 0,
        line = 3
      },
      start = {
        character = 0,
        line = 0
      }
    },
    textDocument = {
      uri = "file:///home/khel/dotfiles/nvim/.config/nvim/lua/config/keymaps.lua"
    }
  }
}
[14:15:53.389][warn] [#0:script/proto/proto.lua:189]: Method [textDocument/inlayHint] takes [4.720]sec. {
  id = 9,
  jsonrpc = "2.0",
  method = "textDocument/inlayHint",
  params = {
    range = {
      end = {
        character = 0,
        line = 3
      },
      start = {
        character = 0,
        line = 0
      }
    },
    textDocument = {
      uri = "file:///home/khel/dotfiles/nvim/.config/nvim/lua/config/keymaps.lua"
    }
  }
}
[14:15:53.389][warn] [#0:script/proto/proto.lua:189]: Method [textDocument/inlayHint] takes [4.720]sec. {
  id = 11,
  jsonrpc = "2.0",
  method = "textDocument/inlayHint",
  params = {
    range = {
      end = {
        character = 0,
        line = 3
      },
      start = {
        character = 0,
        line = 0
      }
    },
    textDocument = {
      uri = "file:///home/khel/dotfiles/nvim/.config/nvim/lua/config/keymaps.lua"
    }
  }
}
[14:15:53.389][warn] [#0:script/proto/proto.lua:189]: Method [textDocument/inlayHint] takes [4.720]sec. {
  id = 13,
  jsonrpc = "2.0",
  method = "textDocument/inlayHint",
  params = {
    range = {
      end = {
        character = 0,
        line = 3
      },
      start = {
        character = 0,
        line = 0
      }
    },
    textDocument = {
      uri = "file:///home/khel/dotfiles/nvim/.config/nvim/lua/config/keymaps.lua"
    }
  }
}
[14:15:53.389][warn] [#0:script/proto/proto.lua:189]: Method [textDocument/inlayHint] takes [4.720]sec. {
  id = 15,
  jsonrpc = "2.0",
  method = "textDocument/inlayHint",
  params = {
    range = {
      end = {
        character = 0,
        line = 3
      },
      start = {
        character = 0,
        line = 0
      }
    },
    textDocument = {
      uri = "file:///home/khel/dotfiles/nvim/.config/nvim/lua/config/keymaps.lua"
    }
  }
}
[14:15:53.390][warn] [#0:script/proto/proto.lua:189]: Method [textDocument/inlayHint] takes [4.720]sec. {
  id = 17,
  jsonrpc = "2.0",
  method = "textDocument/inlayHint",
  params = {
    range = {
      end = {
        character = 0,
        line = 3
      },
      start = {
        character = 0,
        line = 0
      }
    },
    textDocument = {
      uri = "file:///home/khel/dotfiles/nvim/.config/nvim/lua/config/keymaps.lua"
    }
  }
}
[14:15:53.391][warn] [#0:script/proto/proto.lua:189]: Method [textDocument/documentSymbol] takes [4.812]sec. {
  id = 5,
  jsonrpc = "2.0",
  method = "textDocument/documentSymbol",
  params = {
    textDocument = {
      uri = "file:///home/khel/dotfiles/nvim/.config/nvim/lua/config/keymaps.lua"
    }
  }
}
[14:15:53.391][warn] [#0:script/proto/proto.lua:189]: Method [textDocument/semanticTokens/full] takes [4.722]sec. {
  id = 16,
  jsonrpc = "2.0",
  method = "textDocument/semanticTokens/full",
  params = {
    textDocument = {
      uri = "file:///home/khel/dotfiles/nvim/.config/nvim/lua/config/keymaps.lua"
    }
  }
}
[14:15:53.475][info] [#0:script/provider/diagnostic.lua:577]: Diagnostics scope [file:///home/khel/dotfiles/nvim/.config/nvim] finished, takes [0.070] sec.
[14:15:54.099][warn] [#0:script/await.lua:213]: Await step takes [0.617] sec.
[14:16:15.787][info] [#0:script/provider/diagnostic.lua:171]: clearDiagnostics	file:///home/khel/dotfiles/nvim/.config/nvim/lua/config/keymaps.lua
[14:16:17.218][info] [#0:script/provider/diagnostic.lua:171]: clearDiagnostics	file:///home/khel/dotfiles/nvim/.config/nvim/lua/config/keymaps.lua
[14:16:27.746][info] [#0:script/provider/diagnostic.lua:560]: Diagnostics scope [file:///home/khel/dotfiles/nvim/.config/nvim], files count:[322]
[14:16:27.829][info] [#0:script/provider/diagnostic.lua:577]: Diagnostics scope [file:///home/khel/dotfiles/nvim/.config/nvim] finished, takes [0.057] sec.
[14:16:28.407][warn] [#0:script/await.lua:213]: Await step takes [0.572] sec.
[14:16:28.511][info] [#0:script/provider/provider.lua:176]: Server shutdown.
[14:16:28.511][warn] [#0:script/pub/report.lua:24]: Load proto error:	Disconnected!
