[21:22:39.604][info] [#0:/home/donkhekong/dotfiles/local/.local/share/nvim/mason/packages/lua-language-server/libexec/main.lua:68]: Lua Lsp startup, root: 	/home/donkhekong/dotfiles/local/.local/share/nvim/mason/packages/lua-language-server/libexec
[21:22:39.604][info] [#0:/home/donkhekong/dotfiles/local/.local/share/nvim/mason/packages/lua-language-server/libexec/main.lua:69]: ROOT:	/home/donkhekong/dotfiles/local/.local/share/nvim/mason/packages/lua-language-server/libexec
[21:22:39.604][info] [#0:/home/donkhekong/dotfiles/local/.local/share/nvim/mason/packages/lua-language-server/libexec/main.lua:70]: LOGPATH:	/home/donkhekong/dotfiles/local/.local/share/nvim/mason/packages/lua-language-server/libexec/log
[21:22:39.604][info] [#0:/home/donkhekong/dotfiles/local/.local/share/nvim/mason/packages/lua-language-server/libexec/main.lua:71]: METAPATH:	/home/donkhekong/dotfiles/local/.local/share/nvim/mason/packages/lua-language-server/libexec/meta
[21:22:39.605][info] [#0:/home/donkhekong/dotfiles/local/.local/share/nvim/mason/packages/lua-language-server/libexec/main.lua:72]: VERSION:	3.15.0
[21:22:39.635][info] [#0:script/proto/proto.lua:260]: Listen Mode: stdio
[21:22:39.635][info] [#0:script/service/service.lua:145]: 
========= Medical Examination Report =========
    --------------- Memory ---------------
        Total: 2.267 MB
        # 00 : 2.267 MB
        # 01 : 0.000 MB
        # 02 : 0.000 MB
        # 03 : 0.000 MB
        # 04 : 0.000 MB
    --------------- Coroutine ---------------
        Total:     0
        Running:   0
        Suspended: 0
        Normal:    0
        Dead:      0
    --------------- Cache ---------------
        Total: 1
        Dead:  0
    ---------------  RPC  ---------------
        Holdon:   0
        Waiting:  0
==============================================
[21:22:39.741][info] [#0:script/client.lua:657]: Client init	{
  capabilities = {
    general = {
      positionEncodings = { "utf-8", "utf-16", "utf-32" }
    },
    textDocument = {
      callHierarchy = {
        dynamicRegistration = false
      },
      codeAction = {
        codeActionLiteralSupport = {
          codeActionKind = {
            valueSet = { "", "quickfix", "refactor", "refactor.extract", "refactor.inline", "refactor.rewrite", "source", "source.organizeImports" }
          }
        },
        dataSupport = true,
        dynamicRegistration = true,
        isPreferredSupport = true,
        resolveSupport = {
          properties = { "edit", "command" }
        }
      },
      codeLens = {
        dynamicRegistration = false,
        resolveSupport = {
          properties = { "command" }
        }
      },
      completion = {
        completionItem = {
          commitCharactersSupport = false,
          deprecatedSupport = true,
          documentationFormat = { "markdown", "plaintext" },
          insertReplaceSupport = true,
          insertTextModeSupport = {
            valueSet = { 1 }
          },
          labelDetailsSupport = true,
          preselectSupport = false,
          resolveSupport = {
            properties = { "documentation", "detail", "additionalTextEdits", "command", "data" }
          },
          snippetSupport = true,
          tagSupport = {
            valueSet = { 1 }
          }
        },
        completionItemKind = {
          valueSet = { 1, 2, 3, 4, 5, 6, 7, 8, 9, 10, 11, 12, 13, 14, 15, 16, 17, 18, 19, 20, 21, 22, 23, 24, 25 }
        },
        completionList = {
          itemDefaults = { "commitCharacters", "editRange", "insertTextFormat", "insertTextMode", "data" }
        },
        contextSupport = true,
        dynamicRegistration = false,
        insertTextMode = 1
      },
      declaration = {
        linkSupport = true
      },
      definition = {
        dynamicRegistration = true,
        linkSupport = true
      },
      diagnostic = {
        dynamicRegistration = false
      },
      documentHighlight = {
        dynamicRegistration = false
      },
      documentSymbol = {
        dynamicRegistration = false,
        hierarchicalDocumentSymbolSupport = true,
        symbolKind = {
          valueSet = { 1, 2, 3, 4, 5, 6, 7, 8, 9, 10, 11, 12, 13, 14, 15, 16, 17, 18, 19, 20, 21, 22, 23, 24, 25, 26 }
        }
      },
      foldingRange = {
        dynamicRegistration = false,
        foldingRange = {
          collapsedText = true
        },
        lineFoldingOnly = true
      },
      formatting = {
        dynamicRegistration = true
      },
      hover = {
        contentFormat = { "markdown", "plaintext" },
        dynamicRegistration = true
      },
      implementation = {
        linkSupport = true
      },
      inlayHint = {
        dynamicRegistration = true,
        resolveSupport = {
          properties = { "textEdits", "tooltip", "location", "command" }
        }
      },
      publishDiagnostics = {
        dataSupport = true,
        relatedInformation = true,
        tagSupport = {
          valueSet = { 1, 2 }
        }
      },
      rangeFormatting = {
        dynamicRegistration = true,
        rangesSupport = true
      },
      references = {
        dynamicRegistration = false
      },
      rename = {
        dynamicRegistration = true,
        prepareSupport = true
      },
      semanticTokens = {
        augmentsSyntaxTokens = true,
        dynamicRegistration = false,
        formats = { "relative" },
        multilineTokenSupport = false,
        overlappingTokenSupport = true,
        requests = {
          full = {
            delta = true
          },
          range = false
        },
        serverCancelSupport = false,
        tokenModifiers = { "declaration", "definition", "readonly", "static", "deprecated", "abstract", "async", "modification", "documentation", "defaultLibrary" },
        tokenTypes = { "namespace", "type", "class", "enum", "interface", "struct", "typeParameter", "parameter", "variable", "property", "enumMember", "event", "function", "method", "macro", "keyword", "modifier", "comment", "string", "number", "regexp", "operator", "decorator" }
      },
      signatureHelp = {
        dynamicRegistration = false,
        signatureInformation = {
          activeParameterSupport = true,
          documentationFormat = { "markdown", "plaintext" },
          parameterInformation = {
            labelOffsetSupport = true
          }
        }
      },
      synchronization = {
        didSave = true,
        dynamicRegistration = false,
        willSave = true,
        willSaveWaitUntil = true
      },
      typeDefinition = {
        linkSupport = true
      }
    },
    window = {
      showDocument = {
        support = true
      },
      showMessage = {
        messageActionItem = {
          additionalPropertiesSupport = true
        }
      },
      workDoneProgress = true
    },
    workspace = {
      applyEdit = true,
      configuration = true,
      didChangeConfiguration = {
        dynamicRegistration = false
      },
      didChangeWatchedFiles = {
        dynamicRegistration = false,
        relativePatternSupport = true
      },
      fileOperations = {
        didRename = true,
        willRename = true
      },
      inlayHint = {
        refreshSupport = true
      },
      semanticTokens = {
        refreshSupport = true
      },
      symbol = {
        dynamicRegistration = false,
        symbolKind = {
          valueSet = { 1, 2, 3, 4, 5, 6, 7, 8, 9, 10, 11, 12, 13, 14, 15, 16, 17, 18, 19, 20, 21, 22, 23, 24, 25, 26 }
        }
      },
      workspaceEdit = {
        resourceOperations = { "rename", "create", "delete" }
      },
      workspaceFolders = true
    }
  },
  clientInfo = {
    name = "Neovim",
    version = "0.11.2+dirty"
  },
  initializationOptions = {},
  processId = 28171,
  rootPath = "/home/donkhekong/.config/nvim",
  rootUri = "file:///home/donkhekong/.config/nvim",
  trace = "off",
  workDoneToken = "1",
  workspaceFolders = { {
      name = "/home/donkhekong/.config/nvim",
      uri = "file:///home/donkhekong/.config/nvim"
    } }
}
[21:22:39.741][info] [#0:script/language.lua:137]: VSC language: nil
[21:22:39.741][info] [#0:script/language.lua:138]: LS  language: en-us
[21:22:39.741][info] [#0:script/workspace/workspace.lua:38]: Workspace init root: 	file:///home/donkhekong/.config/nvim
[21:22:39.741][info] [#0:script/workspace/workspace.lua:42]: Log path: 	/home/donkhekong/dotfiles/local/.local/share/nvim/mason/packages/lua-language-server/libexec/log/file_home_donkhekong_.config_nvim.log
[21:22:39.742][info] [#0:script/workspace/workspace.lua:48]: Workspace create: 	file:///home/donkhekong/.config/nvim
[21:22:39.946][info] [#0:script/provider/provider.lua:49]: Load config from client	file:///home/donkhekong/.config/nvim
[21:22:39.947][info] [#0:script/provider/provider.lua:50]: {
  Lua = {
    codeLens = {
      enable = true
    },
    completion = {
      callSnippet = "Replace"
    },
    doc = {
      privateName = { "^_" }
    },
    hint = {
      arrayIndex = "Disable",
      enable = true,
      paramName = "Disable",
      paramType = true,
      semicolon = "Disable",
      setType = false
    },
    runtime = {
      path = { "?.lua", "?/init.lua" },
      pathStrict = true,
      version = "LuaJIT"
    },
    workspace = {
      checkThirdParty = false,
      ignoreDir = { "/lua" },
      library = { "/usr/share/nvim/runtime/lua", "/home/donkhekong/.config/nvim/lua", "/home/donkhekong/dotfiles/local/.local/share/nvim/lazy/LazyVim/lua", "/home/donkhekong/dotfiles/local/.local/share/nvim/lazy/lazy.nvim/lua" }
    }
  }
}
[21:22:39.947][info] [#0:script/provider/provider.lua:49]: Load config from client	file:///home/donkhekong/.config/nvim
[21:22:39.948][info] [#0:script/provider/provider.lua:50]: {
  Lua = {
    codeLens = {
      enable = true
    },
    completion = {
      callSnippet = "Replace"
    },
    doc = {
      privateName = { "^_" }
    },
    hint = {
      arrayIndex = "Disable",
      enable = true,
      paramName = "Disable",
      paramType = true,
      semicolon = "Disable",
      setType = false
    },
    runtime = {
      path = { "?.lua", "?/init.lua" },
      pathStrict = true,
      version = "LuaJIT"
    },
    workspace = {
      checkThirdParty = false,
      ignoreDir = { "/lua" },
      library = { "/usr/share/nvim/runtime/lua", "/home/donkhekong/.config/nvim/lua", "/home/donkhekong/dotfiles/local/.local/share/nvim/lazy/LazyVim/lua", "/home/donkhekong/dotfiles/local/.local/share/nvim/lazy/lazy.nvim/lua" }
    }
  }
}
[21:22:39.948][info] [#0:script/provider/provider.lua:49]: Load config from client	file:///home/donkhekong/.config/nvim
[21:22:39.948][info] [#0:script/provider/provider.lua:50]: {
  Lua = {
    codeLens = {
      enable = true
    },
    completion = {
      callSnippet = "Replace"
    },
    doc = {
      privateName = { "^_" }
    },
    hint = {
      arrayIndex = "Disable",
      enable = true,
      paramName = "Disable",
      paramType = true,
      semicolon = "Disable",
      setType = false
    },
    runtime = {
      path = { "?.lua", "?/init.lua" },
      pathStrict = true,
      version = "LuaJIT"
    },
    workspace = {
      checkThirdParty = false,
      ignoreDir = { "/lua" },
      library = { "/usr/share/nvim/runtime/lua", "/home/donkhekong/.config/nvim/lua", "/home/donkhekong/dotfiles/local/.local/share/nvim/lazy/LazyVim/lua", "/home/donkhekong/dotfiles/local/.local/share/nvim/lazy/lazy.nvim/lua" }
    }
  }
}
[21:22:39.949][warn] [#0:script/config/loader.lua:116]: No config?	{}
[21:22:39.949][info] [#0:script/provider/provider.lua:65]: Load config from client	fallback
[21:22:39.949][info] [#0:script/provider/provider.lua:66]: nil
[21:22:39.949][warn] [#0:script/config/loader.lua:116]: No config?	{}
[21:22:39.949][info] [#0:script/provider/provider.lua:65]: Load config from client	fallback
[21:22:39.949][info] [#0:script/provider/provider.lua:66]: nil
[21:22:39.950][warn] [#0:script/config/loader.lua:116]: No config?	{}
[21:22:39.950][info] [#0:script/provider/provider.lua:65]: Load config from client	fallback
[21:22:39.950][info] [#0:script/provider/provider.lua:66]: nil
[21:22:40.084][info] [#0:script/library.lua:212]: Init builtin library at:	file:///home/donkhekong/.config/nvim
[21:22:40.110][info] [#0:script/library.lua:212]: Init builtin library at:	nil
[21:22:40.222][info] [#0:script/workspace/workspace.lua:330]: Preload start:	file:///home/donkhekong/.config/nvim
[21:22:40.231][info] [#0:script/workspace/workspace.lua:336]: Scan files at:	file:///home/donkhekong/.config/nvim
[21:22:40.232][info] [#0:script/workspace/workspace.lua:330]: Preload start:	<fallback>
[21:22:40.234][info] [#0:script/workspace/workspace.lua:359]: Scan library at:	file:///home/donkhekong/dotfiles/local/.local/share/nvim/mason/packages/lua-language-server/libexec/meta/Lua%205.4%20en-us%20utf8/table.lua
[21:22:40.234][info] [#0:script/workspace/workspace.lua:359]: Scan library at:	file:///home/donkhekong/dotfiles/local/.local/share/nvim/mason/packages/lua-language-server/libexec/meta/Lua%205.4%20en-us%20utf8/coroutine.lua
[21:22:40.234][info] [#0:script/workspace/workspace.lua:359]: Scan library at:	file:///home/donkhekong/dotfiles/local/.local/share/nvim/mason/packages/lua-language-server/libexec/meta/Lua%205.4%20en-us%20utf8/utf8.lua
[21:22:40.235][info] [#0:script/workspace/workspace.lua:359]: Scan library at:	file:///home/donkhekong/dotfiles/local/.local/share/nvim/mason/packages/lua-language-server/libexec/meta/Lua%205.4%20en-us%20utf8/string.lua
[21:22:40.235][info] [#0:script/workspace/workspace.lua:359]: Scan library at:	file:///home/donkhekong/dotfiles/local/.local/share/nvim/mason/packages/lua-language-server/libexec/meta/Lua%205.4%20en-us%20utf8/os.lua
[21:22:40.235][info] [#0:script/workspace/workspace.lua:359]: Scan library at:	file:///home/donkhekong/dotfiles/local/.local/share/nvim/mason/packages/lua-language-server/libexec/meta/Lua%205.4%20en-us%20utf8/math.lua
[21:22:40.235][info] [#0:script/workspace/workspace.lua:359]: Scan library at:	file:///home/donkhekong/dotfiles/local/.local/share/nvim/mason/packages/lua-language-server/libexec/meta/Lua%205.4%20en-us%20utf8/debug.lua
[21:22:40.236][info] [#0:script/workspace/workspace.lua:359]: Scan library at:	file:///home/donkhekong/dotfiles/local/.local/share/nvim/mason/packages/lua-language-server/libexec/meta/Lua%205.4%20en-us%20utf8/basic.lua
[21:22:40.236][info] [#0:script/workspace/workspace.lua:359]: Scan library at:	file:///home/donkhekong/dotfiles/local/.local/share/nvim/mason/packages/lua-language-server/libexec/meta/Lua%205.4%20en-us%20utf8/io.lua
[21:22:40.236][info] [#0:script/workspace/workspace.lua:359]: Scan library at:	file:///home/donkhekong/dotfiles/local/.local/share/nvim/lazy/LazyVim/lua
[21:22:40.239][info] [#0:script/workspace/workspace.lua:359]: Scan library at:	file:///home/donkhekong/dotfiles/local/.local/share/nvim/mason/packages/lua-language-server/libexec/meta/Lua%205.4%20en-us%20utf8/package.lua
[21:22:40.239][info] [#0:script/workspace/workspace.lua:359]: Scan library at:	file:///home/donkhekong/dotfiles/local/.local/share/nvim/mason/packages/lua-language-server/libexec/meta/Lua%205.4%20en-us%20utf8/builtin.lua
[21:22:40.255][info] [#0:script/workspace/workspace.lua:359]: Scan library at:	file:///home/donkhekong/dotfiles/local/.local/share/nvim/mason/packages/lua-language-server/libexec/meta/LuaJIT%20en-us%20utf8/jit.lua
[21:22:40.255][info] [#0:script/workspace/workspace.lua:359]: Scan library at:	file:///home/donkhekong/dotfiles/local/.local/share/nvim/mason/packages/lua-language-server/libexec/meta/LuaJIT%20en-us%20utf8/package.lua
[21:22:40.255][info] [#0:script/workspace/workspace.lua:359]: Scan library at:	file:///home/donkhekong/dotfiles/local/.local/share/nvim/mason/packages/lua-language-server/libexec/meta/LuaJIT%20en-us%20utf8/table/clear.lua
[21:22:40.255][info] [#0:script/workspace/workspace.lua:359]: Scan library at:	file:///home/donkhekong/dotfiles/local/.local/share/nvim/lazy/lazy.nvim/lua
[21:22:40.263][info] [#0:script/workspace/workspace.lua:359]: Scan library at:	file:///home/donkhekong/dotfiles/local/.local/share/nvim/mason/packages/lua-language-server/libexec/meta/LuaJIT%20en-us%20utf8/table/new.lua
[21:22:40.263][info] [#0:script/workspace/workspace.lua:359]: Scan library at:	file:///home/donkhekong/dotfiles/local/.local/share/nvim/mason/packages/lua-language-server/libexec/meta/LuaJIT%20en-us%20utf8/os.lua
[21:22:40.263][info] [#0:script/workspace/workspace.lua:359]: Scan library at:	file:///home/donkhekong/dotfiles/local/.local/share/nvim/mason/packages/lua-language-server/libexec/meta/LuaJIT%20en-us%20utf8/debug.lua
[21:22:40.263][info] [#0:script/workspace/workspace.lua:359]: Scan library at:	file:///home/donkhekong/dotfiles/local/.local/share/nvim/mason/packages/lua-language-server/libexec/meta/LuaJIT%20en-us%20utf8/basic.lua
[21:22:40.263][info] [#0:script/workspace/workspace.lua:359]: Scan library at:	file:///home/donkhekong/dotfiles/local/.local/share/nvim/mason/packages/lua-language-server/libexec/meta/LuaJIT%20en-us%20utf8/string/buffer.lua
[21:22:40.264][info] [#0:script/workspace/workspace.lua:359]: Scan library at:	file:///home/donkhekong/.config/nvim/lua
[21:22:40.264][info] [#0:script/workspace/workspace.lua:359]: Scan library at:	file:///home/donkhekong/dotfiles/local/.local/share/nvim/mason/packages/lua-language-server/libexec/meta/LuaJIT%20en-us%20utf8/ffi.lua
[21:22:40.265][info] [#0:script/workspace/workspace.lua:359]: Scan library at:	file:///home/donkhekong/dotfiles/local/.local/share/nvim/mason/packages/lua-language-server/libexec/meta/LuaJIT%20en-us%20utf8/string.lua
[21:22:40.265][info] [#0:script/workspace/workspace.lua:359]: Scan library at:	file:///home/donkhekong/dotfiles/local/.local/share/nvim/mason/packages/lua-language-server/libexec/meta/LuaJIT%20en-us%20utf8/builtin.lua
[21:22:40.265][info] [#0:script/workspace/workspace.lua:359]: Scan library at:	file:///home/donkhekong/dotfiles/local/.local/share/nvim/mason/packages/lua-language-server/libexec/meta/LuaJIT%20en-us%20utf8/coroutine.lua
[21:22:40.265][info] [#0:script/workspace/workspace.lua:359]: Scan library at:	file:///home/donkhekong/dotfiles/local/.local/share/nvim/mason/packages/lua-language-server/libexec/meta/LuaJIT%20en-us%20utf8/math.lua
[21:22:40.265][info] [#0:script/workspace/workspace.lua:359]: Scan library at:	file:///home/donkhekong/dotfiles/local/.local/share/nvim/mason/packages/lua-language-server/libexec/meta/LuaJIT%20en-us%20utf8/bit.lua
[21:22:40.265][info] [#0:script/workspace/workspace.lua:359]: Scan library at:	file:///home/donkhekong/dotfiles/local/.local/share/nvim/mason/packages/lua-language-server/libexec/meta/LuaJIT%20en-us%20utf8/jit/util.lua
[21:22:40.266][info] [#0:script/workspace/workspace.lua:359]: Scan library at:	file:///home/donkhekong/dotfiles/local/.local/share/nvim/mason/packages/lua-language-server/libexec/meta/LuaJIT%20en-us%20utf8/table.lua
[21:22:40.266][info] [#0:script/workspace/workspace.lua:359]: Scan library at:	file:///home/donkhekong/dotfiles/local/.local/share/nvim/mason/packages/lua-language-server/libexec/meta/LuaJIT%20en-us%20utf8/io.lua
[21:22:40.266][info] [#0:script/workspace/workspace.lua:359]: Scan library at:	file:///usr/share/nvim/runtime/lua
[21:22:40.277][info] [#0:script/workspace/workspace.lua:359]: Scan library at:	file:///home/donkhekong/dotfiles/local/.local/share/nvim/mason/packages/lua-language-server/libexec/meta/LuaJIT%20en-us%20utf8/jit/profile.lua
[21:22:40.378][info] [#0:script/workspace/workspace.lua:385]: Found 11 files at:	<fallback>
[21:22:40.378][info] [#0:script/workspace/loading.lua:160]: Load files from disk:	<fallback>
[21:22:40.378][info] [#0:script/workspace/workspace.lua:385]: Found 322 files at:	file:///home/donkhekong/.config/nvim
[21:22:40.378][info] [#0:script/workspace/loading.lua:160]: Load files from disk:	file:///home/donkhekong/.config/nvim
[21:22:40.381][info] [#0:script/workspace/loading.lua:100]: Preload file at: file:///home/donkhekong/dotfiles/local/.local/share/nvim/mason/packages/lua-language-server/libexec/meta/Lua%205.4%20en-us%20utf8/builtin.lua , size = 0.302 KB
[21:22:40.384][info] [#0:script/workspace/loading.lua:112]: ++++As library of:	file:///home/donkhekong/dotfiles/local/.local/share/nvim/mason/packages/lua-language-server/libexec/meta/Lua%205.4%20en-us%20utf8/builtin.lua
[21:22:40.384][info] [#0:script/workspace/loading.lua:100]: Preload file at: file:///home/donkhekong/dotfiles/local/.local/share/nvim/mason/packages/lua-language-server/libexec/meta/LuaJIT%20en-us%20utf8/jit/profile.lua , size = 0.348 KB
[21:22:40.387][info] [#0:script/workspace/loading.lua:112]: ++++As library of:	file:///home/donkhekong/dotfiles/local/.local/share/nvim/mason/packages/lua-language-server/libexec/meta/LuaJIT%20en-us%20utf8/jit/profile.lua
[21:22:40.387][info] [#0:script/workspace/loading.lua:100]: Preload file at: file:///home/donkhekong/dotfiles/local/.local/share/nvim/mason/packages/lua-language-server/libexec/meta/Lua%205.4%20en-us%20utf8/package.lua , size = 2.944 KB
[21:22:40.392][info] [#0:script/workspace/loading.lua:112]: ++++As library of:	file:///home/donkhekong/dotfiles/local/.local/share/nvim/mason/packages/lua-language-server/libexec/meta/Lua%205.4%20en-us%20utf8/package.lua
[21:22:40.392][info] [#0:script/workspace/loading.lua:100]: Preload file at: file:///home/donkhekong/dotfiles/local/.local/share/nvim/mason/packages/lua-language-server/libexec/meta/Lua%205.4%20en-us%20utf8/io.lua , size = 6.364 KB
[21:22:40.409][info] [#0:script/workspace/loading.lua:112]: ++++As library of:	file:///home/donkhekong/dotfiles/local/.local/share/nvim/mason/packages/lua-language-server/libexec/meta/Lua%205.4%20en-us%20utf8/io.lua
[21:22:40.409][info] [#0:script/workspace/loading.lua:100]: Preload file at: file:///usr/share/nvim/runtime/lua/vim/F.lua , size = 1.076 KB
[21:22:40.412][info] [#0:script/workspace/loading.lua:112]: ++++As library of:	file:///usr/share/nvim/runtime/lua
[21:22:40.412][info] [#0:script/workspace/loading.lua:100]: Preload file at: file:///home/donkhekong/dotfiles/local/.local/share/nvim/mason/packages/lua-language-server/libexec/meta/Lua%205.4%20en-us%20utf8/basic.lua , size = 15.841 KB
[21:22:40.431][info] [#0:script/workspace/loading.lua:112]: ++++As library of:	file:///home/donkhekong/dotfiles/local/.local/share/nvim/mason/packages/lua-language-server/libexec/meta/Lua%205.4%20en-us%20utf8/basic.lua
[21:22:40.431][info] [#0:script/workspace/loading.lua:100]: Preload file at: file:///usr/share/nvim/runtime/lua/vim/re.lua , size = 6.527 KB
[21:22:40.442][info] [#0:script/workspace/loading.lua:112]: ++++As library of:	file:///usr/share/nvim/runtime/lua
[21:22:40.442][info] [#0:script/workspace/loading.lua:100]: Preload file at: file:///home/donkhekong/dotfiles/local/.local/share/nvim/mason/packages/lua-language-server/libexec/meta/Lua%205.4%20en-us%20utf8/debug.lua , size = 7.637 KB
[21:22:40.448][info] [#0:script/workspace/loading.lua:112]: ++++As library of:	file:///home/donkhekong/dotfiles/local/.local/share/nvim/mason/packages/lua-language-server/libexec/meta/Lua%205.4%20en-us%20utf8/debug.lua
[21:22:40.448][info] [#0:script/workspace/loading.lua:100]: Preload file at: file:///usr/share/nvim/runtime/lua/vim/treesitter/_headings.lua , size = 3.902 KB
[21:22:40.451][info] [#0:script/workspace/loading.lua:112]: ++++As library of:	file:///usr/share/nvim/runtime/lua
[21:22:40.451][info] [#0:script/workspace/loading.lua:100]: Preload file at: file:///usr/share/nvim/runtime/lua/vim/filetype.lua , size = 78.884 KB
[21:22:40.506][info] [#0:script/workspace/loading.lua:112]: ++++As library of:	file:///usr/share/nvim/runtime/lua
[21:22:40.506][info] [#0:script/workspace/loading.lua:100]: Preload file at: file:///home/donkhekong/dotfiles/local/.local/share/nvim/mason/packages/lua-language-server/libexec/meta/Lua%205.4%20en-us%20utf8/math.lua , size = 8.542 KB
[21:22:40.513][info] [#0:script/workspace/loading.lua:112]: ++++As library of:	file:///home/donkhekong/dotfiles/local/.local/share/nvim/mason/packages/lua-language-server/libexec/meta/Lua%205.4%20en-us%20utf8/math.lua
[21:22:40.513][info] [#0:script/workspace/loading.lua:100]: Preload file at: file:///usr/share/nvim/runtime/lua/vim/treesitter/_query_linter.lua , size = 7.818 KB
[21:22:40.530][info] [#0:script/workspace/loading.lua:112]: ++++As library of:	file:///usr/share/nvim/runtime/lua
[21:22:40.530][info] [#0:script/workspace/loading.lua:100]: Preload file at: file:///home/donkhekong/dotfiles/local/.local/share/nvim/mason/packages/lua-language-server/libexec/meta/Lua%205.4%20en-us%20utf8/os.lua , size = 5.611 KB
[21:22:40.535][info] [#0:script/workspace/loading.lua:112]: ++++As library of:	file:///home/donkhekong/dotfiles/local/.local/share/nvim/mason/packages/lua-language-server/libexec/meta/Lua%205.4%20en-us%20utf8/os.lua
[21:22:40.535][info] [#0:script/workspace/loading.lua:100]: Preload file at: file:///usr/share/nvim/runtime/lua/vim/treesitter/highlighter.lua , size = 15.112 KB
[21:22:40.546][info] [#0:script/workspace/loading.lua:112]: ++++As library of:	file:///usr/share/nvim/runtime/lua
[21:22:40.546][info] [#0:script/workspace/loading.lua:100]: Preload file at: file:///usr/share/nvim/runtime/lua/vim/treesitter/_range.lua , size = 3.923 KB
[21:22:40.551][info] [#0:script/workspace/loading.lua:112]: ++++As library of:	file:///usr/share/nvim/runtime/lua
[21:22:40.551][info] [#0:script/workspace/loading.lua:100]: Preload file at: file:///home/donkhekong/dotfiles/local/.local/share/nvim/mason/packages/lua-language-server/libexec/meta/Lua%205.4%20en-us%20utf8/string.lua , size = 5.234 KB
[21:22:40.555][info] [#0:script/workspace/loading.lua:112]: ++++As library of:	file:///home/donkhekong/dotfiles/local/.local/share/nvim/mason/packages/lua-language-server/libexec/meta/Lua%205.4%20en-us%20utf8/string.lua
[21:22:40.555][info] [#0:script/workspace/loading.lua:100]: Preload file at: file:///home/donkhekong/dotfiles/local/.local/share/nvim/mason/packages/lua-language-server/libexec/meta/Lua%205.4%20en-us%20utf8/utf8.lua , size = 2.386 KB
[21:22:40.557][info] [#0:script/workspace/loading.lua:112]: ++++As library of:	file:///home/donkhekong/dotfiles/local/.local/share/nvim/mason/packages/lua-language-server/libexec/meta/Lua%205.4%20en-us%20utf8/utf8.lua
[21:22:40.557][info] [#0:script/workspace/loading.lua:100]: Preload file at: file:///usr/share/nvim/runtime/lua/vim/treesitter/health.lua , size = 1.551 KB
[21:22:40.559][info] [#0:script/workspace/loading.lua:112]: ++++As library of:	file:///usr/share/nvim/runtime/lua
[21:22:40.559][info] [#0:script/workspace/loading.lua:100]: Preload file at: file:///home/donkhekong/dotfiles/local/.local/share/nvim/mason/packages/lua-language-server/libexec/meta/Lua%205.4%20en-us%20utf8/coroutine.lua , size = 2.590 KB
[21:22:40.561][info] [#0:script/workspace/loading.lua:112]: ++++As library of:	file:///home/donkhekong/dotfiles/local/.local/share/nvim/mason/packages/lua-language-server/libexec/meta/Lua%205.4%20en-us%20utf8/coroutine.lua
[21:22:40.561][info] [#0:script/workspace/loading.lua:100]: Preload file at: file:///home/donkhekong/dotfiles/local/.local/share/nvim/mason/packages/lua-language-server/libexec/meta/Lua%205.4%20en-us%20utf8/table.lua , size = 4.445 KB
[21:22:40.565][info] [#0:script/workspace/loading.lua:112]: ++++As library of:	file:///home/donkhekong/dotfiles/local/.local/share/nvim/mason/packages/lua-language-server/libexec/meta/Lua%205.4%20en-us%20utf8/table.lua
[21:22:40.565][info] [#0:script/workspace/loading.lua:100]: Preload file at: file:///usr/share/nvim/runtime/lua/vim/treesitter/language.lua , size = 5.382 KB
[21:22:40.569][info] [#0:script/workspace/loading.lua:112]: ++++As library of:	file:///usr/share/nvim/runtime/lua
[21:22:40.569][info] [#0:script/workspace/loading.lua:100]: Preload file at: file:///usr/share/nvim/runtime/lua/vim/treesitter/_fold.lua , size = 14.803 KB
[21:22:40.579][info] [#0:script/workspace/loading.lua:112]: ++++As library of:	file:///usr/share/nvim/runtime/lua
[21:22:40.579][info] [#0:script/workspace/loading.lua:100]: Preload file at: file:///usr/share/nvim/runtime/lua/vim/treesitter/_meta/misc.lua , size = 2.809 KB
[21:22:40.583][info] [#0:script/workspace/loading.lua:112]: ++++As library of:	file:///usr/share/nvim/runtime/lua
[21:22:40.583][info] [#0:script/workspace/loading.lua:100]: Preload file at: file:///usr/share/nvim/runtime/lua/vim/treesitter/languagetree.lua , size = 40.223 KB
[21:22:40.625][info] [#0:script/workspace/loading.lua:112]: ++++As library of:	file:///usr/share/nvim/runtime/lua
[21:22:40.626][info] [#0:script/workspace/loading.lua:172]: Loaded files takes [0.251] sec: <fallback>
[21:22:40.626][info] [#0:script/workspace/loading.lua:181]: Compile files takes [0.000] sec: <fallback>
[21:22:40.626][info] [#0:script/workspace/loading.lua:182]: Loaded finish:	<fallback>
[21:22:40.626][info] [#0:script/workspace/workspace.lua:387]: Preload finish at:	<fallback>
[21:22:40.630][info] [#0:script/workspace/loading.lua:100]: Preload file at: file:///usr/share/nvim/runtime/lua/vim/treesitter/_meta/tsnode.lua , size = 5.839 KB
[21:22:40.634][info] [#0:script/workspace/loading.lua:112]: ++++As library of:	file:///usr/share/nvim/runtime/lua
[21:22:40.635][info] [#0:script/workspace/loading.lua:100]: Preload file at: file:///usr/share/nvim/runtime/lua/vim/treesitter/_meta/tstree.lua , size = 1.234 KB
[21:22:40.636][info] [#0:script/workspace/loading.lua:112]: ++++As library of:	file:///usr/share/nvim/runtime/lua
[21:22:40.636][info] [#0:script/workspace/loading.lua:100]: Preload file at: file:///usr/share/nvim/runtime/lua/vim/treesitter/_meta/tsquery.lua , size = 1.860 KB
[21:22:40.637][info] [#0:script/workspace/loading.lua:112]: ++++As library of:	file:///usr/share/nvim/runtime/lua
[21:22:40.637][info] [#0:script/workspace/loading.lua:100]: Preload file at: file:///usr/share/nvim/runtime/lua/vim/treesitter/dev.lua , size = 21.149 KB
[21:22:40.654][info] [#0:script/workspace/loading.lua:112]: ++++As library of:	file:///usr/share/nvim/runtime/lua
[21:22:40.654][info] [#0:script/workspace/loading.lua:100]: Preload file at: file:///usr/share/nvim/runtime/lua/vim/treesitter/query.lua , size = 37.908 KB
[21:22:40.681][info] [#0:script/workspace/loading.lua:112]: ++++As library of:	file:///usr/share/nvim/runtime/lua
[21:22:40.681][info] [#0:script/workspace/loading.lua:100]: Preload file at: file:///usr/share/nvim/runtime/lua/vim/provider.lua , size = 0.197 KB
[21:22:40.682][info] [#0:script/workspace/loading.lua:112]: ++++As library of:	file:///usr/share/nvim/runtime/lua
[21:22:40.682][info] [#0:script/workspace/loading.lua:100]: Preload file at: file:///usr/share/nvim/runtime/lua/vim/fs.lua , size = 23.769 KB
[21:22:40.718][info] [#0:script/workspace/loading.lua:112]: ++++As library of:	file:///usr/share/nvim/runtime/lua
[21:22:40.719][info] [#0:script/workspace/loading.lua:100]: Preload file at: file:///usr/share/nvim/runtime/lua/vim/snippet.lua , size = 19.590 KB
[21:22:40.734][info] [#0:script/workspace/loading.lua:112]: ++++As library of:	file:///usr/share/nvim/runtime/lua
[21:22:40.734][info] [#0:script/workspace/loading.lua:100]: Preload file at: file:///usr/share/nvim/runtime/lua/vim/_defaults.lua , size = 32.274 KB
[21:22:40.755][info] [#0:script/workspace/loading.lua:112]: ++++As library of:	file:///usr/share/nvim/runtime/lua
[21:22:40.755][info] [#0:script/workspace/loading.lua:100]: Preload file at: file:///usr/share/nvim/runtime/lua/vim/lsp.lua , size = 52.855 KB
[21:22:40.790][info] [#0:script/workspace/loading.lua:112]: ++++As library of:	file:///usr/share/nvim/runtime/lua
[21:22:40.791][info] [#0:script/workspace/loading.lua:100]: Preload file at: file:///usr/share/nvim/runtime/lua/vim/lsp/log.lua , size = 5.593 KB
[21:22:40.795][info] [#0:script/workspace/loading.lua:112]: ++++As library of:	file:///usr/share/nvim/runtime/lua
[21:22:40.795][info] [#0:script/workspace/loading.lua:100]: Preload file at: file:///usr/share/nvim/runtime/lua/vim/lsp/diagnostic.lua , size = 11.849 KB
[21:22:40.805][info] [#0:script/workspace/loading.lua:112]: ++++As library of:	file:///usr/share/nvim/runtime/lua
[21:22:40.805][info] [#0:script/workspace/loading.lua:100]: Preload file at: file:///usr/share/nvim/runtime/lua/vim/diagnostic.lua , size = 85.015 KB
[21:22:40.899][info] [#0:script/workspace/loading.lua:112]: ++++As library of:	file:///usr/share/nvim/runtime/lua
[21:22:40.899][info] [#0:script/workspace/loading.lua:100]: Preload file at: file:///usr/share/nvim/runtime/lua/vim/lsp/client.lua , size = 40.645 KB
[21:22:40.926][info] [#0:script/workspace/loading.lua:112]: ++++As library of:	file:///usr/share/nvim/runtime/lua
[21:22:40.926][info] [#0:script/workspace/loading.lua:100]: Preload file at: file:///usr/share/nvim/runtime/lua/vim/lsp/_transport.lua , size = 5.152 KB
[21:22:40.931][info] [#0:script/workspace/loading.lua:112]: ++++As library of:	file:///usr/share/nvim/runtime/lua
[21:22:40.931][info] [#0:script/workspace/loading.lua:100]: Preload file at: file:///usr/share/nvim/runtime/lua/vim/lsp/_meta.lua , size = 0.585 KB
[21:22:40.932][info] [#0:script/workspace/loading.lua:112]: ++++As library of:	file:///usr/share/nvim/runtime/lua
[21:22:40.932][info] [#0:script/workspace/loading.lua:100]: Preload file at: file:///usr/share/nvim/runtime/lua/vim/lsp/util.lua , size = 74.574 KB
[21:22:40.988][info] [#0:script/workspace/loading.lua:112]: ++++As library of:	file:///usr/share/nvim/runtime/lua
[21:22:40.988][info] [#0:script/workspace/loading.lua:100]: Preload file at: file:///usr/share/nvim/runtime/lua/vim/lsp/completion.lua , size = 27.140 KB
[21:22:41.008][info] [#0:script/workspace/loading.lua:112]: ++++As library of:	file:///usr/share/nvim/runtime/lua
[21:22:41.009][info] [#0:script/workspace/loading.lua:100]: Preload file at: file:///usr/share/nvim/runtime/lua/vim/lsp/_changetracking.lua , size = 11.493 KB
[21:22:41.017][info] [#0:script/workspace/loading.lua:112]: ++++As library of:	file:///usr/share/nvim/runtime/lua
[21:22:41.017][info] [#0:script/workspace/loading.lua:100]: Preload file at: file:///usr/share/nvim/runtime/lua/vim/lsp/health.lua , size = 7.367 KB
[21:22:41.023][info] [#0:script/workspace/loading.lua:112]: ++++As library of:	file:///usr/share/nvim/runtime/lua
[21:22:41.024][info] [#0:script/workspace/loading.lua:100]: Preload file at: file:///usr/share/nvim/runtime/lua/vim/lsp/_tagfunc.lua , size = 3.236 KB
[21:22:41.027][info] [#0:script/workspace/loading.lua:112]: ++++As library of:	file:///usr/share/nvim/runtime/lua
[21:22:41.027][info] [#0:script/workspace/loading.lua:100]: Preload file at: file:///usr/share/nvim/runtime/lua/vim/lsp/handlers.lua , size = 24.316 KB
[21:22:41.044][info] [#0:script/workspace/loading.lua:112]: ++++As library of:	file:///usr/share/nvim/runtime/lua
[21:22:41.044][info] [#0:script/workspace/loading.lua:100]: Preload file at: file:///usr/share/nvim/runtime/lua/vim/lsp/_snippet_grammar.lua , size = 6.228 KB
[21:22:41.050][info] [#0:script/workspace/loading.lua:112]: ++++As library of:	file:///usr/share/nvim/runtime/lua
[21:22:41.050][info] [#0:script/workspace/loading.lua:100]: Preload file at: file:///usr/share/nvim/runtime/lua/vim/lsp/codelens.lua , size = 9.245 KB
[21:22:41.058][info] [#0:script/workspace/loading.lua:112]: ++++As library of:	file:///usr/share/nvim/runtime/lua
[21:22:41.058][info] [#0:script/workspace/loading.lua:100]: Preload file at: file:///usr/share/nvim/runtime/lua/vim/lsp/sync.lua , size = 15.728 KB
[21:22:41.066][info] [#0:script/workspace/loading.lua:112]: ++++As library of:	file:///usr/share/nvim/runtime/lua
[21:22:41.066][info] [#0:script/workspace/loading.lua:100]: Preload file at: file:///usr/share/nvim/runtime/lua/vim/lsp/semantic_tokens.lua , size = 27.239 KB
[21:22:41.122][info] [#0:script/workspace/loading.lua:112]: ++++As library of:	file:///usr/share/nvim/runtime/lua
[21:22:41.122][info] [#0:script/workspace/loading.lua:100]: Preload file at: file:///usr/share/nvim/runtime/lua/vim/lsp/_folding_range.lua , size = 11.103 KB
[21:22:41.131][info] [#0:script/workspace/loading.lua:112]: ++++As library of:	file:///usr/share/nvim/runtime/lua
[21:22:41.132][info] [#0:script/workspace/loading.lua:100]: Preload file at: file:///usr/share/nvim/runtime/lua/vim/lsp/_watchfiles.lua , size = 6.813 KB
[21:22:41.137][info] [#0:script/workspace/loading.lua:112]: ++++As library of:	file:///usr/share/nvim/runtime/lua
[21:22:41.137][info] [#0:script/workspace/loading.lua:100]: Preload file at: file:///usr/share/nvim/runtime/lua/vim/lsp/buf.lua , size = 42.998 KB
[21:22:41.167][info] [#0:script/workspace/loading.lua:112]: ++++As library of:	file:///usr/share/nvim/runtime/lua
[21:22:41.167][info] [#0:script/workspace/loading.lua:100]: Preload file at: file:///usr/share/nvim/runtime/lua/vim/lsp/protocol.lua , size = 44.826 KB
[21:22:41.181][info] [#0:script/workspace/loading.lua:112]: ++++As library of:	file:///usr/share/nvim/runtime/lua
[21:22:41.182][info] [#0:script/workspace/loading.lua:100]: Preload file at: file:///usr/share/nvim/runtime/lua/vim/lsp/inlay_hint.lua , size = 11.941 KB
[21:22:41.191][info] [#0:script/workspace/loading.lua:112]: ++++As library of:	file:///usr/share/nvim/runtime/lua
[21:22:41.191][info] [#0:script/workspace/loading.lua:100]: Preload file at: file:///usr/share/nvim/runtime/lua/vim/lsp/_meta/protocol.lua , size = 188.964 KB
[21:22:41.276][info] [#0:script/workspace/loading.lua:112]: ++++As library of:	file:///usr/share/nvim/runtime/lua
[21:22:41.276][info] [#0:script/workspace/loading.lua:100]: Preload file at: file:///usr/share/nvim/runtime/lua/vim/lsp/rpc.lua , size = 22.153 KB
[21:22:41.293][info] [#0:script/workspace/loading.lua:112]: ++++As library of:	file:///usr/share/nvim/runtime/lua
[21:22:41.294][info] [#0:script/workspace/loading.lua:100]: Preload file at: file:///usr/share/nvim/runtime/lua/vim/ui/clipboard/osc52.lua , size = 2.146 KB
[21:22:41.296][info] [#0:script/workspace/loading.lua:112]: ++++As library of:	file:///usr/share/nvim/runtime/lua
[21:22:41.296][info] [#0:script/workspace/loading.lua:100]: Preload file at: file:///usr/share/nvim/runtime/lua/vim/deprecated/health.lua , size = 1.260 KB
[21:22:41.298][info] [#0:script/workspace/loading.lua:112]: ++++As library of:	file:///usr/share/nvim/runtime/lua
[21:22:41.298][info] [#0:script/workspace/loading.lua:100]: Preload file at: file:///usr/share/nvim/runtime/lua/vim/_system.lua , size = 9.805 KB
[21:22:41.308][info] [#0:script/workspace/loading.lua:112]: ++++As library of:	file:///usr/share/nvim/runtime/lua
[21:22:41.308][info] [#0:script/workspace/loading.lua:100]: Preload file at: file:///usr/share/nvim/runtime/lua/vim/hl.lua , size = 6.054 KB
[21:22:41.313][info] [#0:script/workspace/loading.lua:112]: ++++As library of:	file:///usr/share/nvim/runtime/lua
[21:22:41.313][info] [#0:script/workspace/loading.lua:100]: Preload file at: file:///usr/share/nvim/runtime/lua/vim/provider/python.lua , size = 4.210 KB
[21:22:41.317][info] [#0:script/workspace/loading.lua:112]: ++++As library of:	file:///usr/share/nvim/runtime/lua
[21:22:41.317][info] [#0:script/workspace/loading.lua:100]: Preload file at: file:///usr/share/nvim/runtime/lua/vim/provider/ruby.lua , size = 1.563 KB
[21:22:41.319][info] [#0:script/workspace/loading.lua:112]: ++++As library of:	file:///usr/share/nvim/runtime/lua
[21:22:41.319][info] [#0:script/workspace/loading.lua:100]: Preload file at: file:///usr/share/nvim/runtime/lua/vim/provider/health.lua , size = 29.545 KB
[21:22:41.339][info] [#0:script/workspace/loading.lua:112]: ++++As library of:	file:///usr/share/nvim/runtime/lua
[21:22:41.339][info] [#0:script/workspace/loading.lua:100]: Preload file at: file:///usr/share/nvim/runtime/lua/vim/provider/perl.lua , size = 1.998 KB
[21:22:41.341][info] [#0:script/workspace/loading.lua:112]: ++++As library of:	file:///usr/share/nvim/runtime/lua
[21:22:41.341][info] [#0:script/workspace/loading.lua:100]: Preload file at: file:///usr/share/nvim/runtime/lua/vim/loader.lua , size = 14.564 KB
[21:22:41.355][info] [#0:script/workspace/loading.lua:112]: ++++As library of:	file:///usr/share/nvim/runtime/lua
[21:22:41.355][info] [#0:script/workspace/loading.lua:100]: Preload file at: file:///usr/share/nvim/runtime/lua/vim/func/_memoize.lua , size = 1.979 KB
[21:22:41.358][info] [#0:script/workspace/loading.lua:112]: ++++As library of:	file:///usr/share/nvim/runtime/lua
[21:22:41.358][info] [#0:script/workspace/loading.lua:100]: Preload file at: file:///usr/share/nvim/runtime/lua/vim/_inspector.lua , size = 7.775 KB
[21:22:41.364][info] [#0:script/workspace/loading.lua:112]: ++++As library of:	file:///usr/share/nvim/runtime/lua
[21:22:41.365][info] [#0:script/workspace/loading.lua:100]: Preload file at: file:///usr/share/nvim/runtime/lua/vim/_watch.lua , size = 9.718 KB
[21:22:41.372][info] [#0:script/workspace/loading.lua:112]: ++++As library of:	file:///usr/share/nvim/runtime/lua
[21:22:41.372][info] [#0:script/workspace/loading.lua:100]: Preload file at: file:///usr/share/nvim/runtime/lua/vim/func.lua , size = 1.950 KB
[21:22:41.373][info] [#0:script/workspace/loading.lua:112]: ++++As library of:	file:///usr/share/nvim/runtime/lua
[21:22:41.373][info] [#0:script/workspace/loading.lua:100]: Preload file at: file:///usr/share/nvim/runtime/lua/vim/_meta.lua , size = 1.002 KB
[21:22:41.375][info] [#0:script/workspace/loading.lua:112]: ++++As library of:	file:///usr/share/nvim/runtime/lua
[21:22:41.375][info] [#0:script/workspace/loading.lua:100]: Preload file at: file:///usr/share/nvim/runtime/lua/vim/text.lua , size = 4.512 KB
[21:22:41.379][info] [#0:script/workspace/loading.lua:112]: ++++As library of:	file:///usr/share/nvim/runtime/lua
[21:22:41.379][info] [#0:script/workspace/loading.lua:100]: Preload file at: file:///usr/share/nvim/runtime/lua/vim/treesitter.lua , size = 15.239 KB
[21:22:41.390][info] [#0:script/workspace/loading.lua:112]: ++++As library of:	file:///usr/share/nvim/runtime/lua
[21:22:41.390][info] [#0:script/workspace/loading.lua:100]: Preload file at: file:///usr/share/nvim/runtime/lua/vim/iter.lua , size = 25.875 KB
[21:22:41.471][info] [#0:script/workspace/loading.lua:112]: ++++As library of:	file:///usr/share/nvim/runtime/lua
[21:22:41.471][info] [#0:script/workspace/loading.lua:100]: Preload file at: file:///usr/share/nvim/runtime/lua/vim/health.lua , size = 15.680 KB
[21:22:41.484][info] [#0:script/workspace/loading.lua:112]: ++++As library of:	file:///usr/share/nvim/runtime/lua
[21:22:41.484][info] [#0:script/workspace/loading.lua:100]: Preload file at: file:///usr/share/nvim/runtime/lua/vim/_buf.lua , size = 0.764 KB
[21:22:41.485][info] [#0:script/workspace/loading.lua:112]: ++++As library of:	file:///usr/share/nvim/runtime/lua
[21:22:41.490][info] [#0:script/workspace/loading.lua:100]: Preload file at: file:///usr/share/nvim/runtime/lua/vim/_comment.lua , size = 8.967 KB
[21:22:41.497][info] [#0:script/workspace/loading.lua:112]: ++++As library of:	file:///usr/share/nvim/runtime/lua
[21:22:41.497][info] [#0:script/workspace/loading.lua:100]: Preload file at: file:///usr/share/nvim/runtime/lua/vim/uri.lua , size = 3.614 KB
[21:22:41.500][info] [#0:script/workspace/loading.lua:112]: ++++As library of:	file:///usr/share/nvim/runtime/lua
[21:22:41.501][info] [#0:script/workspace/loading.lua:100]: Preload file at: file:///usr/share/nvim/runtime/lua/vim/_init_packages.lua , size = 3.023 KB
[21:22:41.503][info] [#0:script/workspace/loading.lua:112]: ++++As library of:	file:///usr/share/nvim/runtime/lua
[21:22:41.504][info] [#0:script/workspace/loading.lua:100]: Preload file at: file:///usr/share/nvim/runtime/lua/vim/_ftplugin/lua.lua , size = 0.540 KB
[21:22:41.505][info] [#0:script/workspace/loading.lua:112]: ++++As library of:	file:///usr/share/nvim/runtime/lua
[21:22:41.505][info] [#0:script/workspace/loading.lua:100]: Preload file at: file:///usr/share/nvim/runtime/lua/vim/filetype/options.lua , size = 2.559 KB
[21:22:41.507][info] [#0:script/workspace/loading.lua:112]: ++++As library of:	file:///usr/share/nvim/runtime/lua
[21:22:41.508][info] [#0:script/workspace/loading.lua:100]: Preload file at: file:///usr/share/nvim/runtime/lua/vim/glob.lua , size = 3.312 KB
[21:22:41.510][info] [#0:script/workspace/loading.lua:112]: ++++As library of:	file:///usr/share/nvim/runtime/lua
[21:22:41.511][info] [#0:script/workspace/loading.lua:100]: Preload file at: file:///usr/share/nvim/runtime/lua/vim/secure.lua , size = 6.484 KB
[21:22:41.516][info] [#0:script/workspace/loading.lua:112]: ++++As library of:	file:///usr/share/nvim/runtime/lua
[21:22:41.516][info] [#0:script/workspace/loading.lua:100]: Preload file at: file:///usr/share/nvim/runtime/lua/vim/filetype/detect.lua , size = 61.322 KB
[21:22:41.559][info] [#0:script/workspace/loading.lua:112]: ++++As library of:	file:///usr/share/nvim/runtime/lua
[21:22:41.560][info] [#0:script/workspace/loading.lua:100]: Preload file at: file:///usr/share/nvim/runtime/lua/vim/_options.lua , size = 25.508 KB
[21:22:41.574][info] [#0:script/workspace/loading.lua:112]: ++++As library of:	file:///usr/share/nvim/runtime/lua
[21:22:41.574][info] [#0:script/workspace/loading.lua:100]: Preload file at: file:///usr/share/nvim/runtime/lua/vim/keymap.lua , size = 3.683 KB
[21:22:41.577][info] [#0:script/workspace/loading.lua:112]: ++++As library of:	file:///usr/share/nvim/runtime/lua
[21:22:41.577][info] [#0:script/workspace/loading.lua:100]: Preload file at: file:///usr/share/nvim/runtime/lua/vim/version.lua , size = 13.701 KB
[21:22:41.587][info] [#0:script/workspace/loading.lua:112]: ++++As library of:	file:///usr/share/nvim/runtime/lua
[21:22:41.588][info] [#0:script/workspace/loading.lua:100]: Preload file at: file:///usr/share/nvim/runtime/lua/vim/ui.lua , size = 7.683 KB
[21:22:41.594][info] [#0:script/workspace/loading.lua:112]: ++++As library of:	file:///usr/share/nvim/runtime/lua
[21:22:41.594][info] [#0:script/workspace/loading.lua:100]: Preload file at: file:///usr/share/nvim/runtime/lua/vim/shared.lua , size = 40.562 KB
[21:22:41.625][info] [#0:script/workspace/loading.lua:112]: ++++As library of:	file:///usr/share/nvim/runtime/lua
[21:22:41.625][info] [#0:script/workspace/loading.lua:100]: Preload file at: file:///usr/share/nvim/runtime/lua/vim/_meta/api_keysets_extra.lua , size = 6.957 KB
[21:22:41.631][info] [#0:script/workspace/loading.lua:112]: ++++As library of:	file:///usr/share/nvim/runtime/lua
[21:22:41.632][info] [#0:script/workspace/loading.lua:100]: Preload file at: file:///usr/share/nvim/runtime/lua/vim/_meta/re.lua , size = 2.217 KB
[21:22:41.633][info] [#0:script/workspace/loading.lua:112]: ++++As library of:	file:///usr/share/nvim/runtime/lua
[21:22:41.633][info] [#0:script/workspace/loading.lua:100]: Preload file at: file:///usr/share/nvim/runtime/lua/vim/_meta/diff.lua , size = 2.493 KB
[21:22:41.635][info] [#0:script/workspace/loading.lua:112]: ++++As library of:	file:///usr/share/nvim/runtime/lua
[21:22:41.635][info] [#0:script/workspace/loading.lua:100]: Preload file at: file:///usr/share/nvim/runtime/lua/vim/_meta/spell.lua , size = 0.929 KB
[21:22:41.636][info] [#0:script/workspace/loading.lua:112]: ++++As library of:	file:///usr/share/nvim/runtime/lua
[21:22:41.637][info] [#0:script/workspace/loading.lua:100]: Preload file at: file:///usr/share/nvim/runtime/lua/vim/_meta/vvars_extra.lua , size = 4.056 KB
[21:22:41.639][info] [#0:script/workspace/loading.lua:112]: ++++As library of:	file:///usr/share/nvim/runtime/lua
[21:22:41.639][info] [#0:script/workspace/loading.lua:100]: Preload file at: file:///usr/share/nvim/runtime/lua/vim/_meta/builtin_types.lua , size = 8.304 KB
[21:22:41.646][info] [#0:script/workspace/loading.lua:112]: ++++As library of:	file:///usr/share/nvim/runtime/lua
[21:22:41.646][info] [#0:script/workspace/loading.lua:100]: Preload file at: file:///usr/share/nvim/runtime/lua/vim/_meta/misc.lua , size = 0.291 KB
[21:22:41.646][info] [#0:script/workspace/loading.lua:112]: ++++As library of:	file:///usr/share/nvim/runtime/lua
[21:22:41.647][info] [#0:script/workspace/loading.lua:100]: Preload file at: file:///usr/share/nvim/runtime/lua/vim/_meta/base64.lua , size = 0.307 KB
[21:22:41.648][info] [#0:script/workspace/loading.lua:112]: ++++As library of:	file:///usr/share/nvim/runtime/lua
[21:22:41.648][info] [#0:script/workspace/loading.lua:100]: Preload file at: file:///usr/share/nvim/runtime/lua/vim/_meta/lpeg.lua , size = 15.348 KB
[21:22:41.655][info] [#0:script/workspace/loading.lua:112]: ++++As library of:	file:///usr/share/nvim/runtime/lua
[21:22:41.655][info] [#0:script/workspace/loading.lua:100]: Preload file at: file:///usr/share/nvim/runtime/lua/vim/_meta/api.lua , size = 106.186 KB
[21:22:41.708][info] [#0:script/workspace/loading.lua:112]: ++++As library of:	file:///usr/share/nvim/runtime/lua
[21:22:41.708][info] [#0:script/workspace/loading.lua:100]: Preload file at: file:///usr/share/nvim/runtime/lua/vim/_meta/regex.lua , size = 1.580 KB
[21:22:41.710][info] [#0:script/workspace/loading.lua:112]: ++++As library of:	file:///usr/share/nvim/runtime/lua
[21:22:41.710][info] [#0:script/workspace/loading.lua:100]: Preload file at: file:///usr/share/nvim/runtime/lua/vim/_meta/json.lua , size = 1.537 KB
[21:22:41.711][info] [#0:script/workspace/loading.lua:112]: ++++As library of:	file:///usr/share/nvim/runtime/lua
[21:22:41.711][info] [#0:script/workspace/loading.lua:100]: Preload file at: file:///usr/share/nvim/runtime/lua/vim/_meta/options.lua , size = 324.442 KB
[21:22:41.910][warn] [#0:script/files.lua:556]: Parse LuaDoc of [file:///usr/share/nvim/runtime/lua/vim/_meta/options.lua] takes [0.119] sec, size [332.229] kb.
[21:22:41.938][info] [#0:script/workspace/loading.lua:112]: ++++As library of:	file:///usr/share/nvim/runtime/lua
[21:22:41.939][info] [#0:script/workspace/loading.lua:100]: Preload file at: file:///usr/share/nvim/runtime/lua/vim/_meta/vvars.lua , size = 26.214 KB
[21:22:41.951][info] [#0:script/workspace/loading.lua:112]: ++++As library of:	file:///usr/share/nvim/runtime/lua
[21:22:41.951][info] [#0:script/workspace/loading.lua:100]: Preload file at: file:///usr/share/nvim/runtime/lua/vim/_meta/mpack.lua , size = 0.478 KB
[21:22:41.952][info] [#0:script/workspace/loading.lua:112]: ++++As library of:	file:///usr/share/nvim/runtime/lua
[21:22:41.952][info] [#0:script/workspace/loading.lua:100]: Preload file at: file:///usr/share/nvim/runtime/lua/vim/_meta/api_keysets.lua , size = 9.958 KB
[21:22:41.961][info] [#0:script/workspace/loading.lua:112]: ++++As library of:	file:///usr/share/nvim/runtime/lua
[21:22:41.962][info] [#0:script/workspace/loading.lua:100]: Preload file at: file:///usr/share/nvim/runtime/lua/vim/_meta/builtin.lua , size = 10.381 KB
[21:22:41.966][info] [#0:script/workspace/loading.lua:112]: ++++As library of:	file:///usr/share/nvim/runtime/lua
[21:22:41.966][info] [#0:script/workspace/loading.lua:100]: Preload file at: file:///usr/share/nvim/runtime/lua/vim/termcap.lua , size = 2.952 KB
[21:22:41.969][info] [#0:script/workspace/loading.lua:112]: ++++As library of:	file:///usr/share/nvim/runtime/lua
[21:22:41.969][info] [#0:script/workspace/loading.lua:100]: Preload file at: file:///usr/share/nvim/runtime/lua/vim/_meta/vimfn.lua , size = 408.424 KB
[21:22:42.138][info] [#0:script/workspace/loading.lua:112]: ++++As library of:	file:///usr/share/nvim/runtime/lua
[21:22:42.140][info] [#0:script/workspace/loading.lua:100]: Preload file at: file:///usr/share/nvim/runtime/lua/vim/_editor.lua , size = 44.635 KB
[21:22:42.174][info] [#0:script/workspace/loading.lua:112]: ++++As library of:	file:///usr/share/nvim/runtime/lua
[21:22:42.174][info] [#0:script/workspace/loading.lua:100]: Preload file at: file:///usr/share/nvim/runtime/lua/vim/inspect.lua , size = 8.899 KB
[21:22:42.182][info] [#0:script/workspace/loading.lua:112]: ++++As library of:	file:///usr/share/nvim/runtime/lua
[21:22:42.182][info] [#0:script/workspace/loading.lua:100]: Preload file at: file:///usr/share/nvim/runtime/lua/vim/health/health.lua , size = 12.863 KB
[21:22:42.191][info] [#0:script/workspace/loading.lua:112]: ++++As library of:	file:///usr/share/nvim/runtime/lua
[21:22:42.192][info] [#0:script/workspace/loading.lua:100]: Preload file at: file:///usr/share/nvim/runtime/lua/man.lua , size = 23.335 KB
[21:22:42.211][info] [#0:script/workspace/loading.lua:112]: ++++As library of:	file:///usr/share/nvim/runtime/lua
[21:22:42.211][info] [#0:script/workspace/loading.lua:100]: Preload file at: file:///usr/share/nvim/runtime/lua/tohtml.lua , size = 43.272 KB
[21:22:42.249][info] [#0:script/workspace/loading.lua:112]: ++++As library of:	file:///usr/share/nvim/runtime/lua
[21:22:42.249][info] [#0:script/workspace/loading.lua:100]: Preload file at: file:///usr/share/nvim/runtime/lua/editorconfig.lua , size = 11.254 KB
[21:22:42.257][info] [#0:script/workspace/loading.lua:112]: ++++As library of:	file:///usr/share/nvim/runtime/lua
[21:22:42.257][info] [#0:script/workspace/loading.lua:100]: Preload file at: file:///usr/share/nvim/runtime/lua/coxpcall.lua , size = 3.672 KB
[21:22:42.260][info] [#0:script/workspace/loading.lua:112]: ++++As library of:	file:///usr/share/nvim/runtime/lua
[21:22:42.260][info] [#0:script/workspace/loading.lua:100]: Preload file at: file:///home/donkhekong/dotfiles/local/.local/share/nvim/mason/packages/lua-language-server/libexec/meta/LuaJIT%20en-us%20utf8/io.lua , size = 6.364 KB
[21:22:42.266][info] [#0:script/workspace/loading.lua:112]: ++++As library of:	file:///home/donkhekong/dotfiles/local/.local/share/nvim/mason/packages/lua-language-server/libexec/meta/LuaJIT%20en-us%20utf8/io.lua
[21:22:42.266][info] [#0:script/workspace/loading.lua:100]: Preload file at: file:///usr/share/nvim/runtime/lua/_vim9script.lua , size = 15.423 KB
[21:22:42.277][info] [#0:script/workspace/loading.lua:112]: ++++As library of:	file:///usr/share/nvim/runtime/lua
[21:22:42.278][info] [#0:script/workspace/loading.lua:100]: Preload file at: file:///home/donkhekong/dotfiles/local/.local/share/nvim/mason/packages/lua-language-server/libexec/meta/LuaJIT%20en-us%20utf8/table.lua , size = 4.445 KB
[21:22:42.282][info] [#0:script/workspace/loading.lua:112]: ++++As library of:	file:///home/donkhekong/dotfiles/local/.local/share/nvim/mason/packages/lua-language-server/libexec/meta/LuaJIT%20en-us%20utf8/table.lua
[21:22:42.283][info] [#0:script/workspace/loading.lua:100]: Preload file at: file:///home/donkhekong/dotfiles/local/.local/share/nvim/mason/packages/lua-language-server/libexec/meta/LuaJIT%20en-us%20utf8/jit/util.lua , size = 1.984 KB
[21:22:42.286][info] [#0:script/workspace/loading.lua:112]: ++++As library of:	file:///home/donkhekong/dotfiles/local/.local/share/nvim/mason/packages/lua-language-server/libexec/meta/LuaJIT%20en-us%20utf8/jit/util.lua
[21:22:42.286][info] [#0:script/workspace/loading.lua:100]: Preload file at: file:///home/donkhekong/dotfiles/local/.local/share/nvim/mason/packages/lua-language-server/libexec/meta/LuaJIT%20en-us%20utf8/bit.lua , size = 1.243 KB
[21:22:42.288][info] [#0:script/workspace/loading.lua:112]: ++++As library of:	file:///home/donkhekong/dotfiles/local/.local/share/nvim/mason/packages/lua-language-server/libexec/meta/LuaJIT%20en-us%20utf8/bit.lua
[21:22:42.288][info] [#0:script/workspace/loading.lua:100]: Preload file at: file:///home/donkhekong/dotfiles/local/.local/share/nvim/mason/packages/lua-language-server/libexec/meta/LuaJIT%20en-us%20utf8/math.lua , size = 7.982 KB
[21:22:42.295][info] [#0:script/workspace/loading.lua:112]: ++++As library of:	file:///home/donkhekong/dotfiles/local/.local/share/nvim/mason/packages/lua-language-server/libexec/meta/LuaJIT%20en-us%20utf8/math.lua
[21:22:42.295][info] [#0:script/workspace/loading.lua:100]: Preload file at: file:///home/donkhekong/dotfiles/local/.local/share/nvim/mason/packages/lua-language-server/libexec/meta/LuaJIT%20en-us%20utf8/coroutine.lua , size = 2.541 KB
[21:22:42.297][info] [#0:script/workspace/loading.lua:112]: ++++As library of:	file:///home/donkhekong/dotfiles/local/.local/share/nvim/mason/packages/lua-language-server/libexec/meta/LuaJIT%20en-us%20utf8/coroutine.lua
[21:22:42.297][info] [#0:script/workspace/loading.lua:100]: Preload file at: file:///home/donkhekong/dotfiles/local/.local/share/nvim/mason/packages/lua-language-server/libexec/meta/LuaJIT%20en-us%20utf8/builtin.lua , size = 0.302 KB
[21:22:42.298][info] [#0:script/workspace/loading.lua:112]: ++++As library of:	file:///home/donkhekong/dotfiles/local/.local/share/nvim/mason/packages/lua-language-server/libexec/meta/LuaJIT%20en-us%20utf8/builtin.lua
[21:22:42.298][info] [#0:script/workspace/loading.lua:100]: Preload file at: file:///home/donkhekong/dotfiles/local/.local/share/nvim/mason/packages/lua-language-server/libexec/meta/LuaJIT%20en-us%20utf8/string.lua , size = 5.217 KB
[21:22:42.303][info] [#0:script/workspace/loading.lua:112]: ++++As library of:	file:///home/donkhekong/dotfiles/local/.local/share/nvim/mason/packages/lua-language-server/libexec/meta/LuaJIT%20en-us%20utf8/string.lua
[21:22:42.303][info] [#0:script/workspace/loading.lua:100]: Preload file at: file:///home/donkhekong/dotfiles/local/.local/share/nvim/mason/packages/lua-language-server/libexec/meta/LuaJIT%20en-us%20utf8/ffi.lua , size = 2.529 KB
[21:22:42.306][info] [#0:script/workspace/loading.lua:112]: ++++As library of:	file:///home/donkhekong/dotfiles/local/.local/share/nvim/mason/packages/lua-language-server/libexec/meta/LuaJIT%20en-us%20utf8/ffi.lua
[21:22:42.306][info] [#0:script/workspace/loading.lua:100]: Preload file at: file:///home/donkhekong/.config/nvim/lua/plugins/dadbod.lua , size = 0.393 KB
[21:22:42.307][info] [#0:script/workspace/loading.lua:112]: ++++As library of:	file:///home/donkhekong/.config/nvim/lua
[21:22:42.307][info] [#0:script/workspace/loading.lua:100]: Preload file at: file:///home/donkhekong/.config/nvim/lua/plugins/example.lua , size = 5.171 KB
[21:22:42.309][info] [#0:script/workspace/loading.lua:112]: ++++As library of:	file:///home/donkhekong/.config/nvim/lua
[21:22:42.310][info] [#0:script/workspace/loading.lua:100]: Preload file at: file:///home/donkhekong/.config/nvim/lua/plugins/mason-workaround.lua , size = 0.118 KB
[21:22:42.310][info] [#0:script/workspace/loading.lua:112]: ++++As library of:	file:///home/donkhekong/.config/nvim/lua
[21:22:42.310][info] [#0:script/workspace/loading.lua:100]: Preload file at: file:///home/donkhekong/.config/nvim/lua/plugins/tmux.lua , size = 0.266 KB
[21:22:42.311][info] [#0:script/workspace/loading.lua:112]: ++++As library of:	file:///home/donkhekong/.config/nvim/lua
[21:22:42.311][info] [#0:script/workspace/loading.lua:100]: Preload file at: file:///home/donkhekong/.config/nvim/lua/config/keymaps.lua , size = 0.204 KB
[21:22:42.311][info] [#0:script/workspace/loading.lua:112]: ++++As library of:	file:///home/donkhekong/.config/nvim/lua
[21:22:42.311][info] [#0:script/workspace/loading.lua:88]: Skip loaded file: file:///home/donkhekong/.config/nvim/lua/config/options.lua
[21:22:42.311][info] [#0:script/workspace/loading.lua:112]: ++++As library of:	file:///home/donkhekong/.config/nvim/lua
[21:22:42.311][info] [#0:script/workspace/loading.lua:100]: Preload file at: file:///home/donkhekong/.config/nvim/lua/config/lazy.lua , size = 1.812 KB
[21:22:42.313][info] [#0:script/workspace/loading.lua:112]: ++++As library of:	file:///home/donkhekong/.config/nvim/lua
[21:22:42.313][info] [#0:script/workspace/loading.lua:100]: Preload file at: file:///home/donkhekong/.config/nvim/lua/config/autocmds.lua , size = 0.414 KB
[21:22:42.313][info] [#0:script/workspace/loading.lua:112]: ++++As library of:	file:///home/donkhekong/.config/nvim/lua
[21:22:42.313][info] [#0:script/workspace/loading.lua:100]: Preload file at: file:///home/donkhekong/dotfiles/local/.local/share/nvim/mason/packages/lua-language-server/libexec/meta/LuaJIT%20en-us%20utf8/string/buffer.lua , size = 18.123 KB
[21:22:42.319][info] [#0:script/workspace/loading.lua:112]: ++++As library of:	file:///home/donkhekong/dotfiles/local/.local/share/nvim/mason/packages/lua-language-server/libexec/meta/LuaJIT%20en-us%20utf8/string/buffer.lua
[21:22:42.320][info] [#0:script/workspace/loading.lua:100]: Preload file at: file:///home/donkhekong/dotfiles/local/.local/share/nvim/mason/packages/lua-language-server/libexec/meta/LuaJIT%20en-us%20utf8/basic.lua , size = 15.443 KB
[21:22:42.330][info] [#0:script/workspace/loading.lua:112]: ++++As library of:	file:///home/donkhekong/dotfiles/local/.local/share/nvim/mason/packages/lua-language-server/libexec/meta/LuaJIT%20en-us%20utf8/basic.lua
[21:22:42.330][info] [#0:script/workspace/loading.lua:100]: Preload file at: file:///home/donkhekong/dotfiles/local/.local/share/nvim/mason/packages/lua-language-server/libexec/meta/LuaJIT%20en-us%20utf8/debug.lua , size = 7.310 KB
[21:22:42.336][info] [#0:script/workspace/loading.lua:112]: ++++As library of:	file:///home/donkhekong/dotfiles/local/.local/share/nvim/mason/packages/lua-language-server/libexec/meta/LuaJIT%20en-us%20utf8/debug.lua
[21:22:42.336][warn] [#0:script/proto/proto.lua:189]: Method [textDocument/semanticTokens/full] takes [2.001]sec. {
  _closeMessage = "Request cancelled.",
  _closeReason = -32800,
  id = 16,
  jsonrpc = "2.0",
  method = "textDocument/semanticTokens/full",
  params = {
    textDocument = {
      uri = "file:///home/donkhekong/.config/nvim/lua/config/options.lua"
    }
  }
}
[21:22:42.337][info] [#0:script/workspace/loading.lua:100]: Preload file at: file:///home/donkhekong/dotfiles/local/.local/share/nvim/mason/packages/lua-language-server/libexec/meta/LuaJIT%20en-us%20utf8/os.lua , size = 5.611 KB
[21:22:42.341][info] [#0:script/workspace/loading.lua:112]: ++++As library of:	file:///home/donkhekong/dotfiles/local/.local/share/nvim/mason/packages/lua-language-server/libexec/meta/LuaJIT%20en-us%20utf8/os.lua
[21:22:42.342][info] [#0:script/workspace/loading.lua:100]: Preload file at: file:///home/donkhekong/dotfiles/local/.local/share/nvim/mason/packages/lua-language-server/libexec/meta/LuaJIT%20en-us%20utf8/table/new.lua , size = 0.642 KB
[21:22:42.342][info] [#0:script/workspace/loading.lua:112]: ++++As library of:	file:///home/donkhekong/dotfiles/local/.local/share/nvim/mason/packages/lua-language-server/libexec/meta/LuaJIT%20en-us%20utf8/table/new.lua
[21:22:42.342][info] [#0:script/workspace/loading.lua:100]: Preload file at: file:///home/donkhekong/dotfiles/local/.local/share/nvim/lazy/lazy.nvim/lua/lazy/status.lua , size = 0.353 KB
[21:22:42.343][info] [#0:script/workspace/loading.lua:112]: ++++As library of:	file:///home/donkhekong/dotfiles/local/.local/share/nvim/lazy/lazy.nvim/lua
[21:22:42.343][info] [#0:script/workspace/loading.lua:100]: Preload file at: file:///home/donkhekong/dotfiles/local/.local/share/nvim/lazy/lazy.nvim/lua/lazy/core/config.lua , size = 12.013 KB
[21:22:42.351][info] [#0:script/workspace/loading.lua:112]: ++++As library of:	file:///home/donkhekong/dotfiles/local/.local/share/nvim/lazy/lazy.nvim/lua
[21:22:42.351][info] [#0:script/workspace/loading.lua:100]: Preload file at: file:///home/donkhekong/dotfiles/local/.local/share/nvim/lazy/lazy.nvim/lua/lazy/core/loader.lua , size = 14.966 KB
[21:22:42.365][info] [#0:script/workspace/loading.lua:112]: ++++As library of:	file:///home/donkhekong/dotfiles/local/.local/share/nvim/lazy/lazy.nvim/lua
[21:22:42.365][info] [#0:script/workspace/loading.lua:100]: Preload file at: file:///home/donkhekong/dotfiles/local/.local/share/nvim/lazy/lazy.nvim/lua/lazy/core/cache.lua , size = 16.584 KB
[21:22:42.380][info] [#0:script/workspace/loading.lua:112]: ++++As library of:	file:///home/donkhekong/dotfiles/local/.local/share/nvim/lazy/lazy.nvim/lua
[21:22:42.381][info] [#0:script/workspace/loading.lua:100]: Preload file at: file:///home/donkhekong/dotfiles/local/.local/share/nvim/lazy/lazy.nvim/lua/lazy/core/util.lua , size = 12.348 KB
[21:22:42.394][info] [#0:script/workspace/loading.lua:112]: ++++As library of:	file:///home/donkhekong/dotfiles/local/.local/share/nvim/lazy/lazy.nvim/lua
[21:22:42.396][info] [#0:script/workspace/loading.lua:100]: Preload file at: file:///home/donkhekong/dotfiles/local/.local/share/nvim/lazy/lazy.nvim/lua/lazy/core/meta.lua , size = 9.738 KB
[21:22:42.405][info] [#0:script/workspace/loading.lua:112]: ++++As library of:	file:///home/donkhekong/dotfiles/local/.local/share/nvim/lazy/lazy.nvim/lua
[21:22:42.405][info] [#0:script/workspace/loading.lua:100]: Preload file at: file:///home/donkhekong/dotfiles/local/.local/share/nvim/lazy/lazy.nvim/lua/lazy/core/handler/ft.lua , size = 0.442 KB
[21:22:42.406][info] [#0:script/workspace/loading.lua:112]: ++++As library of:	file:///home/donkhekong/dotfiles/local/.local/share/nvim/lazy/lazy.nvim/lua
[21:22:42.406][info] [#0:script/workspace/loading.lua:100]: Preload file at: file:///home/donkhekong/dotfiles/local/.local/share/nvim/lazy/lazy.nvim/lua/lazy/core/plugin.lua , size = 12.370 KB
[21:22:42.419][info] [#0:script/workspace/loading.lua:112]: ++++As library of:	file:///home/donkhekong/dotfiles/local/.local/share/nvim/lazy/lazy.nvim/lua
[21:22:42.419][info] [#0:script/workspace/loading.lua:100]: Preload file at: file:///home/donkhekong/dotfiles/local/.local/share/nvim/lazy/lazy.nvim/lua/lazy/core/handler/cmd.lua , size = 1.638 KB
[21:22:42.421][info] [#0:script/workspace/loading.lua:112]: ++++As library of:	file:///home/donkhekong/dotfiles/local/.local/share/nvim/lazy/lazy.nvim/lua
[21:22:42.421][info] [#0:script/workspace/loading.lua:100]: Preload file at: file:///home/donkhekong/dotfiles/local/.local/share/nvim/lazy/lazy.nvim/lua/lazy/core/handler/init.lua , size = 3.170 KB
[21:22:42.425][info] [#0:script/workspace/loading.lua:112]: ++++As library of:	file:///home/donkhekong/dotfiles/local/.local/share/nvim/lazy/lazy.nvim/lua
[21:22:42.425][info] [#0:script/workspace/loading.lua:100]: Preload file at: file:///home/donkhekong/dotfiles/local/.local/share/nvim/lazy/lazy.nvim/lua/lazy/core/handler/event.lua , size = 4.956 KB
[21:22:42.430][info] [#0:script/workspace/loading.lua:112]: ++++As library of:	file:///home/donkhekong/dotfiles/local/.local/share/nvim/lazy/lazy.nvim/lua
[21:22:42.430][info] [#0:script/workspace/loading.lua:100]: Preload file at: file:///home/donkhekong/dotfiles/local/.local/share/nvim/lazy/lazy.nvim/lua/lazy/core/handler/keys.lua , size = 5.302 KB
[21:22:42.436][info] [#0:script/workspace/loading.lua:112]: ++++As library of:	file:///home/donkhekong/dotfiles/local/.local/share/nvim/lazy/lazy.nvim/lua
[21:22:42.437][info] [#0:script/workspace/loading.lua:100]: Preload file at: file:///home/donkhekong/dotfiles/local/.local/share/nvim/lazy/lazy.nvim/lua/lazy/core/fragments.lua , size = 4.215 KB
[21:22:42.441][info] [#0:script/workspace/loading.lua:112]: ++++As library of:	file:///home/donkhekong/dotfiles/local/.local/share/nvim/lazy/lazy.nvim/lua
[21:22:42.441][info] [#0:script/workspace/loading.lua:100]: Preload file at: file:///home/donkhekong/dotfiles/local/.local/share/nvim/lazy/lazy.nvim/lua/lazy/init.lua , size = 3.749 KB
[21:22:42.445][info] [#0:script/workspace/loading.lua:112]: ++++As library of:	file:///home/donkhekong/dotfiles/local/.local/share/nvim/lazy/lazy.nvim/lua
[21:22:42.445][info] [#0:script/workspace/loading.lua:100]: Preload file at: file:///home/donkhekong/dotfiles/local/.local/share/nvim/lazy/lazy.nvim/lua/lazy/state.lua , size = 0.859 KB
[21:22:42.446][info] [#0:script/workspace/loading.lua:112]: ++++As library of:	file:///home/donkhekong/dotfiles/local/.local/share/nvim/lazy/lazy.nvim/lua
[21:22:42.447][info] [#0:script/workspace/loading.lua:100]: Preload file at: file:///home/donkhekong/dotfiles/local/.local/share/nvim/lazy/lazy.nvim/lua/lazy/pkg/init.lua , size = 3.028 KB
[21:22:42.450][info] [#0:script/workspace/loading.lua:112]: ++++As library of:	file:///home/donkhekong/dotfiles/local/.local/share/nvim/lazy/lazy.nvim/lua
[21:22:42.450][info] [#0:script/workspace/loading.lua:100]: Preload file at: file:///home/donkhekong/dotfiles/local/.local/share/nvim/lazy/lazy.nvim/lua/lazy/pkg/rockspec.lua , size = 8.005 KB
[21:22:42.458][info] [#0:script/workspace/loading.lua:112]: ++++As library of:	file:///home/donkhekong/dotfiles/local/.local/share/nvim/lazy/lazy.nvim/lua
[21:22:42.458][info] [#0:script/workspace/loading.lua:100]: Preload file at: file:///home/donkhekong/dotfiles/local/.local/share/nvim/lazy/lazy.nvim/lua/lazy/pkg/packspec.lua , size = 1.137 KB
[21:22:42.459][info] [#0:script/workspace/loading.lua:112]: ++++As library of:	file:///home/donkhekong/dotfiles/local/.local/share/nvim/lazy/lazy.nvim/lua
[21:22:42.459][info] [#0:script/workspace/loading.lua:100]: Preload file at: file:///home/donkhekong/dotfiles/local/.local/share/nvim/lazy/lazy.nvim/lua/lazy/pkg/lazy.lua , size = 0.720 KB
[21:22:42.461][info] [#0:script/workspace/loading.lua:112]: ++++As library of:	file:///home/donkhekong/dotfiles/local/.local/share/nvim/lazy/lazy.nvim/lua
[21:22:42.461][info] [#0:script/workspace/loading.lua:100]: Preload file at: file:///home/donkhekong/dotfiles/local/.local/share/nvim/lazy/lazy.nvim/lua/lazy/docs.lua , size = 4.729 KB
[21:22:42.466][info] [#0:script/workspace/loading.lua:112]: ++++As library of:	file:///home/donkhekong/dotfiles/local/.local/share/nvim/lazy/lazy.nvim/lua
[21:22:42.466][info] [#0:script/workspace/loading.lua:100]: Preload file at: file:///home/donkhekong/dotfiles/local/.local/share/nvim/lazy/lazy.nvim/lua/lazy/util.lua , size = 6.888 KB
[21:22:42.474][info] [#0:script/workspace/loading.lua:112]: ++++As library of:	file:///home/donkhekong/dotfiles/local/.local/share/nvim/lazy/lazy.nvim/lua
[21:22:42.474][info] [#0:script/workspace/loading.lua:100]: Preload file at: file:///home/donkhekong/dotfiles/local/.local/share/nvim/lazy/lazy.nvim/lua/lazy/minit.lua , size = 4.986 KB
[21:22:42.479][info] [#0:script/workspace/loading.lua:112]: ++++As library of:	file:///home/donkhekong/dotfiles/local/.local/share/nvim/lazy/lazy.nvim/lua
[21:22:42.479][info] [#0:script/workspace/loading.lua:100]: Preload file at: file:///home/donkhekong/dotfiles/local/.local/share/nvim/lazy/lazy.nvim/lua/lazy/manage/lock.lua , size = 1.668 KB
[21:22:42.482][info] [#0:script/workspace/loading.lua:112]: ++++As library of:	file:///home/donkhekong/dotfiles/local/.local/share/nvim/lazy/lazy.nvim/lua
[21:22:42.482][info] [#0:script/workspace/loading.lua:100]: Preload file at: file:///home/donkhekong/dotfiles/local/.local/share/nvim/lazy/lazy.nvim/lua/lazy/manage/reloader.lua , size = 2.817 KB
[21:22:42.485][info] [#0:script/workspace/loading.lua:112]: ++++As library of:	file:///home/donkhekong/dotfiles/local/.local/share/nvim/lazy/lazy.nvim/lua
[21:22:42.485][info] [#0:script/workspace/loading.lua:100]: Preload file at: file:///home/donkhekong/dotfiles/local/.local/share/nvim/lazy/lazy.nvim/lua/lazy/manage/init.lua , size = 5.940 KB
[21:22:42.491][info] [#0:script/workspace/loading.lua:112]: ++++As library of:	file:///home/donkhekong/dotfiles/local/.local/share/nvim/lazy/lazy.nvim/lua
[21:22:42.491][info] [#0:script/workspace/loading.lua:100]: Preload file at: file:///home/donkhekong/dotfiles/local/.local/share/nvim/lazy/lazy.nvim/lua/lazy/manage/semver.lua , size = 4.455 KB
[21:22:42.496][info] [#0:script/workspace/loading.lua:112]: ++++As library of:	file:///home/donkhekong/dotfiles/local/.local/share/nvim/lazy/lazy.nvim/lua
[21:22:42.497][info] [#0:script/workspace/loading.lua:100]: Preload file at: file:///home/donkhekong/dotfiles/local/.local/share/nvim/lazy/lazy.nvim/lua/lazy/manage/git.lua , size = 6.279 KB
[21:22:42.503][info] [#0:script/workspace/loading.lua:112]: ++++As library of:	file:///home/donkhekong/dotfiles/local/.local/share/nvim/lazy/lazy.nvim/lua
[21:22:42.503][info] [#0:script/workspace/loading.lua:100]: Preload file at: file:///home/donkhekong/dotfiles/local/.local/share/nvim/lazy/lazy.nvim/lua/lazy/manage/runner.lua , size = 4.847 KB
[21:22:42.509][info] [#0:script/workspace/loading.lua:112]: ++++As library of:	file:///home/donkhekong/dotfiles/local/.local/share/nvim/lazy/lazy.nvim/lua
[21:22:42.509][info] [#0:script/workspace/loading.lua:100]: Preload file at: file:///home/donkhekong/dotfiles/local/.local/share/nvim/lazy/lazy.nvim/lua/lazy/manage/task/init.lua , size = 5.805 KB
[21:22:42.639][warn] [#0:script/files.lua:704]: Compile [file:///home/donkhekong/dotfiles/local/.local/share/nvim/lazy/lazy.nvim/lua/lazy/manage/task/init.lua] takes [0.128] sec, size [5.944] kb.
[21:22:42.642][info] [#0:script/workspace/loading.lua:112]: ++++As library of:	file:///home/donkhekong/dotfiles/local/.local/share/nvim/lazy/lazy.nvim/lua
[21:22:42.644][info] [#0:script/workspace/loading.lua:100]: Preload file at: file:///home/donkhekong/dotfiles/local/.local/share/nvim/lazy/lazy.nvim/lua/lazy/manage/task/git.lua , size = 10.135 KB
[21:22:42.653][info] [#0:script/workspace/loading.lua:112]: ++++As library of:	file:///home/donkhekong/dotfiles/local/.local/share/nvim/lazy/lazy.nvim/lua
[21:22:42.654][info] [#0:script/workspace/loading.lua:100]: Preload file at: file:///home/donkhekong/dotfiles/local/.local/share/nvim/lazy/lazy.nvim/lua/lazy/manage/task/plugin.lua , size = 2.765 KB
[21:22:42.658][info] [#0:script/workspace/loading.lua:112]: ++++As library of:	file:///home/donkhekong/dotfiles/local/.local/share/nvim/lazy/lazy.nvim/lua
[21:22:42.658][info] [#0:script/workspace/loading.lua:100]: Preload file at: file:///home/donkhekong/dotfiles/local/.local/share/nvim/lazy/lazy.nvim/lua/lazy/manage/task/fs.lua , size = 1.002 KB
[21:22:42.660][info] [#0:script/workspace/loading.lua:112]: ++++As library of:	file:///home/donkhekong/dotfiles/local/.local/share/nvim/lazy/lazy.nvim/lua
[21:22:42.660][info] [#0:script/workspace/loading.lua:100]: Preload file at: file:///home/donkhekong/dotfiles/local/.local/share/nvim/lazy/lazy.nvim/lua/lazy/manage/checker.lua , size = 2.479 KB
[21:22:42.662][info] [#0:script/workspace/loading.lua:112]: ++++As library of:	file:///home/donkhekong/dotfiles/local/.local/share/nvim/lazy/lazy.nvim/lua
[21:22:42.663][info] [#0:script/workspace/loading.lua:100]: Preload file at: file:///home/donkhekong/dotfiles/local/.local/share/nvim/lazy/lazy.nvim/lua/lazy/manage/process.lua , size = 5.447 KB
[21:22:42.670][info] [#0:script/workspace/loading.lua:112]: ++++As library of:	file:///home/donkhekong/dotfiles/local/.local/share/nvim/lazy/lazy.nvim/lua
[21:22:42.671][info] [#0:script/workspace/loading.lua:100]: Preload file at: file:///home/donkhekong/dotfiles/local/.local/share/nvim/lazy/lazy.nvim/lua/lazy/health.lua , size = 5.792 KB
[21:22:42.676][info] [#0:script/workspace/loading.lua:112]: ++++As library of:	file:///home/donkhekong/dotfiles/local/.local/share/nvim/lazy/lazy.nvim/lua
[21:22:42.677][info] [#0:script/workspace/loading.lua:100]: Preload file at: file:///home/donkhekong/dotfiles/local/.local/share/nvim/lazy/lazy.nvim/lua/lazy/build.lua , size = 3.018 KB
[21:22:42.681][info] [#0:script/workspace/loading.lua:112]: ++++As library of:	file:///home/donkhekong/dotfiles/local/.local/share/nvim/lazy/lazy.nvim/lua
[21:22:42.681][info] [#0:script/workspace/loading.lua:100]: Preload file at: file:///home/donkhekong/dotfiles/local/.local/share/nvim/lazy/lazy.nvim/lua/lazy/view/colors.lua , size = 1.820 KB
[21:22:42.682][info] [#0:script/workspace/loading.lua:112]: ++++As library of:	file:///home/donkhekong/dotfiles/local/.local/share/nvim/lazy/lazy.nvim/lua
[21:22:42.682][info] [#0:script/workspace/loading.lua:100]: Preload file at: file:///home/donkhekong/dotfiles/local/.local/share/nvim/lazy/lazy.nvim/lua/lazy/view/commands.lua , size = 3.899 KB
[21:22:42.687][info] [#0:script/workspace/loading.lua:112]: ++++As library of:	file:///home/donkhekong/dotfiles/local/.local/share/nvim/lazy/lazy.nvim/lua
[21:22:42.687][info] [#0:script/workspace/loading.lua:100]: Preload file at: file:///home/donkhekong/dotfiles/local/.local/share/nvim/lazy/lazy.nvim/lua/lazy/view/config.lua , size = 3.507 KB
[21:22:42.690][info] [#0:script/workspace/loading.lua:112]: ++++As library of:	file:///home/donkhekong/dotfiles/local/.local/share/nvim/lazy/lazy.nvim/lua
[21:22:42.690][info] [#0:script/workspace/loading.lua:100]: Preload file at: file:///home/donkhekong/dotfiles/local/.local/share/nvim/lazy/lazy.nvim/lua/lazy/view/init.lua , size = 9.394 KB
[21:22:42.701][info] [#0:script/workspace/loading.lua:112]: ++++As library of:	file:///home/donkhekong/dotfiles/local/.local/share/nvim/lazy/lazy.nvim/lua
[21:22:42.701][info] [#0:script/workspace/loading.lua:100]: Preload file at: file:///home/donkhekong/dotfiles/local/.local/share/nvim/lazy/lazy.nvim/lua/lazy/view/diff.lua , size = 1.585 KB
[21:22:42.703][info] [#0:script/workspace/loading.lua:112]: ++++As library of:	file:///home/donkhekong/dotfiles/local/.local/share/nvim/lazy/lazy.nvim/lua
[21:22:42.703][info] [#0:script/workspace/loading.lua:100]: Preload file at: file:///home/donkhekong/dotfiles/local/.local/share/nvim/lazy/lazy.nvim/lua/lazy/view/sections.lua , size = 2.430 KB
[21:22:42.706][info] [#0:script/workspace/loading.lua:112]: ++++As library of:	file:///home/donkhekong/dotfiles/local/.local/share/nvim/lazy/lazy.nvim/lua
[21:22:42.706][info] [#0:script/workspace/loading.lua:100]: Preload file at: file:///home/donkhekong/dotfiles/local/.local/share/nvim/lazy/lazy.nvim/lua/lazy/view/float.lua , size = 9.536 KB
[21:22:42.717][info] [#0:script/workspace/loading.lua:112]: ++++As library of:	file:///home/donkhekong/dotfiles/local/.local/share/nvim/lazy/lazy.nvim/lua
[21:22:42.717][info] [#0:script/workspace/loading.lua:100]: Preload file at: file:///home/donkhekong/dotfiles/local/.local/share/nvim/lazy/lazy.nvim/lua/lazy/view/text.lua , size = 3.813 KB
[21:22:42.722][info] [#0:script/workspace/loading.lua:112]: ++++As library of:	file:///home/donkhekong/dotfiles/local/.local/share/nvim/lazy/lazy.nvim/lua
[21:22:42.722][info] [#0:script/workspace/loading.lua:100]: Preload file at: file:///home/donkhekong/dotfiles/local/.local/share/nvim/lazy/lazy.nvim/lua/lazy/view/render.lua , size = 23.064 KB
[21:22:42.745][info] [#0:script/workspace/loading.lua:112]: ++++As library of:	file:///home/donkhekong/dotfiles/local/.local/share/nvim/lazy/lazy.nvim/lua
[21:22:42.745][info] [#0:script/workspace/loading.lua:100]: Preload file at: file:///home/donkhekong/dotfiles/local/.local/share/nvim/lazy/lazy.nvim/lua/lazy/async.lua , size = 4.302 KB
[21:22:42.750][info] [#0:script/workspace/loading.lua:112]: ++++As library of:	file:///home/donkhekong/dotfiles/local/.local/share/nvim/lazy/lazy.nvim/lua
[21:22:42.750][info] [#0:script/workspace/loading.lua:100]: Preload file at: file:///home/donkhekong/dotfiles/local/.local/share/nvim/lazy/lazy.nvim/lua/lazy/stats.lua , size = 2.153 KB
[21:22:42.752][info] [#0:script/workspace/loading.lua:112]: ++++As library of:	file:///home/donkhekong/dotfiles/local/.local/share/nvim/lazy/lazy.nvim/lua
[21:22:42.753][info] [#0:script/workspace/loading.lua:100]: Preload file at: file:///home/donkhekong/dotfiles/local/.local/share/nvim/lazy/lazy.nvim/lua/lazy/types.lua , size = 3.755 KB
[21:22:42.757][info] [#0:script/workspace/loading.lua:112]: ++++As library of:	file:///home/donkhekong/dotfiles/local/.local/share/nvim/lazy/lazy.nvim/lua
[21:22:42.757][info] [#0:script/workspace/loading.lua:100]: Preload file at: file:///home/donkhekong/dotfiles/local/.local/share/nvim/lazy/lazy.nvim/lua/lazy/terminal.lua , size = 2.394 KB
[21:22:42.759][info] [#0:script/workspace/loading.lua:112]: ++++As library of:	file:///home/donkhekong/dotfiles/local/.local/share/nvim/lazy/lazy.nvim/lua
[21:22:42.759][info] [#0:script/workspace/loading.lua:100]: Preload file at: file:///home/donkhekong/dotfiles/local/.local/share/nvim/lazy/lazy.nvim/lua/lazy/example.lua , size = 2.644 KB
[21:22:42.760][info] [#0:script/workspace/loading.lua:112]: ++++As library of:	file:///home/donkhekong/dotfiles/local/.local/share/nvim/lazy/lazy.nvim/lua
[21:22:42.760][info] [#0:script/workspace/loading.lua:100]: Preload file at: file:///home/donkhekong/dotfiles/local/.local/share/nvim/lazy/lazy.nvim/lua/lazy/community/_generated.lua , size = 60.994 KB
[21:22:42.785][info] [#0:script/workspace/loading.lua:112]: ++++As library of:	file:///home/donkhekong/dotfiles/local/.local/share/nvim/lazy/lazy.nvim/lua
[21:22:42.786][info] [#0:script/workspace/loading.lua:100]: Preload file at: file:///home/donkhekong/dotfiles/local/.local/share/nvim/lazy/lazy.nvim/lua/lazy/community/init.lua , size = 0.511 KB
[21:22:42.787][info] [#0:script/workspace/loading.lua:112]: ++++As library of:	file:///home/donkhekong/dotfiles/local/.local/share/nvim/lazy/lazy.nvim/lua
[21:22:42.787][info] [#0:script/workspace/loading.lua:100]: Preload file at: file:///home/donkhekong/dotfiles/local/.local/share/nvim/lazy/lazy.nvim/lua/lazy/help.lua , size = 2.216 KB
[21:22:42.789][info] [#0:script/workspace/loading.lua:112]: ++++As library of:	file:///home/donkhekong/dotfiles/local/.local/share/nvim/lazy/lazy.nvim/lua
[21:22:42.789][info] [#0:script/workspace/loading.lua:100]: Preload file at: file:///home/donkhekong/dotfiles/local/.local/share/nvim/lazy/lazy.nvim/lua/lazy/community/specs.lua , size = 0.115 KB
[21:22:42.789][info] [#0:script/workspace/loading.lua:112]: ++++As library of:	file:///home/donkhekong/dotfiles/local/.local/share/nvim/lazy/lazy.nvim/lua
[21:22:42.789][info] [#0:script/workspace/loading.lua:100]: Preload file at: file:///home/donkhekong/dotfiles/local/.local/share/nvim/mason/packages/lua-language-server/libexec/meta/LuaJIT%20en-us%20utf8/table/clear.lua , size = 0.797 KB
[21:22:42.790][info] [#0:script/workspace/loading.lua:112]: ++++As library of:	file:///home/donkhekong/dotfiles/local/.local/share/nvim/mason/packages/lua-language-server/libexec/meta/LuaJIT%20en-us%20utf8/table/clear.lua
[21:22:42.790][info] [#0:script/workspace/loading.lua:100]: Preload file at: file:///home/donkhekong/dotfiles/local/.local/share/nvim/mason/packages/lua-language-server/libexec/meta/LuaJIT%20en-us%20utf8/package.lua , size = 2.699 KB
[21:22:42.792][info] [#0:script/workspace/loading.lua:112]: ++++As library of:	file:///home/donkhekong/dotfiles/local/.local/share/nvim/mason/packages/lua-language-server/libexec/meta/LuaJIT%20en-us%20utf8/package.lua
[21:22:42.792][info] [#0:script/workspace/loading.lua:100]: Preload file at: file:///home/donkhekong/dotfiles/local/.local/share/nvim/mason/packages/lua-language-server/libexec/meta/LuaJIT%20en-us%20utf8/jit.lua , size = 0.884 KB
[21:22:42.794][info] [#0:script/workspace/loading.lua:112]: ++++As library of:	file:///home/donkhekong/dotfiles/local/.local/share/nvim/mason/packages/lua-language-server/libexec/meta/LuaJIT%20en-us%20utf8/jit.lua
[21:22:42.794][info] [#0:script/workspace/loading.lua:100]: Preload file at: file:///home/donkhekong/dotfiles/local/.local/share/nvim/lazy/LazyVim/lua/lazyvim/init.lua , size = 0.146 KB
[21:22:42.794][info] [#0:script/workspace/loading.lua:112]: ++++As library of:	file:///home/donkhekong/dotfiles/local/.local/share/nvim/lazy/LazyVim/lua
[21:22:42.794][info] [#0:script/workspace/loading.lua:100]: Preload file at: file:///home/donkhekong/dotfiles/local/.local/share/nvim/lazy/LazyVim/lua/lazyvim/util/json.lua , size = 3.443 KB
[21:22:42.797][info] [#0:script/workspace/loading.lua:112]: ++++As library of:	file:///home/donkhekong/dotfiles/local/.local/share/nvim/lazy/LazyVim/lua
[21:22:42.797][info] [#0:script/workspace/loading.lua:100]: Preload file at: file:///home/donkhekong/dotfiles/local/.local/share/nvim/lazy/LazyVim/lua/lazyvim/util/ui.lua , size = 0.745 KB
[21:22:42.798][info] [#0:script/workspace/loading.lua:112]: ++++As library of:	file:///home/donkhekong/dotfiles/local/.local/share/nvim/lazy/LazyVim/lua
[21:22:42.798][info] [#0:script/workspace/loading.lua:100]: Preload file at: file:///home/donkhekong/dotfiles/local/.local/share/nvim/lazy/LazyVim/lua/lazyvim/util/root.lua , size = 5.578 KB
[21:22:42.804][info] [#0:script/workspace/loading.lua:112]: ++++As library of:	file:///home/donkhekong/dotfiles/local/.local/share/nvim/lazy/LazyVim/lua
[21:22:42.805][info] [#0:script/workspace/loading.lua:100]: Preload file at: file:///home/donkhekong/dotfiles/local/.local/share/nvim/lazy/LazyVim/lua/lazyvim/util/inject.lua , size = 0.864 KB
[21:22:42.806][info] [#0:script/workspace/loading.lua:112]: ++++As library of:	file:///home/donkhekong/dotfiles/local/.local/share/nvim/lazy/LazyVim/lua
[21:22:42.806][info] [#0:script/workspace/loading.lua:100]: Preload file at: file:///home/donkhekong/dotfiles/local/.local/share/nvim/lazy/LazyVim/lua/lazyvim/util/init.lua , size = 7.317 KB
[21:22:42.812][info] [#0:script/workspace/loading.lua:112]: ++++As library of:	file:///home/donkhekong/dotfiles/local/.local/share/nvim/lazy/LazyVim/lua
[21:22:42.813][info] [#0:script/workspace/loading.lua:100]: Preload file at: file:///home/donkhekong/dotfiles/local/.local/share/nvim/lazy/LazyVim/lua/lazyvim/util/deprecated.lua , size = 1.525 KB
[21:22:42.814][info] [#0:script/workspace/loading.lua:112]: ++++As library of:	file:///home/donkhekong/dotfiles/local/.local/share/nvim/lazy/LazyVim/lua
[21:22:42.814][info] [#0:script/workspace/loading.lua:100]: Preload file at: file:///home/donkhekong/dotfiles/local/.local/share/nvim/lazy/LazyVim/lua/lazyvim/util/mini.lua , size = 4.214 KB
[21:22:42.818][info] [#0:script/workspace/loading.lua:112]: ++++As library of:	file:///home/donkhekong/dotfiles/local/.local/share/nvim/lazy/LazyVim/lua
[21:22:42.818][info] [#0:script/workspace/loading.lua:100]: Preload file at: file:///home/donkhekong/dotfiles/local/.local/share/nvim/lazy/LazyVim/lua/lazyvim/util/lualine.lua , size = 4.914 KB
[21:22:42.823][info] [#0:script/workspace/loading.lua:112]: ++++As library of:	file:///home/donkhekong/dotfiles/local/.local/share/nvim/lazy/LazyVim/lua
[21:22:42.823][info] [#0:script/workspace/loading.lua:100]: Preload file at: file:///home/donkhekong/dotfiles/local/.local/share/nvim/lazy/LazyVim/lua/lazyvim/util/extras.lua , size = 9.910 KB
[21:22:42.832][info] [#0:script/workspace/loading.lua:112]: ++++As library of:	file:///home/donkhekong/dotfiles/local/.local/share/nvim/lazy/LazyVim/lua
[21:22:42.833][info] [#0:script/workspace/loading.lua:100]: Preload file at: file:///home/donkhekong/dotfiles/local/.local/share/nvim/lazy/LazyVim/lua/lazyvim/util/news.lua , size = 2.121 KB
[21:22:42.835][info] [#0:script/workspace/loading.lua:112]: ++++As library of:	file:///home/donkhekong/dotfiles/local/.local/share/nvim/lazy/LazyVim/lua
[21:22:42.835][info] [#0:script/workspace/loading.lua:100]: Preload file at: file:///home/donkhekong/dotfiles/local/.local/share/nvim/lazy/LazyVim/lua/lazyvim/util/cmp.lua , size = 5.561 KB
[21:22:42.840][info] [#0:script/workspace/loading.lua:112]: ++++As library of:	file:///home/donkhekong/dotfiles/local/.local/share/nvim/lazy/LazyVim/lua
[21:22:42.840][info] [#0:script/workspace/loading.lua:100]: Preload file at: file:///home/donkhekong/dotfiles/local/.local/share/nvim/lazy/LazyVim/lua/lazyvim/util/plugin.lua , size = 4.246 KB
[21:22:42.843][info] [#0:script/workspace/loading.lua:112]: ++++As library of:	file:///home/donkhekong/dotfiles/local/.local/share/nvim/lazy/LazyVim/lua
[21:22:42.843][info] [#0:script/workspace/loading.lua:100]: Preload file at: file:///home/donkhekong/dotfiles/local/.local/share/nvim/lazy/LazyVim/lua/lazyvim/util/pick.lua , size = 1.844 KB
[21:22:42.845][info] [#0:script/workspace/loading.lua:112]: ++++As library of:	file:///home/donkhekong/dotfiles/local/.local/share/nvim/lazy/LazyVim/lua
[21:22:42.845][info] [#0:script/workspace/loading.lua:100]: Preload file at: file:///home/donkhekong/dotfiles/local/.local/share/nvim/lazy/LazyVim/lua/lazyvim/util/terminal.lua , size = 1.168 KB
[21:22:42.846][info] [#0:script/workspace/loading.lua:112]: ++++As library of:	file:///home/donkhekong/dotfiles/local/.local/share/nvim/lazy/LazyVim/lua
[21:22:42.846][info] [#0:script/workspace/loading.lua:100]: Preload file at: file:///home/donkhekong/dotfiles/local/.local/share/nvim/lazy/LazyVim/lua/lazyvim/util/lsp.lua , size = 6.902 KB
[21:22:42.852][info] [#0:script/workspace/loading.lua:112]: ++++As library of:	file:///home/donkhekong/dotfiles/local/.local/share/nvim/lazy/LazyVim/lua
[21:22:42.852][info] [#0:script/workspace/loading.lua:100]: Preload file at: file:///home/donkhekong/dotfiles/local/.local/share/nvim/lazy/LazyVim/lua/lazyvim/util/format.lua , size = 5.351 KB
[21:22:42.857][info] [#0:script/workspace/loading.lua:112]: ++++As library of:	file:///home/donkhekong/dotfiles/local/.local/share/nvim/lazy/LazyVim/lua
[21:22:42.857][info] [#0:script/workspace/loading.lua:100]: Preload file at: file:///home/donkhekong/dotfiles/local/.local/share/nvim/lazy/LazyVim/lua/lazyvim/health.lua , size = 1.044 KB
[21:22:42.859][info] [#0:script/workspace/loading.lua:112]: ++++As library of:	file:///home/donkhekong/dotfiles/local/.local/share/nvim/lazy/LazyVim/lua
[21:22:42.859][info] [#0:script/workspace/loading.lua:100]: Preload file at: file:///home/donkhekong/dotfiles/local/.local/share/nvim/lazy/LazyVim/lua/lazyvim/plugins/xtras.lua , size = 1.869 KB
[21:22:42.861][info] [#0:script/workspace/loading.lua:112]: ++++As library of:	file:///home/donkhekong/dotfiles/local/.local/share/nvim/lazy/LazyVim/lua
[21:22:42.861][info] [#0:script/workspace/loading.lua:100]: Preload file at: file:///home/donkhekong/dotfiles/local/.local/share/nvim/lazy/LazyVim/lua/lazyvim/plugins/ui.lua , size = 12.364 KB
[21:22:42.868][info] [#0:script/workspace/loading.lua:112]: ++++As library of:	file:///home/donkhekong/dotfiles/local/.local/share/nvim/lazy/LazyVim/lua
[21:22:42.868][info] [#0:script/workspace/loading.lua:100]: Preload file at: file:///home/donkhekong/dotfiles/local/.local/share/nvim/lazy/LazyVim/lua/lazyvim/plugins/coding.lua , size = 2.443 KB
[21:22:42.870][info] [#0:script/workspace/loading.lua:112]: ++++As library of:	file:///home/donkhekong/dotfiles/local/.local/share/nvim/lazy/LazyVim/lua
[21:22:42.870][info] [#0:script/workspace/loading.lua:100]: Preload file at: file:///home/donkhekong/dotfiles/local/.local/share/nvim/lazy/LazyVim/lua/lazyvim/plugins/editor.lua , size = 8.687 KB
[21:22:42.875][info] [#0:script/workspace/loading.lua:112]: ++++As library of:	file:///home/donkhekong/dotfiles/local/.local/share/nvim/lazy/LazyVim/lua
[21:22:42.875][info] [#0:script/workspace/loading.lua:100]: Preload file at: file:///home/donkhekong/dotfiles/local/.local/share/nvim/lazy/LazyVim/lua/lazyvim/plugins/init.lua , size = 0.827 KB
[21:22:42.876][info] [#0:script/workspace/loading.lua:112]: ++++As library of:	file:///home/donkhekong/dotfiles/local/.local/share/nvim/lazy/LazyVim/lua
[21:22:42.876][info] [#0:script/workspace/loading.lua:100]: Preload file at: file:///home/donkhekong/dotfiles/local/.local/share/nvim/lazy/LazyVim/lua/lazyvim/plugins/linting.lua , size = 3.503 KB
[21:22:42.879][info] [#0:script/workspace/loading.lua:112]: ++++As library of:	file:///home/donkhekong/dotfiles/local/.local/share/nvim/lazy/LazyVim/lua
[21:22:42.879][info] [#0:script/workspace/loading.lua:100]: Preload file at: file:///home/donkhekong/dotfiles/local/.local/share/nvim/lazy/LazyVim/lua/lazyvim/plugins/lsp/init.lua , size = 10.145 KB
[21:22:42.885][info] [#0:script/workspace/loading.lua:112]: ++++As library of:	file:///home/donkhekong/dotfiles/local/.local/share/nvim/lazy/LazyVim/lua
[21:22:42.885][info] [#0:script/workspace/loading.lua:100]: Preload file at: file:///home/donkhekong/dotfiles/local/.local/share/nvim/lazy/LazyVim/lua/lazyvim/plugins/extras/ui/smear-cursor.lua , size = 0.342 KB
[21:22:42.885][info] [#0:script/workspace/loading.lua:112]: ++++As library of:	file:///home/donkhekong/dotfiles/local/.local/share/nvim/lazy/LazyVim/lua
[21:22:42.885][info] [#0:script/workspace/loading.lua:100]: Preload file at: file:///home/donkhekong/dotfiles/local/.local/share/nvim/lazy/LazyVim/lua/lazyvim/plugins/lsp/keymaps.lua , size = 4.052 KB
[21:22:42.889][info] [#0:script/workspace/loading.lua:112]: ++++As library of:	file:///home/donkhekong/dotfiles/local/.local/share/nvim/lazy/LazyVim/lua
[21:22:42.889][info] [#0:script/workspace/loading.lua:100]: Preload file at: file:///home/donkhekong/dotfiles/local/.local/share/nvim/lazy/LazyVim/lua/lazyvim/plugins/extras/ui/alpha.lua , size = 3.605 KB
[21:22:42.891][info] [#0:script/workspace/loading.lua:112]: ++++As library of:	file:///home/donkhekong/dotfiles/local/.local/share/nvim/lazy/LazyVim/lua
[21:22:42.891][info] [#0:script/workspace/loading.lua:100]: Preload file at: file:///home/donkhekong/dotfiles/local/.local/share/nvim/lazy/LazyVim/lua/lazyvim/plugins/extras/ui/dashboard-nvim.lua , size = 3.694 KB
[21:22:42.893][info] [#0:script/workspace/loading.lua:112]: ++++As library of:	file:///home/donkhekong/dotfiles/local/.local/share/nvim/lazy/LazyVim/lua
[21:22:42.893][info] [#0:script/workspace/loading.lua:100]: Preload file at: file:///home/donkhekong/dotfiles/local/.local/share/nvim/lazy/LazyVim/lua/lazyvim/plugins/extras/ui/mini-indentscope.lua , size = 1.531 KB
[21:22:42.894][info] [#0:script/workspace/loading.lua:112]: ++++As library of:	file:///home/donkhekong/dotfiles/local/.local/share/nvim/lazy/LazyVim/lua
[21:22:42.894][info] [#0:script/workspace/loading.lua:100]: Preload file at: file:///home/donkhekong/dotfiles/local/.local/share/nvim/lazy/LazyVim/lua/lazyvim/plugins/extras/ui/treesitter-context.lua , size = 0.464 KB
[21:22:42.895][info] [#0:script/workspace/loading.lua:112]: ++++As library of:	file:///home/donkhekong/dotfiles/local/.local/share/nvim/lazy/LazyVim/lua
[21:22:42.895][info] [#0:script/workspace/loading.lua:100]: Preload file at: file:///home/donkhekong/dotfiles/local/.local/share/nvim/lazy/LazyVim/lua/lazyvim/plugins/extras/ui/mini-animate.lua , size = 1.667 KB
[21:22:42.897][info] [#0:script/workspace/loading.lua:112]: ++++As library of:	file:///home/donkhekong/dotfiles/local/.local/share/nvim/lazy/LazyVim/lua
[21:22:42.897][info] [#0:script/workspace/loading.lua:100]: Preload file at: file:///home/donkhekong/dotfiles/local/.local/share/nvim/lazy/LazyVim/lua/lazyvim/plugins/extras/ui/indent-blankline.lua , size = 1.115 KB
[21:22:42.897][info] [#0:script/workspace/loading.lua:112]: ++++As library of:	file:///home/donkhekong/dotfiles/local/.local/share/nvim/lazy/LazyVim/lua
[21:22:42.898][info] [#0:script/workspace/loading.lua:100]: Preload file at: file:///home/donkhekong/dotfiles/local/.local/share/nvim/lazy/LazyVim/lua/lazyvim/plugins/extras/ui/mini-starter.lua , size = 3.733 KB
[21:22:42.900][info] [#0:script/workspace/loading.lua:112]: ++++As library of:	file:///home/donkhekong/dotfiles/local/.local/share/nvim/lazy/LazyVim/lua
[21:22:42.900][info] [#0:script/workspace/loading.lua:100]: Preload file at: file:///home/donkhekong/dotfiles/local/.local/share/nvim/lazy/LazyVim/lua/lazyvim/plugins/extras/ui/edgy.lua , size = 5.884 KB
[21:22:42.903][info] [#0:script/workspace/loading.lua:112]: ++++As library of:	file:///home/donkhekong/dotfiles/local/.local/share/nvim/lazy/LazyVim/lua
[21:22:42.904][info] [#0:script/workspace/loading.lua:100]: Preload file at: file:///home/donkhekong/dotfiles/local/.local/share/nvim/lazy/LazyVim/lua/lazyvim/plugins/extras/editor/inc-rename.lua , size = 0.802 KB
[21:22:42.904][info] [#0:script/workspace/loading.lua:112]: ++++As library of:	file:///home/donkhekong/dotfiles/local/.local/share/nvim/lazy/LazyVim/lua
[21:22:42.904][info] [#0:script/workspace/loading.lua:100]: Preload file at: file:///home/donkhekong/dotfiles/local/.local/share/nvim/lazy/LazyVim/lua/lazyvim/plugins/extras/editor/overseer.lua , size = 2.321 KB
[21:22:42.906][info] [#0:script/workspace/loading.lua:112]: ++++As library of:	file:///home/donkhekong/dotfiles/local/.local/share/nvim/lazy/LazyVim/lua
[21:22:42.906][info] [#0:script/workspace/loading.lua:100]: Preload file at: file:///home/donkhekong/dotfiles/local/.local/share/nvim/lazy/LazyVim/lua/lazyvim/plugins/extras/editor/snacks_explorer.lua , size = 0.565 KB
[21:22:42.907][info] [#0:script/workspace/loading.lua:112]: ++++As library of:	file:///home/donkhekong/dotfiles/local/.local/share/nvim/lazy/LazyVim/lua
[21:22:42.907][info] [#0:script/workspace/loading.lua:100]: Preload file at: file:///home/donkhekong/dotfiles/local/.local/share/nvim/lazy/LazyVim/lua/lazyvim/plugins/extras/editor/mini-move.lua , size = 0.086 KB
[21:22:42.907][info] [#0:script/workspace/loading.lua:112]: ++++As library of:	file:///home/donkhekong/dotfiles/local/.local/share/nvim/lazy/LazyVim/lua
[21:22:42.907][info] [#0:script/workspace/loading.lua:100]: Preload file at: file:///home/donkhekong/dotfiles/local/.local/share/nvim/lazy/LazyVim/lua/lazyvim/plugins/extras/editor/harpoon2.lua , size = 0.805 KB
[21:22:42.908][info] [#0:script/workspace/loading.lua:112]: ++++As library of:	file:///home/donkhekong/dotfiles/local/.local/share/nvim/lazy/LazyVim/lua
[21:22:42.908][info] [#0:script/workspace/loading.lua:100]: Preload file at: file:///home/donkhekong/dotfiles/local/.local/share/nvim/lazy/LazyVim/lua/lazyvim/plugins/extras/editor/snacks_picker.lua , size = 9.526 KB
[21:22:42.915][info] [#0:script/workspace/loading.lua:112]: ++++As library of:	file:///home/donkhekong/dotfiles/local/.local/share/nvim/lazy/LazyVim/lua
[21:22:42.915][info] [#0:script/workspace/loading.lua:100]: Preload file at: file:///home/donkhekong/dotfiles/local/.local/share/nvim/lazy/LazyVim/lua/lazyvim/plugins/extras/editor/leap.lua , size = 1.694 KB
[21:22:42.917][info] [#0:script/workspace/loading.lua:112]: ++++As library of:	file:///home/donkhekong/dotfiles/local/.local/share/nvim/lazy/LazyVim/lua
[21:22:42.917][info] [#0:script/workspace/loading.lua:100]: Preload file at: file:///home/donkhekong/dotfiles/local/.local/share/nvim/lazy/LazyVim/lua/lazyvim/plugins/extras/editor/telescope.lua , size = 11.491 KB
[21:22:42.923][info] [#0:script/workspace/loading.lua:112]: ++++As library of:	file:///home/donkhekong/dotfiles/local/.local/share/nvim/lazy/LazyVim/lua
[21:22:42.923][info] [#0:script/workspace/loading.lua:100]: Preload file at: file:///home/donkhekong/dotfiles/local/.local/share/nvim/lazy/LazyVim/lua/lazyvim/plugins/extras/editor/navic.lua , size = 0.934 KB
[21:22:42.924][info] [#0:script/workspace/loading.lua:112]: ++++As library of:	file:///home/donkhekong/dotfiles/local/.local/share/nvim/lazy/LazyVim/lua
[21:22:42.924][info] [#0:script/workspace/loading.lua:100]: Preload file at: file:///home/donkhekong/dotfiles/local/.local/share/nvim/lazy/LazyVim/lua/lazyvim/plugins/extras/editor/illuminate.lua , size = 1.599 KB
[21:22:42.926][info] [#0:script/workspace/loading.lua:112]: ++++As library of:	file:///home/donkhekong/dotfiles/local/.local/share/nvim/lazy/LazyVim/lua
[21:22:42.926][info] [#0:script/workspace/loading.lua:100]: Preload file at: file:///home/donkhekong/dotfiles/local/.local/share/nvim/lazy/LazyVim/lua/lazyvim/plugins/extras/editor/outline.lua , size = 1.504 KB
[21:22:42.927][info] [#0:script/workspace/loading.lua:112]: ++++As library of:	file:///home/donkhekong/dotfiles/local/.local/share/nvim/lazy/LazyVim/lua
[21:22:42.927][info] [#0:script/workspace/loading.lua:100]: Preload file at: file:///home/donkhekong/dotfiles/local/.local/share/nvim/lazy/LazyVim/lua/lazyvim/plugins/extras/editor/refactoring.lua , size = 3.576 KB
[21:22:42.929][info] [#0:script/workspace/loading.lua:112]: ++++As library of:	file:///home/donkhekong/dotfiles/local/.local/share/nvim/lazy/LazyVim/lua
[21:22:42.929][info] [#0:script/workspace/loading.lua:100]: Preload file at: file:///home/donkhekong/dotfiles/local/.local/share/nvim/lazy/LazyVim/lua/lazyvim/plugins/extras/editor/mini-files.lua , size = 3.419 KB
[21:22:42.932][info] [#0:script/workspace/loading.lua:112]: ++++As library of:	file:///home/donkhekong/dotfiles/local/.local/share/nvim/lazy/LazyVim/lua
[21:22:42.932][info] [#0:script/workspace/loading.lua:100]: Preload file at: file:///home/donkhekong/dotfiles/local/.local/share/nvim/lazy/LazyVim/lua/lazyvim/plugins/extras/editor/dial.lua , size = 5.035 KB
[21:22:42.935][info] [#0:script/workspace/loading.lua:112]: ++++As library of:	file:///home/donkhekong/dotfiles/local/.local/share/nvim/lazy/LazyVim/lua
[21:22:42.936][info] [#0:script/workspace/loading.lua:100]: Preload file at: file:///home/donkhekong/dotfiles/local/.local/share/nvim/lazy/LazyVim/lua/lazyvim/plugins/extras/editor/aerial.lua , size = 3.464 KB
[21:22:42.938][info] [#0:script/workspace/loading.lua:112]: ++++As library of:	file:///home/donkhekong/dotfiles/local/.local/share/nvim/lazy/LazyVim/lua
[21:22:42.938][info] [#0:script/workspace/loading.lua:100]: Preload file at: file:///home/donkhekong/dotfiles/local/.local/share/nvim/lazy/LazyVim/lua/lazyvim/plugins/extras/editor/mini-diff.lua , size = 1.623 KB
[21:22:42.939][info] [#0:script/workspace/loading.lua:112]: ++++As library of:	file:///home/donkhekong/dotfiles/local/.local/share/nvim/lazy/LazyVim/lua
[21:22:42.939][info] [#0:script/workspace/loading.lua:100]: Preload file at: file:///home/donkhekong/dotfiles/local/.local/share/nvim/lazy/LazyVim/lua/lazyvim/plugins/extras/editor/fzf.lua , size = 11.086 KB
[21:22:42.947][info] [#0:script/workspace/loading.lua:112]: ++++As library of:	file:///home/donkhekong/dotfiles/local/.local/share/nvim/lazy/LazyVim/lua
[21:22:42.947][info] [#0:script/workspace/loading.lua:100]: Preload file at: file:///home/donkhekong/dotfiles/local/.local/share/nvim/lazy/LazyVim/lua/lazyvim/plugins/extras/editor/neo-tree.lua , size = 3.901 KB
[21:22:42.950][info] [#0:script/workspace/loading.lua:112]: ++++As library of:	file:///home/donkhekong/dotfiles/local/.local/share/nvim/lazy/LazyVim/lua
[21:22:42.950][info] [#0:script/workspace/loading.lua:100]: Preload file at: file:///home/donkhekong/dotfiles/local/.local/share/nvim/lazy/LazyVim/lua/lazyvim/plugins/extras/util/startuptime.lua , size = 0.146 KB
[21:22:42.951][info] [#0:script/workspace/loading.lua:112]: ++++As library of:	file:///home/donkhekong/dotfiles/local/.local/share/nvim/lazy/LazyVim/lua
[21:22:42.951][info] [#0:script/workspace/loading.lua:100]: Preload file at: file:///home/donkhekong/dotfiles/local/.local/share/nvim/lazy/LazyVim/lua/lazyvim/plugins/extras/util/project.lua , size = 4.702 KB
[21:22:42.955][info] [#0:script/workspace/loading.lua:112]: ++++As library of:	file:///home/donkhekong/dotfiles/local/.local/share/nvim/lazy/LazyVim/lua
[21:22:42.956][info] [#0:script/workspace/loading.lua:100]: Preload file at: file:///home/donkhekong/dotfiles/local/.local/share/nvim/lazy/LazyVim/lua/lazyvim/plugins/extras/util/gitui.lua , size = 0.782 KB
[21:22:42.957][info] [#0:script/workspace/loading.lua:112]: ++++As library of:	file:///home/donkhekong/dotfiles/local/.local/share/nvim/lazy/LazyVim/lua
[21:22:42.957][info] [#0:script/workspace/loading.lua:100]: Preload file at: file:///home/donkhekong/dotfiles/local/.local/share/nvim/lazy/LazyVim/lua/lazyvim/plugins/extras/util/mini-hipatterns.lua , size = 8.486 KB
[21:22:42.964][info] [#0:script/workspace/loading.lua:112]: ++++As library of:	file:///home/donkhekong/dotfiles/local/.local/share/nvim/lazy/LazyVim/lua
[21:22:42.964][info] [#0:script/workspace/loading.lua:100]: Preload file at: file:///home/donkhekong/dotfiles/local/.local/share/nvim/lazy/LazyVim/lua/lazyvim/plugins/extras/util/octo.lua , size = 2.780 KB
[21:22:42.966][info] [#0:script/workspace/loading.lua:112]: ++++As library of:	file:///home/donkhekong/dotfiles/local/.local/share/nvim/lazy/LazyVim/lua
[21:22:42.966][info] [#0:script/workspace/loading.lua:100]: Preload file at: file:///home/donkhekong/dotfiles/local/.local/share/nvim/lazy/LazyVim/lua/lazyvim/plugins/extras/util/dot.lua , size = 1.398 KB
[21:22:42.967][info] [#0:script/workspace/loading.lua:112]: ++++As library of:	file:///home/donkhekong/dotfiles/local/.local/share/nvim/lazy/LazyVim/lua
[21:22:42.967][info] [#0:script/workspace/loading.lua:100]: Preload file at: file:///home/donkhekong/dotfiles/local/.local/share/nvim/lazy/LazyVim/lua/lazyvim/plugins/extras/util/rest.lua , size = 1.679 KB
[21:22:42.969][info] [#0:script/workspace/loading.lua:112]: ++++As library of:	file:///home/donkhekong/dotfiles/local/.local/share/nvim/lazy/LazyVim/lua
[21:22:42.969][info] [#0:script/workspace/loading.lua:100]: Preload file at: file:///home/donkhekong/dotfiles/local/.local/share/nvim/lazy/LazyVim/lua/lazyvim/plugins/extras/util/chezmoi.lua , size = 4.110 KB
[21:22:42.972][info] [#0:script/workspace/loading.lua:112]: ++++As library of:	file:///home/donkhekong/dotfiles/local/.local/share/nvim/lazy/LazyVim/lua
[21:22:42.972][info] [#0:script/workspace/loading.lua:100]: Preload file at: file:///home/donkhekong/dotfiles/local/.local/share/nvim/lazy/LazyVim/lua/lazyvim/plugins/extras/vscode.lua , size = 2.317 KB
[21:22:42.974][info] [#0:script/workspace/loading.lua:112]: ++++As library of:	file:///home/donkhekong/dotfiles/local/.local/share/nvim/lazy/LazyVim/lua
[21:22:42.974][info] [#0:script/workspace/loading.lua:100]: Preload file at: file:///home/donkhekong/dotfiles/local/.local/share/nvim/lazy/LazyVim/lua/lazyvim/plugins/extras/lsp/none-ls.lua , size = 1.348 KB
[21:22:42.976][info] [#0:script/workspace/loading.lua:112]: ++++As library of:	file:///home/donkhekong/dotfiles/local/.local/share/nvim/lazy/LazyVim/lua
[21:22:42.976][info] [#0:script/workspace/loading.lua:100]: Preload file at: file:///home/donkhekong/dotfiles/local/.local/share/nvim/lazy/LazyVim/lua/lazyvim/plugins/extras/lsp/neoconf.lua , size = 0.164 KB
[21:22:42.976][info] [#0:script/workspace/loading.lua:112]: ++++As library of:	file:///home/donkhekong/dotfiles/local/.local/share/nvim/lazy/LazyVim/lua
[21:22:42.976][info] [#0:script/workspace/loading.lua:100]: Preload file at: file:///home/donkhekong/dotfiles/local/.local/share/nvim/lazy/LazyVim/lua/lazyvim/plugins/extras/coding/yanky.lua , size = 2.044 KB
[21:22:42.978][info] [#0:script/workspace/loading.lua:112]: ++++As library of:	file:///home/donkhekong/dotfiles/local/.local/share/nvim/lazy/LazyVim/lua
[21:22:42.978][info] [#0:script/workspace/loading.lua:100]: Preload file at: file:///home/donkhekong/dotfiles/local/.local/share/nvim/lazy/LazyVim/lua/lazyvim/plugins/extras/coding/mini-comment.lua , size = 0.407 KB
[21:22:42.978][info] [#0:script/workspace/loading.lua:112]: ++++As library of:	file:///home/donkhekong/dotfiles/local/.local/share/nvim/lazy/LazyVim/lua
[21:22:42.978][info] [#0:script/workspace/loading.lua:100]: Preload file at: file:///home/donkhekong/dotfiles/local/.local/share/nvim/lazy/LazyVim/lua/lazyvim/plugins/extras/coding/nvim-cmp.lua , size = 3.700 KB
[21:22:42.981][info] [#0:script/workspace/loading.lua:112]: ++++As library of:	file:///home/donkhekong/dotfiles/local/.local/share/nvim/lazy/LazyVim/lua
[21:22:42.981][info] [#0:script/workspace/loading.lua:100]: Preload file at: file:///home/donkhekong/dotfiles/local/.local/share/nvim/lazy/LazyVim/lua/lazyvim/plugins/extras/coding/luasnip.lua , size = 1.938 KB
[21:22:42.983][info] [#0:script/workspace/loading.lua:112]: ++++As library of:	file:///home/donkhekong/dotfiles/local/.local/share/nvim/lazy/LazyVim/lua
[21:22:42.983][info] [#0:script/workspace/loading.lua:100]: Preload file at: file:///home/donkhekong/dotfiles/local/.local/share/nvim/lazy/LazyVim/lua/lazyvim/plugins/extras/coding/blink.lua , size = 5.649 KB
[21:22:42.987][info] [#0:script/workspace/loading.lua:112]: ++++As library of:	file:///home/donkhekong/dotfiles/local/.local/share/nvim/lazy/LazyVim/lua
[21:22:42.987][info] [#0:script/workspace/loading.lua:100]: Preload file at: file:///home/donkhekong/dotfiles/local/.local/share/nvim/lazy/LazyVim/lua/lazyvim/plugins/extras/coding/neogen.lua , size = 0.730 KB
[21:22:42.988][info] [#0:script/workspace/loading.lua:112]: ++++As library of:	file:///home/donkhekong/dotfiles/local/.local/share/nvim/lazy/LazyVim/lua
[21:22:42.988][info] [#0:script/workspace/loading.lua:100]: Preload file at: file:///home/donkhekong/dotfiles/local/.local/share/nvim/lazy/LazyVim/lua/lazyvim/plugins/extras/coding/mini-surround.lua , size = 1.421 KB
[21:22:42.989][info] [#0:script/workspace/loading.lua:112]: ++++As library of:	file:///home/donkhekong/dotfiles/local/.local/share/nvim/lazy/LazyVim/lua
[21:22:42.990][info] [#0:script/workspace/loading.lua:100]: Preload file at: file:///home/donkhekong/dotfiles/local/.local/share/nvim/lazy/LazyVim/lua/lazyvim/plugins/extras/coding/mini-snippets.lua , size = 5.806 KB
[21:22:42.993][info] [#0:script/workspace/loading.lua:112]: ++++As library of:	file:///home/donkhekong/dotfiles/local/.local/share/nvim/lazy/LazyVim/lua
[21:22:42.993][info] [#0:script/workspace/loading.lua:100]: Preload file at: file:///home/donkhekong/dotfiles/local/.local/share/nvim/lazy/LazyVim/lua/lazyvim/plugins/extras/lang/astro.lua , size = 1.289 KB
[21:22:42.994][info] [#0:script/workspace/loading.lua:112]: ++++As library of:	file:///home/donkhekong/dotfiles/local/.local/share/nvim/lazy/LazyVim/lua
[21:22:42.994][info] [#0:script/workspace/loading.lua:100]: Preload file at: file:///home/donkhekong/dotfiles/local/.local/share/nvim/lazy/LazyVim/lua/lazyvim/plugins/extras/lang/clojure.lua , size = 2.857 KB
[21:22:42.996][info] [#0:script/workspace/loading.lua:112]: ++++As library of:	file:///home/donkhekong/dotfiles/local/.local/share/nvim/lazy/LazyVim/lua
[21:22:42.996][info] [#0:script/workspace/loading.lua:100]: Preload file at: file:///home/donkhekong/dotfiles/local/.local/share/nvim/lazy/LazyVim/lua/lazyvim/plugins/extras/lang/r.lua , size = 2.612 KB
[21:22:42.998][info] [#0:script/workspace/loading.lua:112]: ++++As library of:	file:///home/donkhekong/dotfiles/local/.local/share/nvim/lazy/LazyVim/lua
[21:22:42.998][info] [#0:script/workspace/loading.lua:100]: Preload file at: file:///home/donkhekong/dotfiles/local/.local/share/nvim/lazy/LazyVim/lua/lazyvim/plugins/extras/lang/helm.lua , size = 0.682 KB
[21:22:42.999][info] [#0:script/workspace/loading.lua:112]: ++++As library of:	file:///home/donkhekong/dotfiles/local/.local/share/nvim/lazy/LazyVim/lua
[21:22:42.999][info] [#0:script/workspace/loading.lua:100]: Preload file at: file:///home/donkhekong/dotfiles/local/.local/share/nvim/lazy/LazyVim/lua/lazyvim/plugins/extras/lang/clangd.lua , size = 4.343 KB
[21:22:43.002][info] [#0:script/workspace/loading.lua:112]: ++++As library of:	file:///home/donkhekong/dotfiles/local/.local/share/nvim/lazy/LazyVim/lua
[21:22:43.002][info] [#0:script/workspace/loading.lua:100]: Preload file at: file:///home/donkhekong/dotfiles/local/.local/share/nvim/lazy/LazyVim/lua/lazyvim/plugins/extras/lang/tailwind.lua , size = 2.113 KB
[21:22:43.004][info] [#0:script/workspace/loading.lua:112]: ++++As library of:	file:///home/donkhekong/dotfiles/local/.local/share/nvim/lazy/LazyVim/lua
[21:22:43.004][info] [#0:script/workspace/loading.lua:100]: Preload file at: file:///home/donkhekong/dotfiles/local/.local/share/nvim/lazy/LazyVim/lua/lazyvim/plugins/extras/lang/ansible.lua , size = 0.596 KB
[21:22:43.004][info] [#0:script/workspace/loading.lua:112]: ++++As library of:	file:///home/donkhekong/dotfiles/local/.local/share/nvim/lazy/LazyVim/lua
[21:22:43.004][info] [#0:script/workspace/loading.lua:100]: Preload file at: file:///home/donkhekong/dotfiles/local/.local/share/nvim/lazy/LazyVim/lua/lazyvim/plugins/extras/lang/json.lua , size = 1.062 KB
[21:22:43.005][info] [#0:script/workspace/loading.lua:112]: ++++As library of:	file:///home/donkhekong/dotfiles/local/.local/share/nvim/lazy/LazyVim/lua
[21:22:43.006][info] [#0:script/workspace/loading.lua:100]: Preload file at: file:///home/donkhekong/dotfiles/local/.local/share/nvim/lazy/LazyVim/lua/lazyvim/plugins/extras/lang/gleam.lua , size = 0.272 KB
[21:22:43.006][info] [#0:script/workspace/loading.lua:112]: ++++As library of:	file:///home/donkhekong/dotfiles/local/.local/share/nvim/lazy/LazyVim/lua
[21:22:43.006][info] [#0:script/workspace/loading.lua:100]: Preload file at: file:///home/donkhekong/dotfiles/local/.local/share/nvim/lazy/LazyVim/lua/lazyvim/plugins/extras/lang/nix.lua , size = 0.406 KB
[21:22:43.007][info] [#0:script/workspace/loading.lua:112]: ++++As library of:	file:///home/donkhekong/dotfiles/local/.local/share/nvim/lazy/LazyVim/lua
[21:22:43.007][info] [#0:script/workspace/loading.lua:100]: Preload file at: file:///home/donkhekong/dotfiles/local/.local/share/nvim/lazy/LazyVim/lua/lazyvim/plugins/extras/lang/python.lua , size = 3.923 KB
[21:22:43.010][info] [#0:script/workspace/loading.lua:112]: ++++As library of:	file:///home/donkhekong/dotfiles/local/.local/share/nvim/lazy/LazyVim/lua
[21:22:43.010][info] [#0:script/workspace/loading.lua:100]: Preload file at: file:///home/donkhekong/dotfiles/local/.local/share/nvim/lazy/LazyVim/lua/lazyvim/plugins/extras/lang/terraform.lua , size = 1.915 KB
[21:22:43.012][info] [#0:script/workspace/loading.lua:112]: ++++As library of:	file:///home/donkhekong/dotfiles/local/.local/share/nvim/lazy/LazyVim/lua
[21:22:43.012][info] [#0:script/workspace/loading.lua:100]: Preload file at: file:///home/donkhekong/dotfiles/local/.local/share/nvim/lazy/LazyVim/lua/lazyvim/plugins/extras/lang/elm.lua , size = 0.507 KB
[21:22:43.012][info] [#0:script/workspace/loading.lua:112]: ++++As library of:	file:///home/donkhekong/dotfiles/local/.local/share/nvim/lazy/LazyVim/lua
[21:22:43.012][info] [#0:script/workspace/loading.lua:100]: Preload file at: file:///home/donkhekong/dotfiles/local/.local/share/nvim/lazy/LazyVim/lua/lazyvim/plugins/extras/lang/cmake.lua , size = 1.384 KB
[21:22:43.014][info] [#0:script/workspace/loading.lua:112]: ++++As library of:	file:///home/donkhekong/dotfiles/local/.local/share/nvim/lazy/LazyVim/lua
[21:22:43.014][info] [#0:script/workspace/loading.lua:100]: Preload file at: file:///home/donkhekong/dotfiles/local/.local/share/nvim/lazy/LazyVim/lua/lazyvim/plugins/extras/lang/nushell.lua , size = 0.242 KB
[21:22:43.014][info] [#0:script/workspace/loading.lua:112]: ++++As library of:	file:///home/donkhekong/dotfiles/local/.local/share/nvim/lazy/LazyVim/lua
[21:22:43.014][info] [#0:script/workspace/loading.lua:100]: Preload file at: file:///home/donkhekong/dotfiles/local/.local/share/nvim/lazy/LazyVim/lua/lazyvim/plugins/extras/lang/ruby.lua , size = 2.260 KB
[21:22:43.016][info] [#0:script/workspace/loading.lua:112]: ++++As library of:	file:///home/donkhekong/dotfiles/local/.local/share/nvim/lazy/LazyVim/lua
[21:22:43.016][info] [#0:script/workspace/loading.lua:100]: Preload file at: file:///home/donkhekong/dotfiles/local/.local/share/nvim/lazy/LazyVim/lua/lazyvim/plugins/extras/lang/kotlin.lua , size = 3.074 KB
[21:22:43.018][info] [#0:script/workspace/loading.lua:112]: ++++As library of:	file:///home/donkhekong/dotfiles/local/.local/share/nvim/lazy/LazyVim/lua
[21:22:43.018][info] [#0:script/workspace/loading.lua:100]: Preload file at: file:///home/donkhekong/dotfiles/local/.local/share/nvim/lazy/LazyVim/lua/lazyvim/plugins/extras/lang/docker.lua , size = 0.923 KB
[21:22:43.019][info] [#0:script/workspace/loading.lua:112]: ++++As library of:	file:///home/donkhekong/dotfiles/local/.local/share/nvim/lazy/LazyVim/lua
[21:22:43.020][info] [#0:script/workspace/loading.lua:100]: Preload file at: file:///home/donkhekong/dotfiles/local/.local/share/nvim/lazy/LazyVim/lua/lazyvim/plugins/extras/lang/prisma.lua , size = 0.314 KB
[21:22:43.020][info] [#0:script/workspace/loading.lua:112]: ++++As library of:	file:///home/donkhekong/dotfiles/local/.local/share/nvim/lazy/LazyVim/lua
[21:22:43.020][info] [#0:script/workspace/loading.lua:100]: Preload file at: file:///home/donkhekong/dotfiles/local/.local/share/nvim/lazy/LazyVim/lua/lazyvim/plugins/extras/lang/erlang.lua , size = 0.353 KB
[21:22:43.021][info] [#0:script/workspace/loading.lua:112]: ++++As library of:	file:///home/donkhekong/dotfiles/local/.local/share/nvim/lazy/LazyVim/lua
[21:22:43.021][info] [#0:script/workspace/loading.lua:100]: Preload file at: file:///home/donkhekong/dotfiles/local/.local/share/nvim/lazy/LazyVim/lua/lazyvim/plugins/extras/lang/php.lua , size = 1.775 KB
[21:22:43.022][info] [#0:script/workspace/loading.lua:112]: ++++As library of:	file:///home/donkhekong/dotfiles/local/.local/share/nvim/lazy/LazyVim/lua
[21:22:43.022][info] [#0:script/workspace/loading.lua:100]: Preload file at: file:///home/donkhekong/dotfiles/local/.local/share/nvim/lazy/LazyVim/lua/lazyvim/plugins/extras/lang/zig.lua , size = 0.538 KB
[21:22:43.023][info] [#0:script/workspace/loading.lua:112]: ++++As library of:	file:///home/donkhekong/dotfiles/local/.local/share/nvim/lazy/LazyVim/lua
[21:22:43.023][info] [#0:script/workspace/loading.lua:100]: Preload file at: file:///home/donkhekong/dotfiles/local/.local/share/nvim/lazy/LazyVim/lua/lazyvim/plugins/extras/lang/thrift.lua , size = 0.271 KB
[21:22:43.024][info] [#0:script/workspace/loading.lua:112]: ++++As library of:	file:///home/donkhekong/dotfiles/local/.local/share/nvim/lazy/LazyVim/lua
[21:22:43.024][info] [#0:script/workspace/loading.lua:100]: Preload file at: file:///home/donkhekong/dotfiles/local/.local/share/nvim/lazy/LazyVim/lua/lazyvim/plugins/extras/lang/typescript.lua , size = 9.263 KB
[21:22:43.029][info] [#0:script/workspace/loading.lua:112]: ++++As library of:	file:///home/donkhekong/dotfiles/local/.local/share/nvim/lazy/LazyVim/lua
[21:22:43.029][info] [#0:script/workspace/loading.lua:100]: Preload file at: file:///home/donkhekong/dotfiles/local/.local/share/nvim/lazy/LazyVim/lua/lazyvim/plugins/extras/lang/git.lua , size = 0.560 KB
[21:22:43.030][info] [#0:script/workspace/loading.lua:112]: ++++As library of:	file:///home/donkhekong/dotfiles/local/.local/share/nvim/lazy/LazyVim/lua
[21:22:43.030][info] [#0:script/workspace/loading.lua:100]: Preload file at: file:///home/donkhekong/dotfiles/local/.local/share/nvim/lazy/LazyVim/lua/lazyvim/plugins/extras/lang/scala.lua , size = 2.618 KB
[21:22:43.032][info] [#0:script/workspace/loading.lua:112]: ++++As library of:	file:///home/donkhekong/dotfiles/local/.local/share/nvim/lazy/LazyVim/lua
[21:22:43.032][info] [#0:script/workspace/loading.lua:100]: Preload file at: file:///home/donkhekong/dotfiles/local/.local/share/nvim/lazy/LazyVim/lua/lazyvim/plugins/extras/lang/svelte.lua , size = 1.559 KB
[21:22:43.033][info] [#0:script/workspace/loading.lua:112]: ++++As library of:	file:///home/donkhekong/dotfiles/local/.local/share/nvim/lazy/LazyVim/lua
[21:22:43.033][info] [#0:script/workspace/loading.lua:100]: Preload file at: file:///home/donkhekong/dotfiles/local/.local/share/nvim/lazy/LazyVim/lua/lazyvim/plugins/extras/lang/toml.lua , size = 0.207 KB
[21:22:43.034][info] [#0:script/workspace/loading.lua:112]: ++++As library of:	file:///home/donkhekong/dotfiles/local/.local/share/nvim/lazy/LazyVim/lua
[21:22:43.034][info] [#0:script/workspace/loading.lua:100]: Preload file at: file:///home/donkhekong/dotfiles/local/.local/share/nvim/lazy/LazyVim/lua/lazyvim/plugins/extras/lang/yaml.lua , size = 1.952 KB
[21:22:43.035][info] [#0:script/workspace/loading.lua:112]: ++++As library of:	file:///home/donkhekong/dotfiles/local/.local/share/nvim/lazy/LazyVim/lua
[21:22:43.035][info] [#0:script/workspace/loading.lua:100]: Preload file at: file:///home/donkhekong/dotfiles/local/.local/share/nvim/lazy/LazyVim/lua/lazyvim/plugins/extras/lang/angular.lua , size = 1.795 KB
[21:22:43.037][info] [#0:script/workspace/loading.lua:112]: ++++As library of:	file:///home/donkhekong/dotfiles/local/.local/share/nvim/lazy/LazyVim/lua
[21:22:43.037][info] [#0:script/workspace/loading.lua:100]: Preload file at: file:///home/donkhekong/dotfiles/local/.local/share/nvim/lazy/LazyVim/lua/lazyvim/plugins/extras/lang/tex.lua , size = 1.365 KB
[21:22:43.038][info] [#0:script/workspace/loading.lua:112]: ++++As library of:	file:///home/donkhekong/dotfiles/local/.local/share/nvim/lazy/LazyVim/lua
[21:22:43.038][info] [#0:script/workspace/loading.lua:100]: Preload file at: file:///home/donkhekong/dotfiles/local/.local/share/nvim/lazy/LazyVim/lua/lazyvim/plugins/extras/lang/omnisharp.lua , size = 2.945 KB
[21:22:43.040][info] [#0:script/workspace/loading.lua:112]: ++++As library of:	file:///home/donkhekong/dotfiles/local/.local/share/nvim/lazy/LazyVim/lua
[21:22:43.040][info] [#0:script/workspace/loading.lua:100]: Preload file at: file:///home/donkhekong/dotfiles/local/.local/share/nvim/lazy/LazyVim/lua/lazyvim/plugins/extras/lang/java.lua , size = 10.906 KB
[21:22:43.046][info] [#0:script/workspace/loading.lua:112]: ++++As library of:	file:///home/donkhekong/dotfiles/local/.local/share/nvim/lazy/LazyVim/lua
[21:22:43.046][info] [#0:script/workspace/loading.lua:100]: Preload file at: file:///home/donkhekong/dotfiles/local/.local/share/nvim/lazy/LazyVim/lua/lazyvim/plugins/extras/lang/ocaml.lua , size = 1.036 KB
[21:22:43.047][info] [#0:script/workspace/loading.lua:112]: ++++As library of:	file:///home/donkhekong/dotfiles/local/.local/share/nvim/lazy/LazyVim/lua
[21:22:43.048][info] [#0:script/workspace/loading.lua:100]: Preload file at: file:///home/donkhekong/dotfiles/local/.local/share/nvim/lazy/LazyVim/lua/lazyvim/plugins/extras/lang/sql.lua , size = 4.538 KB
[21:22:43.051][info] [#0:script/workspace/loading.lua:112]: ++++As library of:	file:///home/donkhekong/dotfiles/local/.local/share/nvim/lazy/LazyVim/lua
[21:22:43.051][info] [#0:script/workspace/loading.lua:100]: Preload file at: file:///home/donkhekong/dotfiles/local/.local/share/nvim/lazy/LazyVim/lua/lazyvim/plugins/extras/lang/go.lua , size = 4.057 KB
[21:22:43.053][info] [#0:script/workspace/loading.lua:112]: ++++As library of:	file:///home/donkhekong/dotfiles/local/.local/share/nvim/lazy/LazyVim/lua
[21:22:43.053][info] [#0:script/workspace/loading.lua:100]: Preload file at: file:///home/donkhekong/dotfiles/local/.local/share/nvim/lazy/LazyVim/lua/lazyvim/plugins/extras/lang/lean.lua , size = 4.225 KB
[21:22:43.055][info] [#0:script/workspace/loading.lua:112]: ++++As library of:	file:///home/donkhekong/dotfiles/local/.local/share/nvim/lazy/LazyVim/lua
[21:22:43.055][info] [#0:script/workspace/loading.lua:100]: Preload file at: file:///home/donkhekong/dotfiles/local/.local/share/nvim/lazy/LazyVim/lua/lazyvim/plugins/extras/lang/elixir.lua , size = 2.505 KB
[21:22:43.057][info] [#0:script/workspace/loading.lua:112]: ++++As library of:	file:///home/donkhekong/dotfiles/local/.local/share/nvim/lazy/LazyVim/lua
[21:22:43.057][info] [#0:script/workspace/loading.lua:100]: Preload file at: file:///home/donkhekong/dotfiles/local/.local/share/nvim/lazy/LazyVim/lua/lazyvim/plugins/extras/lang/haskell.lua , size = 2.067 KB
[21:22:43.059][info] [#0:script/workspace/loading.lua:112]: ++++As library of:	file:///home/donkhekong/dotfiles/local/.local/share/nvim/lazy/LazyVim/lua
[21:22:43.059][info] [#0:script/workspace/loading.lua:100]: Preload file at: file:///home/donkhekong/dotfiles/local/.local/share/nvim/lazy/LazyVim/lua/lazyvim/plugins/extras/lang/rust.lua , size = 4.332 KB
[21:22:43.062][info] [#0:script/workspace/loading.lua:112]: ++++As library of:	file:///home/donkhekong/dotfiles/local/.local/share/nvim/lazy/LazyVim/lua
[21:22:43.062][info] [#0:script/workspace/loading.lua:100]: Preload file at: file:///home/donkhekong/dotfiles/local/.local/share/nvim/lazy/LazyVim/lua/lazyvim/plugins/extras/lang/markdown.lua , size = 3.020 KB
[21:22:43.064][info] [#0:script/workspace/loading.lua:112]: ++++As library of:	file:///home/donkhekong/dotfiles/local/.local/share/nvim/lazy/LazyVim/lua
[21:22:43.065][info] [#0:script/workspace/loading.lua:100]: Preload file at: file:///home/donkhekong/dotfiles/local/.local/share/nvim/lazy/LazyVim/lua/lazyvim/plugins/extras/lang/vue.lua , size = 1.126 KB
[21:22:43.066][info] [#0:script/workspace/loading.lua:112]: ++++As library of:	file:///home/donkhekong/dotfiles/local/.local/share/nvim/lazy/LazyVim/lua
[21:22:43.066][info] [#0:script/workspace/loading.lua:100]: Preload file at: file:///home/donkhekong/dotfiles/local/.local/share/nvim/lazy/LazyVim/lua/lazyvim/plugins/extras/lang/rego.lua , size = 0.275 KB
[21:22:43.066][info] [#0:script/workspace/loading.lua:112]: ++++As library of:	file:///home/donkhekong/dotfiles/local/.local/share/nvim/lazy/LazyVim/lua
[21:22:43.066][info] [#0:script/workspace/loading.lua:100]: Preload file at: file:///home/donkhekong/dotfiles/local/.local/share/nvim/lazy/LazyVim/lua/lazyvim/plugins/extras/formatting/biome.lua , size = 1.235 KB
[21:22:43.068][info] [#0:script/workspace/loading.lua:112]: ++++As library of:	file:///home/donkhekong/dotfiles/local/.local/share/nvim/lazy/LazyVim/lua
[21:22:43.068][info] [#0:script/workspace/loading.lua:100]: Preload file at: file:///home/donkhekong/dotfiles/local/.local/share/nvim/lazy/LazyVim/lua/lazyvim/plugins/extras/formatting/black.lua , size = 0.513 KB
[21:22:43.068][info] [#0:script/workspace/loading.lua:112]: ++++As library of:	file:///home/donkhekong/dotfiles/local/.local/share/nvim/lazy/LazyVim/lua
[21:22:43.069][info] [#0:script/workspace/loading.lua:100]: Preload file at: file:///home/donkhekong/dotfiles/local/.local/share/nvim/lazy/LazyVim/lua/lazyvim/plugins/extras/formatting/prettier.lua , size = 2.484 KB
[21:22:43.071][info] [#0:script/workspace/loading.lua:112]: ++++As library of:	file:///home/donkhekong/dotfiles/local/.local/share/nvim/lazy/LazyVim/lua
[21:22:43.071][info] [#0:script/workspace/loading.lua:100]: Preload file at: file:///home/donkhekong/dotfiles/local/.local/share/nvim/lazy/LazyVim/lua/lazyvim/plugins/extras/ai/codeium.lua , size = 1.620 KB
[21:22:43.073][info] [#0:script/workspace/loading.lua:112]: ++++As library of:	file:///home/donkhekong/dotfiles/local/.local/share/nvim/lazy/LazyVim/lua
[21:22:43.073][info] [#0:script/workspace/loading.lua:100]: Preload file at: file:///home/donkhekong/dotfiles/local/.local/share/nvim/lazy/LazyVim/lua/lazyvim/plugins/extras/ai/copilot-chat.lua , size = 2.072 KB
[21:22:43.075][info] [#0:script/workspace/loading.lua:112]: ++++As library of:	file:///home/donkhekong/dotfiles/local/.local/share/nvim/lazy/LazyVim/lua
[21:22:43.075][info] [#0:script/workspace/loading.lua:100]: Preload file at: file:///home/donkhekong/dotfiles/local/.local/share/nvim/lazy/LazyVim/lua/lazyvim/plugins/extras/ai/supermaven.lua , size = 2.188 KB
[21:22:43.076][info] [#0:script/workspace/loading.lua:112]: ++++As library of:	file:///home/donkhekong/dotfiles/local/.local/share/nvim/lazy/LazyVim/lua
[21:22:43.076][info] [#0:script/workspace/loading.lua:100]: Preload file at: file:///home/donkhekong/dotfiles/local/.local/share/nvim/lazy/LazyVim/lua/lazyvim/plugins/extras/ai/copilot.lua , size = 3.232 KB
[21:22:43.079][info] [#0:script/workspace/loading.lua:112]: ++++As library of:	file:///home/donkhekong/dotfiles/local/.local/share/nvim/lazy/LazyVim/lua
[21:22:43.079][info] [#0:script/workspace/loading.lua:100]: Preload file at: file:///home/donkhekong/dotfiles/local/.local/share/nvim/lazy/LazyVim/lua/lazyvim/plugins/extras/ai/tabnine.lua , size = 1.509 KB
[21:22:43.080][info] [#0:script/workspace/loading.lua:112]: ++++As library of:	file:///home/donkhekong/dotfiles/local/.local/share/nvim/lazy/LazyVim/lua
[21:22:43.080][info] [#0:script/workspace/loading.lua:100]: Preload file at: file:///home/donkhekong/dotfiles/local/.local/share/nvim/lazy/LazyVim/lua/lazyvim/plugins/extras/test/core.lua , size = 4.863 KB
[21:22:43.084][info] [#0:script/workspace/loading.lua:112]: ++++As library of:	file:///home/donkhekong/dotfiles/local/.local/share/nvim/lazy/LazyVim/lua
[21:22:43.084][info] [#0:script/workspace/loading.lua:100]: Preload file at: file:///home/donkhekong/dotfiles/local/.local/share/nvim/lazy/LazyVim/lua/lazyvim/plugins/extras/linting/eslint.lua , size = 1.833 KB
[21:22:43.085][info] [#0:script/workspace/loading.lua:112]: ++++As library of:	file:///home/donkhekong/dotfiles/local/.local/share/nvim/lazy/LazyVim/lua
[21:22:43.086][info] [#0:script/workspace/loading.lua:100]: Preload file at: file:///home/donkhekong/dotfiles/local/.local/share/nvim/lazy/LazyVim/lua/lazyvim/plugins/extras/dap/core.lua , size = 5.029 KB
[21:22:43.090][info] [#0:script/workspace/loading.lua:112]: ++++As library of:	file:///home/donkhekong/dotfiles/local/.local/share/nvim/lazy/LazyVim/lua
[21:22:43.090][info] [#0:script/workspace/loading.lua:100]: Preload file at: file:///home/donkhekong/dotfiles/local/.local/share/nvim/lazy/LazyVim/lua/lazyvim/plugins/extras/dap/nlua.lua , size = 1.084 KB
[21:22:43.091][info] [#0:script/workspace/loading.lua:112]: ++++As library of:	file:///home/donkhekong/dotfiles/local/.local/share/nvim/lazy/LazyVim/lua
[21:22:43.091][info] [#0:script/workspace/loading.lua:100]: Preload file at: file:///home/donkhekong/dotfiles/local/.local/share/nvim/lazy/LazyVim/lua/lazyvim/plugins/formatting.lua , size = 3.232 KB
[21:22:43.093][info] [#0:script/workspace/loading.lua:112]: ++++As library of:	file:///home/donkhekong/dotfiles/local/.local/share/nvim/lazy/LazyVim/lua
[21:22:43.093][info] [#0:script/workspace/loading.lua:100]: Preload file at: file:///home/donkhekong/dotfiles/local/.local/share/nvim/lazy/LazyVim/lua/lazyvim/plugins/treesitter.lua , size = 4.375 KB
[21:22:43.096][info] [#0:script/workspace/loading.lua:112]: ++++As library of:	file:///home/donkhekong/dotfiles/local/.local/share/nvim/lazy/LazyVim/lua
[21:22:43.096][info] [#0:script/workspace/loading.lua:100]: Preload file at: file:///home/donkhekong/dotfiles/local/.local/share/nvim/lazy/LazyVim/lua/lazyvim/plugins/util.lua , size = 1.980 KB
[21:22:43.098][info] [#0:script/workspace/loading.lua:112]: ++++As library of:	file:///home/donkhekong/dotfiles/local/.local/share/nvim/lazy/LazyVim/lua
[21:22:43.098][info] [#0:script/workspace/loading.lua:100]: Preload file at: file:///home/donkhekong/dotfiles/local/.local/share/nvim/lazy/LazyVim/lua/lazyvim/plugins/colorscheme.lua , size = 1.508 KB
[21:22:43.099][info] [#0:script/workspace/loading.lua:112]: ++++As library of:	file:///home/donkhekong/dotfiles/local/.local/share/nvim/lazy/LazyVim/lua
[21:22:43.099][info] [#0:script/workspace/loading.lua:100]: Preload file at: file:///home/donkhekong/dotfiles/local/.local/share/nvim/lazy/LazyVim/lua/lazyvim/plugins/compat/nvim-0_9.lua , size = 1.075 KB
[21:22:43.101][info] [#0:script/workspace/loading.lua:112]: ++++As library of:	file:///home/donkhekong/dotfiles/local/.local/share/nvim/lazy/LazyVim/lua
[21:22:43.101][info] [#0:script/workspace/loading.lua:100]: Preload file at: file:///home/donkhekong/dotfiles/local/.local/share/nvim/lazy/LazyVim/lua/lazyvim/config/init.lua , size = 11.460 KB
[21:22:43.110][info] [#0:script/workspace/loading.lua:112]: ++++As library of:	file:///home/donkhekong/dotfiles/local/.local/share/nvim/lazy/LazyVim/lua
[21:22:43.110][info] [#0:script/workspace/loading.lua:100]: Preload file at: file:///home/donkhekong/dotfiles/local/.local/share/nvim/lazy/LazyVim/lua/lazyvim/config/keymaps.lua , size = 10.117 KB
[21:22:43.119][info] [#0:script/workspace/loading.lua:112]: ++++As library of:	file:///home/donkhekong/dotfiles/local/.local/share/nvim/lazy/LazyVim/lua
[21:22:43.120][info] [#0:script/workspace/loading.lua:100]: Preload file at: file:///home/donkhekong/dotfiles/local/.local/share/nvim/lazy/LazyVim/lua/lazyvim/config/autocmds.lua , size = 3.310 KB
[21:22:43.123][info] [#0:script/workspace/loading.lua:112]: ++++As library of:	file:///home/donkhekong/dotfiles/local/.local/share/nvim/lazy/LazyVim/lua
[21:22:43.123][info] [#0:script/workspace/loading.lua:100]: Preload file at: file:///home/donkhekong/dotfiles/local/.local/share/nvim/lazy/LazyVim/lua/lazyvim/config/options.lua , size = 4.666 KB
[21:22:43.126][info] [#0:script/workspace/loading.lua:112]: ++++As library of:	file:///home/donkhekong/dotfiles/local/.local/share/nvim/lazy/LazyVim/lua
[21:22:43.126][info] [#0:script/workspace/loading.lua:100]: Preload file at: file:///home/donkhekong/.config/nvim/init.lua , size = 0.070 KB
[21:22:43.126][info] [#0:script/workspace/loading.lua:100]: Preload file at: file:///home/donkhekong/dotfiles/local/.local/share/nvim/lazy/LazyVim/lua/lazyvim/types.lua , size = 0.644 KB
[21:22:43.127][info] [#0:script/workspace/loading.lua:112]: ++++As library of:	file:///home/donkhekong/dotfiles/local/.local/share/nvim/lazy/LazyVim/lua
[21:22:43.230][info] [#0:script/workspace/loading.lua:172]: Loaded files takes [2.756] sec: file:///home/donkhekong/.config/nvim
[21:22:43.230][info] [#0:script/workspace/loading.lua:181]: Compile files takes [0.000] sec: file:///home/donkhekong/.config/nvim
[21:22:43.230][info] [#0:script/workspace/loading.lua:182]: Loaded finish:	file:///home/donkhekong/.config/nvim
[21:22:43.230][info] [#0:script/workspace/workspace.lua:387]: Preload finish at:	file:///home/donkhekong/.config/nvim
[21:22:43.309][warn] [#0:script/proto/proto.lua:189]: Method [textDocument/didOpen] takes [2.950]sec. {
  jsonrpc = "2.0",
  method = "textDocument/didOpen",
  params = {
    textDocument = {
      languageId = "lua",
      text = '"***"',
      uri = "file:///home/donkhekong/.config/nvim/lua/config/options.lua",
      version = 0
    }
  }
}
[21:22:43.312][info] [#0:script/provider/diagnostic.lua:560]: Diagnostics scope [file:///home/donkhekong/.config/nvim], files count:[322]
[21:22:43.316][warn] [#0:script/proto/proto.lua:189]: Method [textDocument/inlayHint] takes [2.949]sec. {
  id = 7,
  jsonrpc = "2.0",
  method = "textDocument/inlayHint",
  params = {
    range = {
      end = {
        character = 0,
        line = 8
      },
      start = {
        character = 0,
        line = 0
      }
    },
    textDocument = {
      uri = "file:///home/donkhekong/.config/nvim/lua/config/options.lua"
    }
  }
}
[21:22:43.316][warn] [#0:script/proto/proto.lua:189]: Method [textDocument/inlayHint] takes [2.880]sec. {
  id = 9,
  jsonrpc = "2.0",
  method = "textDocument/inlayHint",
  params = {
    range = {
      end = {
        character = 0,
        line = 8
      },
      start = {
        character = 0,
        line = 0
      }
    },
    textDocument = {
      uri = "file:///home/donkhekong/.config/nvim/lua/config/options.lua"
    }
  }
}
[21:22:43.317][warn] [#0:script/proto/proto.lua:189]: Method [textDocument/inlayHint] takes [2.880]sec. {
  id = 11,
  jsonrpc = "2.0",
  method = "textDocument/inlayHint",
  params = {
    range = {
      end = {
        character = 0,
        line = 8
      },
      start = {
        character = 0,
        line = 0
      }
    },
    textDocument = {
      uri = "file:///home/donkhekong/.config/nvim/lua/config/options.lua"
    }
  }
}
[21:22:43.317][warn] [#0:script/proto/proto.lua:189]: Method [textDocument/inlayHint] takes [2.880]sec. {
  id = 13,
  jsonrpc = "2.0",
  method = "textDocument/inlayHint",
  params = {
    range = {
      end = {
        character = 0,
        line = 8
      },
      start = {
        character = 0,
        line = 0
      }
    },
    textDocument = {
      uri = "file:///home/donkhekong/.config/nvim/lua/config/options.lua"
    }
  }
}
[21:22:43.317][warn] [#0:script/proto/proto.lua:189]: Method [textDocument/inlayHint] takes [2.880]sec. {
  id = 15,
  jsonrpc = "2.0",
  method = "textDocument/inlayHint",
  params = {
    range = {
      end = {
        character = 0,
        line = 8
      },
      start = {
        character = 0,
        line = 0
      }
    },
    textDocument = {
      uri = "file:///home/donkhekong/.config/nvim/lua/config/options.lua"
    }
  }
}
[21:22:43.317][warn] [#0:script/proto/proto.lua:189]: Method [textDocument/inlayHint] takes [2.880]sec. {
  id = 17,
  jsonrpc = "2.0",
  method = "textDocument/inlayHint",
  params = {
    range = {
      end = {
        character = 0,
        line = 8
      },
      start = {
        character = 0,
        line = 0
      }
    },
    textDocument = {
      uri = "file:///home/donkhekong/.config/nvim/lua/config/options.lua"
    }
  }
}
[21:22:43.317][warn] [#0:script/proto/proto.lua:189]: Method [textDocument/documentHighlight] takes [2.096]sec. {
  id = 18,
  jsonrpc = "2.0",
  method = "textDocument/documentHighlight",
  params = {
    position = {
      character = 0,
      line = 3
    },
    textDocument = {
      uri = "file:///home/donkhekong/.config/nvim/lua/config/options.lua"
    }
  }
}
[21:22:43.318][warn] [#0:script/proto/proto.lua:189]: Method [textDocument/inlayHint] takes [0.934]sec. {
  id = 20,
  jsonrpc = "2.0",
  method = "textDocument/inlayHint",
  params = {
    range = {
      end = {
        character = 0,
        line = 3
      },
      start = {
        character = 0,
        line = 0
      }
    },
    textDocument = {
      uri = "file:///home/donkhekong/.config/nvim/lua/config/options.lua"
    }
  }
}
[21:22:43.318][warn] [#0:script/proto/proto.lua:189]: Method [textDocument/documentHighlight] takes [0.880]sec. {
  id = 22,
  jsonrpc = "2.0",
  method = "textDocument/documentHighlight",
  params = {
    position = {
      character = 0,
      line = 2
    },
    textDocument = {
      uri = "file:///home/donkhekong/.config/nvim/lua/config/options.lua"
    }
  }
}
[21:22:43.319][warn] [#0:script/proto/proto.lua:189]: Method [textDocument/documentSymbol] takes [2.957]sec. {
  id = 5,
  jsonrpc = "2.0",
  method = "textDocument/documentSymbol",
  params = {
    textDocument = {
      uri = "file:///home/donkhekong/.config/nvim/lua/config/options.lua"
    }
  }
}
[21:22:43.319][warn] [#0:script/proto/proto.lua:189]: Method [textDocument/documentSymbol] takes [1.281]sec. {
  id = 19,
  jsonrpc = "2.0",
  method = "textDocument/documentSymbol",
  params = {
    textDocument = {
      uri = "file:///home/donkhekong/.config/nvim/lua/config/options.lua"
    }
  }
}
[21:22:43.319][warn] [#0:script/proto/proto.lua:189]: Method [textDocument/semanticTokens/full] takes [0.881]sec. {
  id = 21,
  jsonrpc = "2.0",
  method = "textDocument/semanticTokens/full",
  params = {
    textDocument = {
      uri = "file:///home/donkhekong/.config/nvim/lua/config/options.lua"
    }
  }
}
[21:22:43.380][info] [#0:script/provider/diagnostic.lua:577]: Diagnostics scope [file:///home/donkhekong/.config/nvim] finished, takes [0.044] sec.
[21:22:57.327][info] [#0:script/provider/diagnostic.lua:560]: Diagnostics scope [file:///home/donkhekong/.config/nvim], files count:[323]
[21:22:57.423][info] [#0:script/provider/diagnostic.lua:577]: Diagnostics scope [file:///home/donkhekong/.config/nvim] finished, takes [0.068] sec.
[21:22:59.752][info] [#0:script/provider/diagnostic.lua:560]: Diagnostics scope [file:///home/donkhekong/.config/nvim], files count:[323]
[21:22:59.876][info] [#0:script/provider/diagnostic.lua:577]: Diagnostics scope [file:///home/donkhekong/.config/nvim] finished, takes [0.102] sec.
[21:23:00.985][info] [#0:script/provider/diagnostic.lua:560]: Diagnostics scope [file:///home/donkhekong/.config/nvim], files count:[323]
[21:23:01.062][info] [#0:script/provider/diagnostic.lua:577]: Diagnostics scope [file:///home/donkhekong/.config/nvim] finished, takes [0.052] sec.
[21:23:15.296][info] [#0:script/provider/provider.lua:176]: Server shutdown.
[21:23:15.397][warn] [#0:script/pub/report.lua:24]: Load proto error:	Disconnected!
