[START][2025-05-02 12:00:39] LSP logging initiated
[ERROR][2025-05-02 12:00:39] ...lsp/handlers.lua:562	"2025/05/02 12:00:39 signature help failed: cannot get type for Fun *ast.SelectorExpr (&{store GetLeague})\n\tposition=131:24\n"
[ERROR][2025-05-02 12:15:16] ...lsp/handlers.lua:562	"2025/05/02 12:15:16 signature help failed: cannot get type for Fun *ast.Ident (assertLeague)\n\tposition=144:14\n"
[ERROR][2025-05-02 12:15:18] ...lsp/handlers.lua:562	"2025/05/02 12:15:18 signature help failed: cannot get type for Fun *ast.Ident (assertLeague)\n\tposition=144:17\n"
[ERROR][2025-05-02 12:40:32] ...lsp/handlers.lua:562	"2025/05/02 12:40:32 no completions found: getting file file:///home/khel/KhelDev/go/learning_go/simpleApi/filesystem_store.go for Completion: <nil> (package completions: invalid position for package completion: cursor in non-matching ident)\n\tposition=0:1\n"
[ERROR][2025-05-02 12:40:32] ...lsp/handlers.lua:562	"2025/05/02 12:40:32 no completions found: getting file file:///home/khel/KhelDev/go/learning_go/simpleApi/filesystem_store.go for Completion: <nil> (package completions: invalid position for package completion: cursor in non-matching ident)\n\tposition=0:2\n"
[ERROR][2025-05-02 12:40:33] ...lsp/handlers.lua:562	"2025/05/02 12:40:33 no completions found: getting file file:///home/khel/KhelDev/go/learning_go/simpleApi/filesystem_store.go for Completion: <nil> (package completions: invalid position for package completion: cursor in non-matching ident)\n\tposition=0:1\n"
[ERROR][2025-05-02 12:41:25] ...lsp/handlers.lua:562	"2025/05/02 12:41:25 no completions found: getting file file:///home/khel/KhelDev/go/learning_go/simpleApi/filesystem_store_test.go for Completion: <nil> (package completions: context canceled)\n\tposition=0:8\n"
[ERROR][2025-05-02 13:21:12] ...lsp/handlers.lua:562	"2025/05/02 13:21:12 signature help failed: cannot get type for Fun *ast.SelectorExpr (&{store GetPlayerScore})\n\tposition=38:30\n"
[ERROR][2025-05-02 13:21:20] ...lsp/handlers.lua:562	"2025/05/02 13:21:20 signature help failed: cannot get type for Fun *ast.SelectorExpr (&{store GetPlayerScore})\n\tposition=38:30\n"
[ERROR][2025-05-02 13:32:09] ...lsp/handlers.lua:562	"2025/05/02 13:32:09 signature help failed: cannot get type for Fun *ast.Ident (assertScoreEquals)\n\tposition=43:20\n"
[ERROR][2025-05-02 13:32:16] ...lsp/handlers.lua:562	"2025/05/02 13:32:16 signature help failed: cannot get type for Fun *ast.Ident (assertScoreEquals)\n\tposition=43:23\n"
[ERROR][2025-05-02 13:37:07] ...lsp/handlers.lua:562	"2025/05/02 13:37:07 signature help failed: cannot get type for Fun *ast.SelectorExpr (&{store RecordWin})\n\tposition=42:18\n"
[ERROR][2025-05-02 13:37:22] ...lsp/handlers.lua:562	"2025/05/02 13:37:22 signature help failed: cannot get type for Fun *ast.SelectorExpr (&{store RecordWin})\n\tposition=42:18\n"
[ERROR][2025-05-02 13:40:03] ...lsp/handlers.lua:562	"2025/05/02 13:40:03 signature help failed: cannot get type for Fun *ast.Ident (assertScoreEquals)\n\tposition=47:20\n"
[ERROR][2025-05-02 13:40:11] ...lsp/handlers.lua:562	"2025/05/02 13:40:11 signature help failed: cannot get type for Fun *ast.Ident (assertScoreEquals)\n\tposition=47:20\n"
[ERROR][2025-05-02 13:40:13] ...lsp/handlers.lua:562	"2025/05/02 13:40:13 signature help failed: cannot get type for Fun *ast.Ident (assertScoreEquals)\n\tposition=47:23\n"
[ERROR][2025-05-02 17:09:41] ...lsp/handlers.lua:562	"2025/05/02 17:09:41 signature help failed: cannot get type for Fun *ast.SelectorExpr (&{os createTempFile})\n\tposition=53:19\n"
[ERROR][2025-05-02 17:09:51] ...lsp/handlers.lua:562	"2025/05/02 17:09:51 signature help failed: cannot get type for Fun *ast.SelectorExpr (&{os createTempFile})\n\tposition=53:22\n"
[ERROR][2025-05-02 17:09:52] ...lsp/handlers.lua:562	"2025/05/02 17:09:52 signature help failed: cannot get type for Fun *ast.SelectorExpr (&{os createTempFile})\n\tposition=53:23\n"
[ERROR][2025-05-02 17:11:22] ...lsp/handlers.lua:562	"2025/05/02 17:11:22 signature help failed: cannot get type for Fun *ast.SelectorExpr (&{t fatal})\n\tposition=57:10\n"
[ERROR][2025-05-02 17:11:23] ...lsp/handlers.lua:562	"2025/05/02 17:11:23 signature help failed: cannot get type for Fun *ast.SelectorExpr (&{t fatal})\n\tposition=57:10\n"
[ERROR][2025-05-02 17:11:29] ...lsp/handlers.lua:562	"2025/05/02 17:11:29 signature help failed: cannot get type for Fun *ast.SelectorExpr (&{t fatal})\n\tposition=57:10\n"
[ERROR][2025-05-02 17:11:56] ...lsp/handlers.lua:562	"2025/05/02 17:11:56 signature help failed: cannot get type for Fun *ast.SelectorExpr (&{t fatalf})\n\tposition=57:45\n"
[ERROR][2025-05-02 17:11:56] ...lsp/handlers.lua:562	"2025/05/02 17:11:56 signature help failed: cannot get type for Fun *ast.SelectorExpr (&{t fatalf})\n\tposition=57:46\n"
[ERROR][2025-05-02 17:13:26] ...lsp/handlers.lua:562	"2025/05/02 17:13:26 signature help failed: cannot get type for Fun *ast.SelectorExpr (&{tempFile removeFile})\n\tposition=62:23\n"
[ERROR][2025-05-02 17:23:08] ...lsp/handlers.lua:562	"2025/05/02 17:23:08 signature help failed: cannot get type for Fun *ast.Ident (createTempFile)\n\tposition=15:33\n"
[ERROR][2025-05-02 17:31:05] ...lsp/handlers.lua:562	"2025/05/02 17:31:05 signature help failed: cannot get type for Fun *ast.Ident (cleanDatabase)\n\tposition=14:26\n"
[ERROR][2025-05-02 17:31:14] ...lsp/handlers.lua:562	"2025/05/02 17:31:14 signature help failed: cannot get type for Fun *ast.SelectorExpr (&{cleanDatabase Close})\n\tposition=16:22\n"
[START][2025-05-02 22:59:51] LSP logging initiated
[ERROR][2025-05-02 22:59:51] ...lsp/handlers.lua:562	"2025/05/02 22:59:51 signature help failed: call operand is not a func or type: *ast.SelectorExpr (&{f database})\n\tposition=36:12\n"
[START][2025-05-03 21:39:46] LSP logging initiated
[ERROR][2025-05-03 21:39:46] ...lsp/handlers.lua:562	"2025/05/03 21:39:46 signature help failed: call operand is not a func or type: *ast.Ident (append)\n\tposition=35:32\n"
[ERROR][2025-05-03 21:39:46] ...lsp/handlers.lua:562	"2025/05/03 21:39:46 signature help failed: call operand is not a func or type: *ast.Ident (append)\n\tposition=35:33\n"
[ERROR][2025-05-03 21:39:47] ...lsp/handlers.lua:562	"2025/05/03 21:39:47 signature help failed: call operand is not a func or type: *ast.Ident (append)\n\tposition=35:33\n"
[ERROR][2025-05-03 21:52:33] ...lsp/handlers.lua:562	"2025/05/03 21:52:33 signature help failed: cannot get type for Fun *ast.Ident (os)\n\tposition=11:14\n"
[ERROR][2025-05-03 21:52:34] ...lsp/handlers.lua:562	"2025/05/03 21:52:34 signature help failed: cannot get type for Fun *ast.Ident (os)\n\tposition=11:14\n"
[ERROR][2025-05-03 21:53:34] ...lsp/handlers.lua:562	"2025/05/03 21:53:34 signature help failed: call operand is not a func or type: *ast.Ident (close)\n\tposition=13:13\n"
[ERROR][2025-05-03 22:50:57] ...lsp/handlers.lua:562	"2025/05/03 22:50:57 signature help failed: call operand is not a func or type: *ast.Ident (append)\n\tposition=41:18\n"
[START][2025-05-04 18:04:56] LSP logging initiated
[ERROR][2025-05-04 18:04:56] ...lsp/handlers.lua:562	"2025/05/04 18:04:56 no completions found: getting file file:///home/khel/KhelDev/go/learning_go/simpleApi/tape.go for Completion: <nil> (package completions: invalid position for package completion: cursor after expression)\n\tposition=0:14\n"
[ERROR][2025-05-04 19:13:45] ...lsp/handlers.lua:562	"2025/05/04 19:13:45 signature help failed: cannot get type for Fun *ast.Ident (tape)\n\tposition=11:7\n"
[ERROR][2025-05-04 19:20:13] ...lsp/handlers.lua:562	"2025/05/04 19:20:13 no completions found: getting file file:///home/khel/KhelDev/go/learning_go/simpleApi/tape_test.go for Completion: <nil> (package completions: invalid position for package completion: cursor in non-matching ident)\n\tposition=0:6\n"
[ERROR][2025-05-04 19:20:14] ...lsp/handlers.lua:562	"2025/05/04 19:20:14 no completions found: getting file file:///home/khel/KhelDev/go/learning_go/simpleApi/tape_test.go for Completion: <nil> (package completions: invalid position for package completion: cursor in non-matching ident)\n\tposition=0:6\n"
[ERROR][2025-05-04 19:20:14] ...lsp/handlers.lua:562	"2025/05/04 19:20:14 no completions found: getting file file:///home/khel/KhelDev/go/learning_go/simpleApi/tape_test.go for Completion: <nil> (package completions: invalid position for package completion: cursor in non-matching ident)\n\tposition=0:7\n"
[ERROR][2025-05-04 19:20:14] ...lsp/handlers.lua:562	"2025/05/04 19:20:14 no completions found: getting file file:///home/khel/KhelDev/go/learning_go/simpleApi/tape_test.go for Completion: <nil> (package completions: invalid position for package completion: cursor in non-matching ident)\n\tposition=0:8\n"
[ERROR][2025-05-04 19:20:15] ...lsp/handlers.lua:562	"2025/05/04 19:20:15 no completions found: getting file file:///home/khel/KhelDev/go/learning_go/simpleApi/tape_test.go for Completion: <nil> (package completions: invalid position for package completion: cursor after expression)\n\tposition=0:10\n"
[ERROR][2025-05-04 19:20:15] ...lsp/handlers.lua:562	"2025/05/04 19:20:15 no completions found: getting file file:///home/khel/KhelDev/go/learning_go/simpleApi/tape_test.go for Completion: <nil> (package completions: invalid position for package completion: cursor after expression)\n\tposition=0:11\n"
[ERROR][2025-05-04 19:20:15] ...lsp/handlers.lua:562	"2025/05/04 19:20:15 no completions found: getting file file:///home/khel/KhelDev/go/learning_go/simpleApi/tape_test.go for Completion: <nil> (package completions: invalid position for package completion: cursor after expression)\n\tposition=0:12\n"
[ERROR][2025-05-04 19:20:15] ...lsp/handlers.lua:562	"2025/05/04 19:20:15 no completions found: getting file file:///home/khel/KhelDev/go/learning_go/simpleApi/tape_test.go for Completion: <nil> (package completions: invalid position for package completion: cursor after expression)\n\tposition=0:13\n"
[ERROR][2025-05-04 19:20:18] ...lsp/handlers.lua:562	"2025/05/04 19:20:18 no completions found: getting file file:///home/khel/KhelDev/go/learning_go/simpleApi/tape_test.go for Completion: <nil> (package completions: invalid position for package completion: cursor in non-matching ident)\n\tposition=0:3\n"
[ERROR][2025-05-04 19:20:18] ...lsp/handlers.lua:562	"2025/05/04 19:20:18 no completions found: getting file file:///home/khel/KhelDev/go/learning_go/simpleApi/tape_test.go for Completion: <nil> (package completions: invalid position for package completion: cursor in non-matching ident)\n\tposition=0:4\n"
[ERROR][2025-05-04 19:20:18] ...lsp/handlers.lua:562	"2025/05/04 19:20:18 no completions found: getting file file:///home/khel/KhelDev/go/learning_go/simpleApi/tape_test.go for Completion: <nil> (package completions: invalid position for package completion: cursor in non-matching ident)\n\tposition=0:5\n"
[ERROR][2025-05-04 19:20:18] ...lsp/handlers.lua:562	"2025/05/04 19:20:18 no completions found: getting file file:///home/khel/KhelDev/go/learning_go/simpleApi/tape_test.go for Completion: <nil> (package completions: invalid position for package completion: cursor in non-matching ident)\n\tposition=0:6\n"
[ERROR][2025-05-04 19:20:19] ...lsp/handlers.lua:562	"2025/05/04 19:20:19 no completions found: getting file file:///home/khel/KhelDev/go/learning_go/simpleApi/tape_test.go for Completion: <nil> (package completions: invalid position for package completion: cursor in non-matching ident)\n\tposition=0:5\n"
[ERROR][2025-05-04 19:20:19] ...lsp/handlers.lua:562	"2025/05/04 19:20:19 no completions found: getting file file:///home/khel/KhelDev/go/learning_go/simpleApi/tape_test.go for Completion: <nil> (package completions: invalid position for package completion: cursor in non-matching ident)\n\tposition=0:4\n"
[ERROR][2025-05-04 19:20:19] ...lsp/handlers.lua:562	"2025/05/04 19:20:19 no completions found: getting file file:///home/khel/KhelDev/go/learning_go/simpleApi/tape_test.go for Completion: <nil> (package completions: invalid position for package completion: cursor in non-matching ident)\n\tposition=0:3\n"
[ERROR][2025-05-04 20:00:15] ...lsp/handlers.lua:562	"2025/05/04 20:00:15 signature help failed: cannot get type for Fun *ast.SelectorExpr (&{0xc01297d4d0 Encode})\n\tposition=45:19\n"
[ERROR][2025-05-04 20:37:27] ...lsp/handlers.lua:562	"2025/05/04 20:37:27 signature help failed: cannot get type for Fun *ast.Ident (assertNoError)\n\tposition=82:16\n"
[ERROR][2025-05-04 20:44:56] ...lsp/handlers.lua:562	"2025/05/04 20:44:56 signature help failed: cannot get type for Fun *ast.Ident (createTempFile)\n\tposition=95:36\n"
[ERROR][2025-05-04 20:46:07] ...lsp/handlers.lua:562	"2025/05/04 20:46:07 signature help failed: cannot get type for Fun *ast.Ident (assertNoError)\n\tposition=101:16\n"
[ERROR][2025-05-04 21:05:07] ...lsp/handlers.lua:562	"2025/05/04 21:05:07 signature help failed: call operand is not a func or type: *ast.Ident (len)\n\tposition=119:14\n"
[ERROR][2025-05-04 21:30:52] ...lsp/handlers.lua:562	"2025/05/04 21:30:52 no completions found: getting file file:///home/khel/KhelDev/go/learning_go/simpleApi/filesystem_store.go for Completion: context canceled (package completions: context canceled)\n\tposition=0:8\n"
[ERROR][2025-05-04 21:31:26] ...lsp/handlers.lua:562	"2025/05/04 21:31:26 no highlight: getting package for Highlight: no package metadata for file file:///home/khel/KhelDev/go/learning_go/simpleApi/main.go\n"
[ERROR][2025-05-04 21:31:28] ...lsp/handlers.lua:562	"2025/05/04 21:31:28 no highlight: getting package for Highlight: no package metadata for file file:///home/khel/KhelDev/go/learning_go/simpleApi/main.go\n"
[ERROR][2025-05-04 21:31:36] ...lsp/handlers.lua:562	"2025/05/04 21:31:36 no highlight: getting package for Highlight: no package metadata for file file:///home/khel/KhelDev/go/learning_go/simpleApi/main.go\n"
[START][2025-05-04 21:31:55] LSP logging initiated
[ERROR][2025-05-04 21:31:55] ...lsp/handlers.lua:562	"2025/05/04 21:31:55 no completions found: getting file file:///home/khel/KhelDev/go/learning_go/simpleApi/tape_test.go for Completion: context canceled (package completions: context canceled)\n\tposition=0:8\n"
[ERROR][2025-05-04 21:32:07] ...lsp/handlers.lua:562	"2025/05/04 21:32:07 no completions found: getting file file:///home/khel/KhelDev/go/learning_go/simpleApi/tape.go for Completion: context canceled (package completions: context canceled)\n\tposition=0:8\n"
[ERROR][2025-05-04 21:32:17] ...lsp/handlers.lua:562	"2025/05/04 21:32:17 no completions found: getting file file:///home/khel/KhelDev/go/learning_go/simpleApi/in_memory_player_store.go for Completion: context canceled (package completions: context canceled)\n\tposition=0:8\n"
[ERROR][2025-05-04 21:32:37] ...lsp/handlers.lua:562	"2025/05/04 21:32:37 no completions found: getting file file:///home/khel/KhelDev/go/learning_go/simpleApi/server_test.go for Completion: <nil> (package completions: context canceled)\n\tposition=0:8\n"
[ERROR][2025-05-04 21:32:55] ...lsp/handlers.lua:562	"2025/05/04 21:32:55 no completions found: getting file file:///home/khel/KhelDev/go/learning_go/simpleApi/server_integration_test.go for Completion: context canceled (package completions: context canceled)\n\tposition=0:8\n"
[ERROR][2025-05-04 21:33:23] ...lsp/handlers.lua:562	"2025/05/04 21:33:23 signature help failed: cannot get type for Fun *ast.Ident (poker)\n\tposition=18:21\n"
[START][2025-05-05 17:37:31] LSP logging initiated
[ERROR][2025-05-05 17:37:31] ...lsp/handlers.lua:562	"2025/05/05 17:37:31 no completions found: getting file file:///home/khel/KhelDev/go/learning_go/simpleApi/cmd/cli/main.go for Completion: <nil> (package completions: invalid position for package completion: cursor in non-matching ident)\n\tposition=0:6\n"
[ERROR][2025-05-05 17:37:31] ...lsp/handlers.lua:562	"2025/05/05 17:37:31 no completions found: getting file file:///home/khel/KhelDev/go/learning_go/simpleApi/cmd/cli/main.go for Completion: <nil> (package completions: invalid position for package completion: cursor in non-matching ident)\n\tposition=0:5\n"
[ERROR][2025-05-05 17:37:31] ...lsp/handlers.lua:562	"2025/05/05 17:37:31 no completions found: getting file file:///home/khel/KhelDev/go/learning_go/simpleApi/cmd/cli/main.go for Completion: <nil> (package completions: invalid position for package completion: cursor in non-matching ident)\n\tposition=0:4\n"
[ERROR][2025-05-05 17:37:31] ...lsp/handlers.lua:562	"2025/05/05 17:37:31 no completions found: getting file file:///home/khel/KhelDev/go/learning_go/simpleApi/cmd/cli/main.go for Completion: <nil> (package completions: invalid position for package completion: cursor in non-matching ident)\n\tposition=0:3\n"
[ERROR][2025-05-05 17:42:07] ...lsp/handlers.lua:562	"2025/05/05 17:42:07 signature help failed: cannot get type for Fun *ast.SelectorExpr (&{cli PlayPoker})\n\tposition=7:15\n"
[ERROR][2025-05-05 17:44:43] ...lsp/handlers.lua:562	"2025/05/05 17:44:43 no completions found: getting file file:///home/khel/KhelDev/go/learning_go/simpleApi/CLI.go for Completion: <nil> (package completions: invalid position for package completion: cursor in non-matching ident)\n\tposition=0:1\n"
[ERROR][2025-05-05 17:44:43] ...lsp/handlers.lua:562	"2025/05/05 17:44:43 no completions found: getting file file:///home/khel/KhelDev/go/learning_go/simpleApi/CLI.go for Completion: <nil> (package completions: invalid position for package completion: cursor in non-matching ident)\n\tposition=0:2\n"
[ERROR][2025-05-05 17:44:44] ...lsp/handlers.lua:562	"2025/05/05 17:44:44 no completions found: getting file file:///home/khel/KhelDev/go/learning_go/simpleApi/CLI.go for Completion: <nil> (package completions: invalid position for package completion: cursor in non-matching ident)\n\tposition=0:1\n"
[START][2025-05-05 19:54:16] LSP logging initiated
[ERROR][2025-05-05 19:54:16] ...lsp/handlers.lua:562	"2025/05/05 19:54:16 signature help failed: cannot get type for Fun *ast.Ident (poker)\n\tposition=19:48\n"
[ERROR][2025-05-05 19:54:17] ...lsp/handlers.lua:562	"2025/05/05 19:54:17 signature help failed: cannot get type for Fun *ast.Ident (poker)\n\tposition=19:48\n"
[ERROR][2025-05-05 19:54:23] ...lsp/handlers.lua:562	"2025/05/05 19:54:23 signature help failed: cannot get type for Fun *ast.Ident (poker)\n\tposition=19:48\n"
[START][2025-05-07 18:02:39] LSP logging initiated
[ERROR][2025-05-07 18:02:39] ...lsp/handlers.lua:562	"2025/05/07 18:02:39 signature help failed: call operand is not a func or type: *ast.Ident (len)\n\tposition=36:9\n"
[ERROR][2025-05-07 18:02:40] ...lsp/handlers.lua:562	"2025/05/07 18:02:40 signature help failed: call operand is not a func or type: *ast.Ident (len)\n\tposition=36:9\n"
[ERROR][2025-05-07 18:07:28] ...lsp/handlers.lua:562	"2025/05/07 18:07:28 signature help failed: call operand is not a func or type: *ast.Ident (append)\n\tposition=19:48\n"
[ERROR][2025-05-07 18:07:57] ...lsp/handlers.lua:562	"2025/05/07 18:07:57 signature help failed: call operand is not a func or type: *ast.Ident (append)\n\tposition=20:15\n"
[ERROR][2025-05-07 18:07:58] ...lsp/handlers.lua:562	"2025/05/07 18:07:58 signature help failed: call operand is not a func or type: *ast.Ident (append)\n\tposition=21:10\n"
[ERROR][2025-05-07 18:08:05] ...lsp/handlers.lua:562	"2025/05/07 18:08:05 signature help failed: call operand is not a func or type: *ast.Ident (append)\n\tposition=18:28\n"
[ERROR][2025-05-07 18:08:06] ...lsp/handlers.lua:562	"2025/05/07 18:08:06 signature help failed: call operand is not a func or type: *ast.Ident (append)\n\tposition=18:29\n"
[ERROR][2025-05-07 18:08:14] ...lsp/handlers.lua:562	"2025/05/07 18:08:14 signature help failed: call operand is not a func or type: *ast.Ident (append)\n\tposition=21:4\n"
[ERROR][2025-05-07 18:08:19] ...lsp/handlers.lua:562	"2025/05/07 18:08:19 signature help failed: call operand is not a func or type: *ast.Ident (append)\n\tposition=21:4\n"
[ERROR][2025-05-07 18:09:57] ...lsp/handlers.lua:562	"2025/05/07 18:09:57 signature help failed: call operand is not a func or type: *ast.Ident (len)\n\tposition=55:9\n"
[START][2025-05-09 22:26:27] LSP logging initiated
[ERROR][2025-05-09 22:26:27] ...lsp/handlers.lua:562	"2025/05/09 22:26:27 signature help failed: cannot get type for Fun *ast.SelectorExpr (&{c SchedulerBlindAlert})\n\tposition=28:23\n"
[START][2025-05-10 18:30:14] LSP logging initiated
[WARN][2025-05-10 18:30:14] ...m/lsp/client.lua:1130	"server_request: no handler found for"	"workspace/diagnostic/refresh"
[ERROR][2025-05-10 18:30:14] ...lsp/handlers.lua:562	"Unhandled exception: MethodNotFound\nError: MethodNotFound\n    at handleResponse (/home/khel/dotfiles/local/.local/share/nvim/mason/packages/json-lsp/node_modules/vscode-langservers-extracted/node_modules/vscode-jsonrpc/lib/common/connection.js:606:48)\n    at handleMessage (/home/khel/dotfiles/local/.local/share/nvim/mason/packages/json-lsp/node_modules/vscode-langservers-extracted/node_modules/vscode-jsonrpc/lib/common/connection.js:443:20)\n    at Immediate.<anonymous> (/home/khel/dotfiles/local/.local/share/nvim/mason/packages/json-lsp/node_modules/vscode-langservers-extracted/node_modules/vscode-jsonrpc/lib/common/connection.js:413:30)\n    at process.processImmediate (node:internal/timers:511:21)"
[START][2025-05-10 18:33:25] LSP logging initiated
[WARN][2025-05-10 18:33:25] ...m/lsp/client.lua:1130	"server_request: no handler found for"	"workspace/diagnostic/refresh"
[ERROR][2025-05-10 18:33:26] ...lsp/handlers.lua:562	"Unhandled exception: MethodNotFound\nError: MethodNotFound\n    at handleResponse (/home/khel/dotfiles/local/.local/share/nvim/mason/packages/json-lsp/node_modules/vscode-langservers-extracted/node_modules/vscode-jsonrpc/lib/common/connection.js:606:48)\n    at handleMessage (/home/khel/dotfiles/local/.local/share/nvim/mason/packages/json-lsp/node_modules/vscode-langservers-extracted/node_modules/vscode-jsonrpc/lib/common/connection.js:443:20)\n    at Immediate.<anonymous> (/home/khel/dotfiles/local/.local/share/nvim/mason/packages/json-lsp/node_modules/vscode-langservers-extracted/node_modules/vscode-jsonrpc/lib/common/connection.js:413:30)\n    at process.processImmediate (node:internal/timers:511:21)"
[START][2025-05-10 18:40:43] LSP logging initiated
[WARN][2025-05-10 18:40:43] ...m/lsp/client.lua:1130	"server_request: no handler found for"	"workspace/diagnostic/refresh"
[ERROR][2025-05-10 18:40:44] ...lsp/handlers.lua:562	"Unhandled exception: MethodNotFound\nError: MethodNotFound\n    at handleResponse (/home/khel/dotfiles/local/.local/share/nvim/mason/packages/json-lsp/node_modules/vscode-langservers-extracted/node_modules/vscode-jsonrpc/lib/common/connection.js:606:48)\n    at handleMessage (/home/khel/dotfiles/local/.local/share/nvim/mason/packages/json-lsp/node_modules/vscode-langservers-extracted/node_modules/vscode-jsonrpc/lib/common/connection.js:443:20)\n    at Immediate.<anonymous> (/home/khel/dotfiles/local/.local/share/nvim/mason/packages/json-lsp/node_modules/vscode-langservers-extracted/node_modules/vscode-jsonrpc/lib/common/connection.js:413:30)\n    at process.processImmediate (node:internal/timers:511:21)"
[START][2025-05-10 18:40:51] LSP logging initiated
[WARN][2025-05-10 18:40:51] ...m/lsp/client.lua:1130	"server_request: no handler found for"	"workspace/diagnostic/refresh"
[ERROR][2025-05-10 18:40:51] ...lsp/handlers.lua:562	"Unhandled exception: MethodNotFound\nError: MethodNotFound\n    at handleResponse (/home/khel/dotfiles/local/.local/share/nvim/mason/packages/json-lsp/node_modules/vscode-langservers-extracted/node_modules/vscode-jsonrpc/lib/common/connection.js:606:48)\n    at handleMessage (/home/khel/dotfiles/local/.local/share/nvim/mason/packages/json-lsp/node_modules/vscode-langservers-extracted/node_modules/vscode-jsonrpc/lib/common/connection.js:443:20)\n    at Immediate.<anonymous> (/home/khel/dotfiles/local/.local/share/nvim/mason/packages/json-lsp/node_modules/vscode-langservers-extracted/node_modules/vscode-jsonrpc/lib/common/connection.js:413:30)\n    at process.processImmediate (node:internal/timers:511:21)"
[START][2025-05-10 22:33:05] LSP logging initiated
[WARN][2025-05-10 22:33:05] ...lsp/handlers.lua:564	"14:33:05.897 WARNING ⛔️ Error while parsing file:///home/khel/dotfiles/rofi/.config/rofi/rofi-bluetooth/rofi-bluetooth.sh: syntax error"
[START][2025-05-10 22:34:13] LSP logging initiated
[WARN][2025-05-10 22:34:13] ...m/lsp/client.lua:1130	"server_request: no handler found for"	"workspace/diagnostic/refresh"
[ERROR][2025-05-10 22:34:14] ...lsp/handlers.lua:562	"Unhandled exception: MethodNotFound\nError: MethodNotFound\n    at handleResponse (/home/khel/dotfiles/local/.local/share/nvim/mason/packages/json-lsp/node_modules/vscode-langservers-extracted/node_modules/vscode-jsonrpc/lib/common/connection.js:606:48)\n    at handleMessage (/home/khel/dotfiles/local/.local/share/nvim/mason/packages/json-lsp/node_modules/vscode-langservers-extracted/node_modules/vscode-jsonrpc/lib/common/connection.js:443:20)\n    at Immediate.<anonymous> (/home/khel/dotfiles/local/.local/share/nvim/mason/packages/json-lsp/node_modules/vscode-langservers-extracted/node_modules/vscode-jsonrpc/lib/common/connection.js:413:30)\n    at process.processImmediate (node:internal/timers:511:21)"
[START][2025-05-10 22:36:11] LSP logging initiated
[WARN][2025-05-10 22:36:11] ...m/lsp/client.lua:1130	"server_request: no handler found for"	"workspace/diagnostic/refresh"
[ERROR][2025-05-10 22:36:11] ...lsp/handlers.lua:562	"Unhandled exception: MethodNotFound\nError: MethodNotFound\n    at handleResponse (/home/khel/dotfiles/local/.local/share/nvim/mason/packages/json-lsp/node_modules/vscode-langservers-extracted/node_modules/vscode-jsonrpc/lib/common/connection.js:606:48)\n    at handleMessage (/home/khel/dotfiles/local/.local/share/nvim/mason/packages/json-lsp/node_modules/vscode-langservers-extracted/node_modules/vscode-jsonrpc/lib/common/connection.js:443:20)\n    at Immediate.<anonymous> (/home/khel/dotfiles/local/.local/share/nvim/mason/packages/json-lsp/node_modules/vscode-langservers-extracted/node_modules/vscode-jsonrpc/lib/common/connection.js:413:30)\n    at process.processImmediate (node:internal/timers:511:21)"
[START][2025-05-10 22:37:10] LSP logging initiated
[WARN][2025-05-10 22:37:10] ...m/lsp/client.lua:1130	"server_request: no handler found for"	"workspace/diagnostic/refresh"
[ERROR][2025-05-10 22:37:10] ...lsp/handlers.lua:562	"Unhandled exception: MethodNotFound\nError: MethodNotFound\n    at handleResponse (/home/khel/dotfiles/local/.local/share/nvim/mason/packages/json-lsp/node_modules/vscode-langservers-extracted/node_modules/vscode-jsonrpc/lib/common/connection.js:606:48)\n    at handleMessage (/home/khel/dotfiles/local/.local/share/nvim/mason/packages/json-lsp/node_modules/vscode-langservers-extracted/node_modules/vscode-jsonrpc/lib/common/connection.js:443:20)\n    at Immediate.<anonymous> (/home/khel/dotfiles/local/.local/share/nvim/mason/packages/json-lsp/node_modules/vscode-langservers-extracted/node_modules/vscode-jsonrpc/lib/common/connection.js:413:30)\n    at process.processImmediate (node:internal/timers:511:21)"
[START][2025-05-10 22:38:43] LSP logging initiated
[WARN][2025-05-10 22:38:43] ...m/lsp/client.lua:1130	"server_request: no handler found for"	"workspace/diagnostic/refresh"
[ERROR][2025-05-10 22:38:43] ...lsp/handlers.lua:562	"Unhandled exception: MethodNotFound\nError: MethodNotFound\n    at handleResponse (/home/khel/dotfiles/local/.local/share/nvim/mason/packages/json-lsp/node_modules/vscode-langservers-extracted/node_modules/vscode-jsonrpc/lib/common/connection.js:606:48)\n    at handleMessage (/home/khel/dotfiles/local/.local/share/nvim/mason/packages/json-lsp/node_modules/vscode-langservers-extracted/node_modules/vscode-jsonrpc/lib/common/connection.js:443:20)\n    at Immediate.<anonymous> (/home/khel/dotfiles/local/.local/share/nvim/mason/packages/json-lsp/node_modules/vscode-langservers-extracted/node_modules/vscode-jsonrpc/lib/common/connection.js:413:30)\n    at process.processImmediate (node:internal/timers:511:21)"
[START][2025-05-10 23:01:06] LSP logging initiated
[WARN][2025-05-10 23:01:06] ...m/lsp/client.lua:1130	"server_request: no handler found for"	"workspace/diagnostic/refresh"
[ERROR][2025-05-10 23:01:06] ...lsp/handlers.lua:562	"Unhandled exception: MethodNotFound\nError: MethodNotFound\n    at handleResponse (/home/khel/dotfiles/local/.local/share/nvim/mason/packages/json-lsp/node_modules/vscode-langservers-extracted/node_modules/vscode-jsonrpc/lib/common/connection.js:606:48)\n    at handleMessage (/home/khel/dotfiles/local/.local/share/nvim/mason/packages/json-lsp/node_modules/vscode-langservers-extracted/node_modules/vscode-jsonrpc/lib/common/connection.js:443:20)\n    at Immediate.<anonymous> (/home/khel/dotfiles/local/.local/share/nvim/mason/packages/json-lsp/node_modules/vscode-langservers-extracted/node_modules/vscode-jsonrpc/lib/common/connection.js:413:30)\n    at process.processImmediate (node:internal/timers:511:21)"
[START][2025-05-10 23:03:37] LSP logging initiated
[WARN][2025-05-10 23:03:37] ...m/lsp/client.lua:1130	"server_request: no handler found for"	"workspace/diagnostic/refresh"
[ERROR][2025-05-10 23:03:37] ...lsp/handlers.lua:562	"Unhandled exception: MethodNotFound\nError: MethodNotFound\n    at handleResponse (/home/khel/dotfiles/local/.local/share/nvim/mason/packages/json-lsp/node_modules/vscode-langservers-extracted/node_modules/vscode-jsonrpc/lib/common/connection.js:606:48)\n    at handleMessage (/home/khel/dotfiles/local/.local/share/nvim/mason/packages/json-lsp/node_modules/vscode-langservers-extracted/node_modules/vscode-jsonrpc/lib/common/connection.js:443:20)\n    at Immediate.<anonymous> (/home/khel/dotfiles/local/.local/share/nvim/mason/packages/json-lsp/node_modules/vscode-langservers-extracted/node_modules/vscode-jsonrpc/lib/common/connection.js:413:30)\n    at process.processImmediate (node:internal/timers:511:21)"
[START][2025-05-10 23:03:43] LSP logging initiated
[WARN][2025-05-10 23:03:43] ...m/lsp/client.lua:1130	"server_request: no handler found for"	"workspace/diagnostic/refresh"
[ERROR][2025-05-10 23:03:43] ...lsp/handlers.lua:562	"Unhandled exception: MethodNotFound\nError: MethodNotFound\n    at handleResponse (/home/khel/dotfiles/local/.local/share/nvim/mason/packages/json-lsp/node_modules/vscode-langservers-extracted/node_modules/vscode-jsonrpc/lib/common/connection.js:606:48)\n    at handleMessage (/home/khel/dotfiles/local/.local/share/nvim/mason/packages/json-lsp/node_modules/vscode-langservers-extracted/node_modules/vscode-jsonrpc/lib/common/connection.js:443:20)\n    at Immediate.<anonymous> (/home/khel/dotfiles/local/.local/share/nvim/mason/packages/json-lsp/node_modules/vscode-langservers-extracted/node_modules/vscode-jsonrpc/lib/common/connection.js:413:30)\n    at process.processImmediate (node:internal/timers:511:21)"
[START][2025-05-10 23:06:46] LSP logging initiated
[WARN][2025-05-10 23:06:46] ...m/lsp/client.lua:1130	"server_request: no handler found for"	"workspace/diagnostic/refresh"
[ERROR][2025-05-10 23:06:46] ...lsp/handlers.lua:562	"Unhandled exception: MethodNotFound\nError: MethodNotFound\n    at handleResponse (/home/khel/dotfiles/local/.local/share/nvim/mason/packages/json-lsp/node_modules/vscode-langservers-extracted/node_modules/vscode-jsonrpc/lib/common/connection.js:606:48)\n    at handleMessage (/home/khel/dotfiles/local/.local/share/nvim/mason/packages/json-lsp/node_modules/vscode-langservers-extracted/node_modules/vscode-jsonrpc/lib/common/connection.js:443:20)\n    at Immediate.<anonymous> (/home/khel/dotfiles/local/.local/share/nvim/mason/packages/json-lsp/node_modules/vscode-langservers-extracted/node_modules/vscode-jsonrpc/lib/common/connection.js:413:30)\n    at process.processImmediate (node:internal/timers:511:21)"
[START][2025-05-10 23:07:21] LSP logging initiated
[WARN][2025-05-10 23:07:21] ...m/lsp/client.lua:1130	"server_request: no handler found for"	"workspace/diagnostic/refresh"
[ERROR][2025-05-10 23:07:21] ...lsp/handlers.lua:562	"Unhandled exception: MethodNotFound\nError: MethodNotFound\n    at handleResponse (/home/khel/dotfiles/local/.local/share/nvim/mason/packages/json-lsp/node_modules/vscode-langservers-extracted/node_modules/vscode-jsonrpc/lib/common/connection.js:606:48)\n    at handleMessage (/home/khel/dotfiles/local/.local/share/nvim/mason/packages/json-lsp/node_modules/vscode-langservers-extracted/node_modules/vscode-jsonrpc/lib/common/connection.js:443:20)\n    at Immediate.<anonymous> (/home/khel/dotfiles/local/.local/share/nvim/mason/packages/json-lsp/node_modules/vscode-langservers-extracted/node_modules/vscode-jsonrpc/lib/common/connection.js:413:30)\n    at process.processImmediate (node:internal/timers:511:21)"
[START][2025-05-11 21:59:24] LSP logging initiated
[ERROR][2025-05-11 21:59:24] ...p/_transport.lua:36	"rpc"	"golangci-lint-langserver"	"stderr"	"2025/05/11 21:59:24 golangci-lint-langserver: connections opened\n"
[ERROR][2025-05-11 21:59:53] ...lsp/handlers.lua:562	"2025/05/11 21:59:53 signature help failed: call operand is not a func or type: *ast.Ident (append)\n\tposition=24:19\n"
[ERROR][2025-05-11 21:59:53] ...lsp/handlers.lua:562	"2025/05/11 21:59:53 signature help failed: call operand is not a func or type: *ast.Ident (append)\n\tposition=24:19\n"
[ERROR][2025-05-11 21:59:54] ...lsp/handlers.lua:562	"2025/05/11 21:59:54 signature help failed: call operand is not a func or type: *ast.Ident (append)\n\tposition=24:19\n"
[ERROR][2025-05-11 22:11:14] ...lsp/handlers.lua:562	"2025/05/11 22:11:14 signature help failed: call operand is not a func or type: *ast.Ident (append)\n\tposition=21:29\n"
[START][2025-05-11 22:56:58] LSP logging initiated
[WARN][2025-05-11 22:56:58] ...m/lsp/client.lua:1130	"server_request: no handler found for"	"workspace/diagnostic/refresh"
[ERROR][2025-05-11 22:56:58] ...lsp/handlers.lua:562	"Unhandled exception: MethodNotFound\nError: MethodNotFound\n    at handleResponse (/home/khel/dotfiles/local/.local/share/nvim/mason/packages/json-lsp/node_modules/vscode-langservers-extracted/node_modules/vscode-jsonrpc/lib/common/connection.js:606:48)\n    at handleMessage (/home/khel/dotfiles/local/.local/share/nvim/mason/packages/json-lsp/node_modules/vscode-langservers-extracted/node_modules/vscode-jsonrpc/lib/common/connection.js:443:20)\n    at Immediate.<anonymous> (/home/khel/dotfiles/local/.local/share/nvim/mason/packages/json-lsp/node_modules/vscode-langservers-extracted/node_modules/vscode-jsonrpc/lib/common/connection.js:413:30)\n    at process.processImmediate (node:internal/timers:511:21)"
[START][2025-05-11 22:57:26] LSP logging initiated
[WARN][2025-05-11 22:57:26] ...m/lsp/client.lua:1130	"server_request: no handler found for"	"workspace/diagnostic/refresh"
[ERROR][2025-05-11 22:57:27] ...lsp/handlers.lua:562	"Unhandled exception: MethodNotFound\nError: MethodNotFound\n    at handleResponse (/home/khel/dotfiles/local/.local/share/nvim/mason/packages/json-lsp/node_modules/vscode-langservers-extracted/node_modules/vscode-jsonrpc/lib/common/connection.js:606:48)\n    at handleMessage (/home/khel/dotfiles/local/.local/share/nvim/mason/packages/json-lsp/node_modules/vscode-langservers-extracted/node_modules/vscode-jsonrpc/lib/common/connection.js:443:20)\n    at Immediate.<anonymous> (/home/khel/dotfiles/local/.local/share/nvim/mason/packages/json-lsp/node_modules/vscode-langservers-extracted/node_modules/vscode-jsonrpc/lib/common/connection.js:413:30)\n    at process.processImmediate (node:internal/timers:511:21)"
[ERROR][2025-05-11 23:04:36] ...p/_transport.lua:36	"rpc"	"golangci-lint-langserver"	"stderr"	'2025/05/11 23:04:36 jsonrpc2 handler: notification "exit" handling error: jsonrpc2: code -32601 message: method not supported: exit\n'
[START][2025-05-12 13:58:18] LSP logging initiated
[ERROR][2025-05-12 13:58:18] ...p/_transport.lua:36	"rpc"	"golangci-lint-langserver"	"stderr"	"2025/05/12 13:58:18 golangci-lint-langserver: connections opened\n"
[START][2025-05-12 14:36:48] LSP logging initiated
[ERROR][2025-05-12 14:36:48] ...p/_transport.lua:36	"rpc"	"golangci-lint-langserver"	"stderr"	"2025/05/12 14:36:48 golangci-lint-langserver: connections opened\n"
[ERROR][2025-05-12 15:56:18] ...lsp/handlers.lua:562	"2025/05/12 15:56:18 signature help failed: cannot get type for Fun *ast.SelectorExpr (&{0xc00e8fd440 start})\n\tposition=33:14\n"
[ERROR][2025-05-12 16:09:07] ...lsp/handlers.lua:562	"2025/05/12 16:09:07 signature help failed: cannot get type for Fun *ast.Ident (NewGame)\n\tposition=63:18\n"
[ERROR][2025-05-12 16:09:11] ...lsp/handlers.lua:562	"2025/05/12 16:09:11 signature help failed: cannot get type for Fun *ast.Ident (NewGame)\n\tposition=63:31\n"
[ERROR][2025-05-12 16:09:11] ...lsp/handlers.lua:562	"2025/05/12 16:09:11 signature help failed: cannot get type for Fun *ast.Ident (NewGame)\n\tposition=63:32\n"
[ERROR][2025-05-12 16:09:14] ...lsp/handlers.lua:562	"2025/05/12 16:09:14 signature help failed: cannot get type for Fun *ast.Ident (NewGame)\n\tposition=63:32\n"
[ERROR][2025-05-12 16:09:18] ...lsp/handlers.lua:562	"2025/05/12 16:09:18 signature help failed: cannot get type for Fun *ast.Ident (NewGame)\n\tposition=63:18\n"
[ERROR][2025-05-12 16:09:19] ...lsp/handlers.lua:562	"2025/05/12 16:09:19 signature help failed: cannot get type for Fun *ast.Ident (NewGame)\n\tposition=63:18\n"
[ERROR][2025-05-12 16:09:52] ...lsp/handlers.lua:562	"2025/05/12 16:09:52 signature help failed: cannot get type for Fun *ast.Ident (NewGame)\n\tposition=100:18\n"
[ERROR][2025-05-12 16:09:54] ...lsp/handlers.lua:562	"2025/05/12 16:09:54 signature help failed: cannot get type for Fun *ast.Ident (NewGame)\n\tposition=100:31\n"
[ERROR][2025-05-12 16:09:55] ...lsp/handlers.lua:562	"2025/05/12 16:09:54 signature help failed: cannot get type for Fun *ast.Ident (NewGame)\n\tposition=100:32\n"
[ERROR][2025-05-12 16:13:47] ...lsp/handlers.lua:562	"2025/05/12 16:13:47 signature help failed: cannot get type for Fun *ast.Ident (NewGame)\n\tposition=23:17\n"
[ERROR][2025-05-12 16:21:52] ...lsp/handlers.lua:562	"2025/05/12 16:21:52 no completions found: getting file file:///home/khel/KhelDev/go/learning_go/simpleApi/game_test.go for Completion: <nil> (package completions: invalid position for package completion: cursor in non-matching ident)\n\tposition=0:1\n"
[ERROR][2025-05-12 16:21:52] ...lsp/handlers.lua:562	"2025/05/12 16:21:52 no completions found: getting file file:///home/khel/KhelDev/go/learning_go/simpleApi/game_test.go for Completion: <nil> (package completions: invalid position for package completion: cursor in non-matching ident)\n\tposition=0:2\n"
[ERROR][2025-05-12 16:21:52] ...lsp/handlers.lua:562	"2025/05/12 16:21:52 no completions found: getting file file:///home/khel/KhelDev/go/learning_go/simpleApi/game_test.go for Completion: <nil> (package completions: invalid position for package completion: cursor in non-matching ident)\n\tposition=0:1\n"
[ERROR][2025-05-12 16:22:07] ...lsp/handlers.lua:562	"2025/05/12 16:22:07 no completions found: getting file file:///home/khel/KhelDev/go/learning_go/simpleApi/game_test.go for Completion: <nil> (package completions: invalid position for package completion: cursor in non-matching ident)\n\tposition=0:3\n"
[ERROR][2025-05-12 16:22:07] ...lsp/handlers.lua:562	"2025/05/12 16:22:07 no completions found: getting file file:///home/khel/KhelDev/go/learning_go/simpleApi/game_test.go for Completion: <nil> (package completions: invalid position for package completion: cursor in non-matching ident)\n\tposition=0:4\n"
[ERROR][2025-05-12 16:22:08] ...lsp/handlers.lua:562	"2025/05/12 16:22:08 no completions found: getting file file:///home/khel/KhelDev/go/learning_go/simpleApi/game_test.go for Completion: <nil> (package completions: invalid position for package completion: cursor in non-matching ident)\n\tposition=0:3\n"
[ERROR][2025-05-12 17:05:37] ...lsp/handlers.lua:562	'2025/05/12 17:05:37 warning: diagnostics failed: stat /home/khel/KhelDev/go/learning_go/simpleApi/game.go: no such file or directory\n\tview_id="1"\n\tsnapshot=2213\n\tdirectory=/home/khel/KhelDev/go/learning_go/simpleApi\n'
[ERROR][2025-05-12 17:05:37] ...lsp/handlers.lua:562	'2025/05/12 17:05:37 warning: analyzing package: stat /home/khel/KhelDev/go/learning_go/simpleApi/game.go: no such file or directory\n\tview_id="1"\n\tsnapshot=2213\n\tdirectory=/home/khel/KhelDev/go/learning_go/simpleApi\n\tpackage="simpleapi.com/go,simpleapi.com/go [simpleapi.com/go.test],simpleapi.com/go/cmd/cli,simpleapi.com/go/cmd/webserver,simpleapi.com/go_test [simpleapi.com/go.test]"\n'
[ERROR][2025-05-12 18:39:33] ...p/_transport.lua:36	"rpc"	"golangci-lint-langserver"	"stderr"	'2025/05/12 18:39:33 jsonrpc2 handler: notification "exit" handling error: jsonrpc2: code -32601 message: method not supported: exit\n'
[START][2025-05-12 18:39:37] LSP logging initiated
[ERROR][2025-05-12 18:39:37] ...p/_transport.lua:36	"rpc"	"golangci-lint-langserver"	"stderr"	"2025/05/12 18:39:37 golangci-lint-langserver: connections opened\n"
[ERROR][2025-05-12 19:05:30] ...lsp/handlers.lua:562	"2025/05/12 19:05:30 signature help failed: cannot get type for Fun *ast.Ident (assertMessagesSentToUser)\n\tposition=75:30\n"
[START][2025-05-12 19:17:51] LSP logging initiated
[WARN][2025-05-12 19:17:51] ...m/lsp/client.lua:1130	"server_request: no handler found for"	"workspace/diagnostic/refresh"
[ERROR][2025-05-12 19:17:51] ...lsp/handlers.lua:562	"Unhandled exception: MethodNotFound\nError: MethodNotFound\n    at handleResponse (/home/khel/dotfiles/local/.local/share/nvim/mason/packages/json-lsp/node_modules/vscode-langservers-extracted/node_modules/vscode-jsonrpc/lib/common/connection.js:606:48)\n    at handleMessage (/home/khel/dotfiles/local/.local/share/nvim/mason/packages/json-lsp/node_modules/vscode-langservers-extracted/node_modules/vscode-jsonrpc/lib/common/connection.js:443:20)\n    at Immediate.<anonymous> (/home/khel/dotfiles/local/.local/share/nvim/mason/packages/json-lsp/node_modules/vscode-langservers-extracted/node_modules/vscode-jsonrpc/lib/common/connection.js:413:30)\n    at process.processImmediate (node:internal/timers:511:21)"
[START][2025-05-12 19:18:03] LSP logging initiated
[WARN][2025-05-12 19:18:03] ...m/lsp/client.lua:1130	"server_request: no handler found for"	"workspace/diagnostic/refresh"
[ERROR][2025-05-12 19:18:03] ...lsp/handlers.lua:562	"Unhandled exception: MethodNotFound\nError: MethodNotFound\n    at handleResponse (/home/khel/dotfiles/local/.local/share/nvim/mason/packages/json-lsp/node_modules/vscode-langservers-extracted/node_modules/vscode-jsonrpc/lib/common/connection.js:606:48)\n    at handleMessage (/home/khel/dotfiles/local/.local/share/nvim/mason/packages/json-lsp/node_modules/vscode-langservers-extracted/node_modules/vscode-jsonrpc/lib/common/connection.js:443:20)\n    at Immediate.<anonymous> (/home/khel/dotfiles/local/.local/share/nvim/mason/packages/json-lsp/node_modules/vscode-langservers-extracted/node_modules/vscode-jsonrpc/lib/common/connection.js:413:30)\n    at process.processImmediate (node:internal/timers:511:21)"
[START][2025-05-12 19:19:11] LSP logging initiated
[WARN][2025-05-12 19:19:11] ...m/lsp/client.lua:1130	"server_request: no handler found for"	"workspace/diagnostic/refresh"
[ERROR][2025-05-12 19:19:11] ...lsp/handlers.lua:562	"Unhandled exception: MethodNotFound\nError: MethodNotFound\n    at handleResponse (/home/khel/dotfiles/local/.local/share/nvim/mason/packages/json-lsp/node_modules/vscode-langservers-extracted/node_modules/vscode-jsonrpc/lib/common/connection.js:606:48)\n    at handleMessage (/home/khel/dotfiles/local/.local/share/nvim/mason/packages/json-lsp/node_modules/vscode-langservers-extracted/node_modules/vscode-jsonrpc/lib/common/connection.js:443:20)\n    at Immediate.<anonymous> (/home/khel/dotfiles/local/.local/share/nvim/mason/packages/json-lsp/node_modules/vscode-langservers-extracted/node_modules/vscode-jsonrpc/lib/common/connection.js:413:30)\n    at process.processImmediate (node:internal/timers:511:21)"
[START][2025-05-12 19:19:29] LSP logging initiated
[WARN][2025-05-12 19:19:29] ...m/lsp/client.lua:1130	"server_request: no handler found for"	"workspace/diagnostic/refresh"
[ERROR][2025-05-12 19:19:29] ...lsp/handlers.lua:562	"Unhandled exception: MethodNotFound\nError: MethodNotFound\n    at handleResponse (/home/khel/dotfiles/local/.local/share/nvim/mason/packages/json-lsp/node_modules/vscode-langservers-extracted/node_modules/vscode-jsonrpc/lib/common/connection.js:606:48)\n    at handleMessage (/home/khel/dotfiles/local/.local/share/nvim/mason/packages/json-lsp/node_modules/vscode-langservers-extracted/node_modules/vscode-jsonrpc/lib/common/connection.js:443:20)\n    at Immediate.<anonymous> (/home/khel/dotfiles/local/.local/share/nvim/mason/packages/json-lsp/node_modules/vscode-langservers-extracted/node_modules/vscode-jsonrpc/lib/common/connection.js:413:30)\n    at process.processImmediate (node:internal/timers:511:21)"
[START][2025-05-12 19:40:31] LSP logging initiated
[WARN][2025-05-12 19:40:31] ...m/lsp/client.lua:1130	"server_request: no handler found for"	"workspace/diagnostic/refresh"
[ERROR][2025-05-12 19:40:32] ...lsp/handlers.lua:562	"Unhandled exception: MethodNotFound\nError: MethodNotFound\n    at handleResponse (/home/khel/dotfiles/local/.local/share/nvim/mason/packages/json-lsp/node_modules/vscode-langservers-extracted/node_modules/vscode-jsonrpc/lib/common/connection.js:606:48)\n    at handleMessage (/home/khel/dotfiles/local/.local/share/nvim/mason/packages/json-lsp/node_modules/vscode-langservers-extracted/node_modules/vscode-jsonrpc/lib/common/connection.js:443:20)\n    at Immediate.<anonymous> (/home/khel/dotfiles/local/.local/share/nvim/mason/packages/json-lsp/node_modules/vscode-langservers-extracted/node_modules/vscode-jsonrpc/lib/common/connection.js:413:30)\n    at process.processImmediate (node:internal/timers:511:21)"
[START][2025-05-12 19:42:41] LSP logging initiated
[WARN][2025-05-12 19:42:41] ...m/lsp/client.lua:1130	"server_request: no handler found for"	"workspace/diagnostic/refresh"
[ERROR][2025-05-12 19:42:41] ...lsp/handlers.lua:562	"Unhandled exception: MethodNotFound\nError: MethodNotFound\n    at handleResponse (/home/khel/dotfiles/local/.local/share/nvim/mason/packages/json-lsp/node_modules/vscode-langservers-extracted/node_modules/vscode-jsonrpc/lib/common/connection.js:606:48)\n    at handleMessage (/home/khel/dotfiles/local/.local/share/nvim/mason/packages/json-lsp/node_modules/vscode-langservers-extracted/node_modules/vscode-jsonrpc/lib/common/connection.js:443:20)\n    at Immediate.<anonymous> (/home/khel/dotfiles/local/.local/share/nvim/mason/packages/json-lsp/node_modules/vscode-langservers-extracted/node_modules/vscode-jsonrpc/lib/common/connection.js:413:30)\n    at process.processImmediate (node:internal/timers:511:21)"
[START][2025-05-12 19:43:28] LSP logging initiated
[WARN][2025-05-12 19:43:28] ...m/lsp/client.lua:1130	"server_request: no handler found for"	"workspace/diagnostic/refresh"
[ERROR][2025-05-12 19:43:28] ...lsp/handlers.lua:562	"Unhandled exception: MethodNotFound\nError: MethodNotFound\n    at handleResponse (/home/khel/dotfiles/local/.local/share/nvim/mason/packages/json-lsp/node_modules/vscode-langservers-extracted/node_modules/vscode-jsonrpc/lib/common/connection.js:606:48)\n    at handleMessage (/home/khel/dotfiles/local/.local/share/nvim/mason/packages/json-lsp/node_modules/vscode-langservers-extracted/node_modules/vscode-jsonrpc/lib/common/connection.js:443:20)\n    at Immediate.<anonymous> (/home/khel/dotfiles/local/.local/share/nvim/mason/packages/json-lsp/node_modules/vscode-langservers-extracted/node_modules/vscode-jsonrpc/lib/common/connection.js:413:30)\n    at process.processImmediate (node:internal/timers:511:21)"
[START][2025-05-12 19:43:54] LSP logging initiated
[WARN][2025-05-12 19:43:54] ...m/lsp/client.lua:1130	"server_request: no handler found for"	"workspace/diagnostic/refresh"
[ERROR][2025-05-12 19:43:54] ...lsp/handlers.lua:562	"Unhandled exception: MethodNotFound\nError: MethodNotFound\n    at handleResponse (/home/khel/dotfiles/local/.local/share/nvim/mason/packages/json-lsp/node_modules/vscode-langservers-extracted/node_modules/vscode-jsonrpc/lib/common/connection.js:606:48)\n    at handleMessage (/home/khel/dotfiles/local/.local/share/nvim/mason/packages/json-lsp/node_modules/vscode-langservers-extracted/node_modules/vscode-jsonrpc/lib/common/connection.js:443:20)\n    at Immediate.<anonymous> (/home/khel/dotfiles/local/.local/share/nvim/mason/packages/json-lsp/node_modules/vscode-langservers-extracted/node_modules/vscode-jsonrpc/lib/common/connection.js:413:30)\n    at process.processImmediate (node:internal/timers:511:21)"
[START][2025-05-12 20:35:39] LSP logging initiated
[ERROR][2025-05-12 20:35:39] ...p/_transport.lua:36	"rpc"	"golangci-lint-langserver"	"stderr"	"2025/05/12 20:35:39 golangci-lint-langserver: connections opened\n"
[ERROR][2025-05-12 21:24:25] ...p/_transport.lua:36	"rpc"	"golangci-lint-langserver"	"stderr"	'2025/05/12 21:24:25 jsonrpc2 handler: notification "exit" handling error: jsonrpc2: code -32601 message: method not supported: exit\n'
[START][2025-05-13 17:04:35] LSP logging initiated
[ERROR][2025-05-13 17:04:35] ...p/_transport.lua:36	"rpc"	"golangci-lint-langserver"	"stderr"	"2025/05/13 17:04:35 golangci-lint-langserver: connections opened\n"
[WARN][2025-05-13 21:53:53] ...m/lsp/client.lua:870	"The language server html triggers a registerCapability handler for workspace/didChangeWorkspaceFolders despite dynamicRegistration set to false. Report upstream, this warning is harmless"
[ERROR][2025-05-13 23:16:00] ...p/_transport.lua:36	"rpc"	"golangci-lint-langserver"	"stderr"	'2025/05/13 23:16:00 jsonrpc2 handler: notification "exit" handling error: jsonrpc2: code -32601 message: method not supported: exit\n'
[START][2025-05-14 17:38:19] LSP logging initiated
[WARN][2025-05-14 17:38:19] ...m/lsp/client.lua:870	"The language server html triggers a registerCapability handler for workspace/didChangeWorkspaceFolders despite dynamicRegistration set to false. Report upstream, this warning is harmless"
[START][2025-05-14 17:41:33] LSP logging initiated
[WARN][2025-05-14 17:41:33] ...m/lsp/client.lua:870	"The language server html triggers a registerCapability handler for workspace/didChangeWorkspaceFolders despite dynamicRegistration set to false. Report upstream, this warning is harmless"
[START][2025-05-14 17:43:50] LSP logging initiated
[WARN][2025-05-14 17:43:50] ...m/lsp/client.lua:870	"The language server html triggers a registerCapability handler for workspace/didChangeWorkspaceFolders despite dynamicRegistration set to false. Report upstream, this warning is harmless"
[START][2025-05-14 17:45:22] LSP logging initiated
[ERROR][2025-05-14 17:45:22] ...p/_transport.lua:36	"rpc"	"golangci-lint-langserver"	"stderr"	"2025/05/14 17:45:22 golangci-lint-langserver: connections opened\n"
[ERROR][2025-05-14 21:35:59] ...p/_transport.lua:36	"rpc"	"golangci-lint-langserver"	"stderr"	'2025/05/14 21:35:59 jsonrpc2 handler: notification "exit" handling error: jsonrpc2: code -32601 message: method not supported: exit\n'
[START][2025-05-15 21:34:34] LSP logging initiated
[ERROR][2025-05-15 21:34:34] ...p/_transport.lua:36	"rpc"	"golangci-lint-langserver"	"stderr"	"2025/05/15 21:34:34 golangci-lint-langserver: connections opened\n"
[START][2025-05-15 21:35:36] LSP logging initiated
[ERROR][2025-05-15 21:35:36] ...p/_transport.lua:36	"rpc"	"golangci-lint-langserver"	"stderr"	"2025/05/15 21:35:36 golangci-lint-langserver: connections opened\n"
[WARN][2025-05-15 21:49:22] ...m/lsp/client.lua:870	"The language server html triggers a registerCapability handler for workspace/didChangeWorkspaceFolders despite dynamicRegistration set to false. Report upstream, this warning is harmless"
[ERROR][2025-05-15 21:56:24] ...lsp/handlers.lua:562	"2025/05/15 21:56:24 signature help failed: cannot get type for Fun *ast.SelectorExpr (&{0xc009deed38 Dial})\n\tposition=115:45\n"
[ERROR][2025-05-15 21:56:28] ...lsp/handlers.lua:562	"2025/05/15 21:56:28 signature help failed: cannot get type for Fun *ast.SelectorExpr (&{0xc00fee22b8 Dial})\n\tposition=115:51\n"
[ERROR][2025-05-15 21:56:28] ...lsp/handlers.lua:562	"2025/05/15 21:56:28 signature help failed: cannot get type for Fun *ast.SelectorExpr (&{0xc011c6adf8 Dial})\n\tposition=115:52\n"
[ERROR][2025-05-15 22:27:34] ...p/_transport.lua:36	"rpc"	"golangci-lint-langserver"	"stderr"	'2025/05/15 22:27:34 jsonrpc2 handler: notification "exit" handling error: jsonrpc2: code -32601 message: method not supported: exit\n'
[START][2025-05-16 14:11:54] LSP logging initiated
[ERROR][2025-05-16 14:11:54] ...p/_transport.lua:36	"rpc"	"golangci-lint-langserver"	"stderr"	"2025/05/16 14:11:54 golangci-lint-langserver: connections opened\n"
[WARN][2025-05-16 14:12:56] ...m/lsp/client.lua:1130	"server_request: no handler found for"	"workspace/diagnostic/refresh"
[ERROR][2025-05-16 14:12:56] ...lsp/handlers.lua:562	"Unhandled exception: MethodNotFound\nError: MethodNotFound\n    at handleResponse (/home/khel/dotfiles/local/.local/share/nvim/mason/packages/json-lsp/node_modules/vscode-langservers-extracted/node_modules/vscode-jsonrpc/lib/common/connection.js:606:48)\n    at handleMessage (/home/khel/dotfiles/local/.local/share/nvim/mason/packages/json-lsp/node_modules/vscode-langservers-extracted/node_modules/vscode-jsonrpc/lib/common/connection.js:443:20)\n    at Immediate.<anonymous> (/home/khel/dotfiles/local/.local/share/nvim/mason/packages/json-lsp/node_modules/vscode-langservers-extracted/node_modules/vscode-jsonrpc/lib/common/connection.js:413:30)\n    at process.processImmediate (node:internal/timers:511:21)"
[START][2025-05-16 14:15:01] LSP logging initiated
[ERROR][2025-05-16 14:15:01] ...p/_transport.lua:36	"rpc"	"golangci-lint-langserver"	"stderr"	"2025/05/16 14:15:01 golangci-lint-langserver: connections opened\n"
[ERROR][2025-05-16 14:32:56] ...lsp/handlers.lua:562	"2025/05/16 14:32:56 signature help failed: cannot get type for Fun *ast.SelectorExpr (&{t fatalf})\n\tposition=139:11\n"
[ERROR][2025-05-16 14:32:57] ...lsp/handlers.lua:562	"2025/05/16 14:32:57 signature help failed: cannot get type for Fun *ast.SelectorExpr (&{t fatalf})\n\tposition=139:11\n"
[ERROR][2025-05-16 14:33:16] ...lsp/handlers.lua:562	"2025/05/16 14:33:16 signature help failed: cannot get type for Fun *ast.SelectorExpr (&{t fatalf})\n\tposition=139:44\n"
[ERROR][2025-05-16 14:33:16] ...lsp/handlers.lua:562	"2025/05/16 14:33:16 signature help failed: cannot get type for Fun *ast.SelectorExpr (&{t fatalf})\n\tposition=139:45\n"
[ERROR][2025-05-16 14:33:16] ...lsp/handlers.lua:562	"2025/05/16 14:33:16 signature help failed: cannot get type for Fun *ast.SelectorExpr (&{t fatalf})\n\tposition=139:45\n"
[ERROR][2025-05-16 14:33:25] ...lsp/handlers.lua:562	"2025/05/16 14:33:25 signature help failed: cannot get type for Fun *ast.SelectorExpr (&{t fatalf})\n\tposition=139:48\n"
[WARN][2025-05-16 14:46:13] ...m/lsp/client.lua:870	"The language server html triggers a registerCapability handler for workspace/didChangeWorkspaceFolders despite dynamicRegistration set to false. Report upstream, this warning is harmless"
[START][2025-05-16 15:23:33] LSP logging initiated
[WARN][2025-05-16 15:23:33] ...m/lsp/client.lua:870	"The language server html triggers a registerCapability handler for workspace/didChangeWorkspaceFolders despite dynamicRegistration set to false. Report upstream, this warning is harmless"
[ERROR][2025-05-16 16:00:47] ...p/_transport.lua:36	"rpc"	"golangci-lint-langserver"	"stderr"	"2025/05/16 16:00:47 golangci-lint-langserver: connections opened\n"
[ERROR][2025-05-16 21:59:33] ...p/_transport.lua:36	"rpc"	"golangci-lint-langserver"	"stderr"	'2025/05/16 21:59:33 jsonrpc2 handler: notification "exit" handling error: jsonrpc2: code -32601 message: method not supported: exit\n'
[START][2025-05-18 21:32:01] LSP logging initiated
[ERROR][2025-05-18 21:32:01] ...p/_transport.lua:36	"rpc"	"golangci-lint-langserver"	"stderr"	"2025/05/18 21:32:01 golangci-lint-langserver: connections opened\n"
[ERROR][2025-05-18 22:35:13] ...p/_transport.lua:36	"rpc"	"golangci-lint-langserver"	"stderr"	'2025/05/18 22:35:13 jsonrpc2 handler: notification "exit" handling error: jsonrpc2: code -32601 message: method not supported: exit\n'
[START][2025-05-19 21:26:23] LSP logging initiated
[ERROR][2025-05-19 21:26:23] ...p/_transport.lua:36	"rpc"	"golangci-lint-langserver"	"stderr"	"2025/05/19 21:26:23 golangci-lint-langserver: connections opened\n"
[START][2025-05-19 21:36:12] LSP logging initiated
[ERROR][2025-05-19 21:36:12] ...p/_transport.lua:36	"rpc"	"golangci-lint-langserver"	"stderr"	"2025/05/19 21:36:12 golangci-lint-langserver: connections opened\n"
[ERROR][2025-05-19 21:49:42] ...lsp/handlers.lua:562	"2025/05/19 21:49:42 signature help failed: call operand is not a func or type: *ast.Ident (len)\n\tposition=41:12\n"
[WARN][2025-05-19 21:50:44] ...m/lsp/client.lua:870	"The language server html triggers a registerCapability handler for workspace/didChangeWorkspaceFolders despite dynamicRegistration set to false. Report upstream, this warning is harmless"
[WARN][2025-05-19 22:29:43] ...m/lsp/client.lua:1130	"server_request: no handler found for"	"workspace/diagnostic/refresh"
[ERROR][2025-05-19 22:29:43] ...lsp/handlers.lua:562	"Unhandled exception: MethodNotFound\nError: MethodNotFound\n    at handleResponse (/home/khel/dotfiles/local/.local/share/nvim/mason/packages/json-lsp/node_modules/vscode-langservers-extracted/node_modules/vscode-jsonrpc/lib/common/connection.js:606:48)\n    at handleMessage (/home/khel/dotfiles/local/.local/share/nvim/mason/packages/json-lsp/node_modules/vscode-langservers-extracted/node_modules/vscode-jsonrpc/lib/common/connection.js:443:20)\n    at Immediate.<anonymous> (/home/khel/dotfiles/local/.local/share/nvim/mason/packages/json-lsp/node_modules/vscode-langservers-extracted/node_modules/vscode-jsonrpc/lib/common/connection.js:413:30)\n    at process.processImmediate (node:internal/timers:511:21)"
[ERROR][2025-05-19 23:26:50] ...p/_transport.lua:36	"rpc"	"golangci-lint-langserver"	"stderr"	'2025/05/19 23:26:50 jsonrpc2 handler: notification "exit" handling error: jsonrpc2: code -32601 message: method not supported: exit\n'
[START][2025-05-20 14:37:52] LSP logging initiated
[ERROR][2025-05-20 14:37:52] ...p/_transport.lua:36	"rpc"	"golangci-lint-langserver"	"stderr"	"2025/05/20 14:37:52 golangci-lint-langserver: connections opened\n"
[ERROR][2025-05-20 14:42:43] ...lsp/handlers.lua:562	"2025/05/20 14:42:43 signature help failed: cannot get type for Fun *ast.SelectorExpr (&{out Write})\n\tposition=19:11\n"
[ERROR][2025-05-20 14:43:06] ...lsp/handlers.lua:562	"2025/05/20 14:43:06 signature help failed: cannot get type for Fun *ast.SelectorExpr (&{out Write})\n\tposition=20:11\n"
[ERROR][2025-05-20 14:54:07] ...lsp/handlers.lua:562	"2025/05/20 14:54:07 signature help failed: call operand is not a func or type: *ast.Ident (make)\n\tposition=144:14\n"
[ERROR][2025-05-20 14:54:12] ...lsp/handlers.lua:562	"2025/05/20 14:54:12 signature help failed: call operand is not a func or type: *ast.Ident (make)\n\tposition=144:14\n"
[ERROR][2025-05-20 14:56:20] ...lsp/handlers.lua:562	"2025/05/20 14:56:20 signature help failed: cannot get type for Fun *ast.SelectorExpr (&{time After})\n\tposition=152:17\n"
[START][2025-05-20 17:57:06] LSP logging initiated
[ERROR][2025-05-20 17:57:06] ...lsp/handlers.lua:562	"2025/05/20 17:57:06 signature help failed: cannot get type for Fun *ast.SelectorExpr (&{fmt Println})\n\tposition=3:13\n"
[START][2025-05-20 18:02:20] LSP logging initiated
[ERROR][2025-05-20 18:02:20] ...p/_transport.lua:36	"rpc"	"golangci-lint-langserver"	"stderr"	"2025/05/20 18:02:20 golangci-lint-langserver: connections opened\n"
[ERROR][2025-05-20 18:03:45] ...lsp/handlers.lua:562	"2025/05/20 18:03:45 signature help failed: cannot get type for Fun *ast.SelectorExpr (&{t func})\n\tposition=3:9\n"
[ERROR][2025-05-20 18:04:13] ...lsp/handlers.lua:562	"2025/05/20 18:04:13 signature help failed: cannot get type for Fun *ast.SelectorExpr (&{t Run})\n\tposition=5:7\n"
[ERROR][2025-05-20 18:04:28] ...lsp/handlers.lua:562	"2025/05/20 18:04:28 signature help failed: cannot get type for Fun *ast.SelectorExpr (&{t Run})\n\tposition=5:7\n"
[ERROR][2025-05-20 18:04:46] ...lsp/handlers.lua:562	"2025/05/20 18:04:46 signature help failed: cannot get type for Fun *ast.SelectorExpr (&{t Run})\n\tposition=5:32\n"
[ERROR][2025-05-20 18:04:46] ...lsp/handlers.lua:562	"2025/05/20 18:04:46 signature help failed: cannot get type for Fun *ast.SelectorExpr (&{t Run})\n\tposition=5:33\n"
[ERROR][2025-05-20 18:04:49] ...lsp/handlers.lua:562	"2025/05/20 18:04:49 signature help failed: cannot get type for Fun *ast.SelectorExpr (&{t Run})\n\tposition=5:32\n"
[ERROR][2025-05-20 18:06:48] ...p/_transport.lua:36	"rpc"	"golangci-lint-langserver"	"stderr"	'2025/05/20 18:06:48 jsonrpc2 handler: notification "exit" handling error: jsonrpc2: code -32601 message: method not supported: exit\n'
[START][2025-05-20 18:07:32] LSP logging initiated
[ERROR][2025-05-20 18:07:32] ...p/_transport.lua:36	"rpc"	"golangci-lint-langserver"	"stderr"	"2025/05/20 18:07:32 golangci-lint-langserver: connections opened\n"
[ERROR][2025-05-20 18:12:16] ...lsp/handlers.lua:562	"2025/05/20 18:12:16 signature help failed: cannot get type for Fun *ast.Ident (NewCSVReader)\n\tposition=6:29\n"
[ERROR][2025-05-20 18:12:17] ...lsp/handlers.lua:562	"2025/05/20 18:12:17 signature help failed: cannot get type for Fun *ast.Ident (NewCSVReader)\n\tposition=6:29\n"
[ERROR][2025-05-20 18:27:16] ...lsp/handlers.lua:562	"2025/05/20 18:27:16 signature help failed: cannot get type for Fun *ast.SelectorExpr (&{csvReader Read})\n\tposition=8:17\n"
[ERROR][2025-05-20 18:46:59] ...lsp/handlers.lua:562	"2025/05/20 18:46:59 signature help failed: call operand is not a func or type: *ast.Ident (close)\n\tposition=18:13\n"
[ERROR][2025-05-20 22:37:25] ...lsp/handlers.lua:562	"2025/05/20 22:37:25 signature help failed: call operand is not a func or type: *ast.Ident (answer)\n\tposition=62:66\n"
[ERROR][2025-05-20 23:02:34] ...lsp/handlers.lua:562	"2025/05/20 23:02:34 signature help failed: cannot get type for Fun *ast.SelectorExpr (&{csvReader QuizStart})\n\tposition=56:22\n"
[ERROR][2025-05-20 23:02:35] ...lsp/handlers.lua:562	"2025/05/20 23:02:35 signature help failed: cannot get type for Fun *ast.SelectorExpr (&{csvReader QuizStart})\n\tposition=56:22\n"
[ERROR][2025-05-20 23:09:41] ...p/_transport.lua:36	"rpc"	"golangci-lint-langserver"	"stderr"	'2025/05/20 23:09:41 jsonrpc2 handler: notification "exit" handling error: jsonrpc2: code -32601 message: method not supported: exit\n'
[START][2025-05-21 15:49:29] LSP logging initiated
[ERROR][2025-05-21 15:49:29] ...p/_transport.lua:36	"rpc"	"golangci-lint-langserver"	"stderr"	"2025/05/21 15:49:29 golangci-lint-langserver: connections opened\n"
[ERROR][2025-05-21 16:07:04] ...lsp/handlers.lua:562	"2025/05/21 16:07:04 signature help failed: cannot get type for Fun *ast.SelectorExpr (&{gotCSV StartQuiz})\n\tposition=59:20\n"
[ERROR][2025-05-21 16:07:04] ...lsp/handlers.lua:562	"2025/05/21 16:07:04 signature help failed: cannot get type for Fun *ast.SelectorExpr (&{gotCSV StartQuiz})\n\tposition=59:20\n"
[ERROR][2025-05-21 16:48:48] ...p/_transport.lua:36	"rpc"	"golangci-lint-langserver"	"stderr"	'2025/05/21 16:48:48 jsonrpc2 handler: notification "exit" handling error: jsonrpc2: code -32601 message: method not supported: exit\n'
[START][2025-05-21 16:52:48] LSP logging initiated
[ERROR][2025-05-21 16:52:48] ...p/_transport.lua:36	"rpc"	"golangci-lint-langserver"	"stderr"	"2025/05/21 16:52:48 golangci-lint-langserver: connections opened\n"
[START][2025-05-21 17:05:05] LSP logging initiated
[ERROR][2025-05-21 17:05:05] ...p/_transport.lua:36	"rpc"	"golangci-lint-langserver"	"stderr"	"2025/05/21 17:05:05 golangci-lint-langserver: connections opened\n"
[START][2025-05-21 17:08:03] LSP logging initiated
[ERROR][2025-05-21 17:08:03] ...p/_transport.lua:36	"rpc"	"golangci-lint-langserver"	"stderr"	"2025/05/21 17:08:03 golangci-lint-langserver: connections opened\n"
[START][2025-05-21 17:15:04] LSP logging initiated
[ERROR][2025-05-21 17:15:04] ...p/_transport.lua:36	"rpc"	"golangci-lint-langserver"	"stderr"	"2025/05/21 17:15:04 golangci-lint-langserver: connections opened\n"
[START][2025-05-21 17:24:04] LSP logging initiated
[ERROR][2025-05-21 17:24:04] ...p/_transport.lua:36	"rpc"	"golangci-lint-langserver"	"stderr"	"2025/05/21 17:24:04 golangci-lint-langserver: connections opened\n"
[START][2025-05-21 17:24:14] LSP logging initiated
[ERROR][2025-05-21 17:24:14] ...p/_transport.lua:36	"rpc"	"golangci-lint-langserver"	"stderr"	"2025/05/21 17:24:14 golangci-lint-langserver: connections opened\n"
[START][2025-05-21 17:24:22] LSP logging initiated
[ERROR][2025-05-21 17:24:22] ...p/_transport.lua:36	"rpc"	"golangci-lint-langserver"	"stderr"	"2025/05/21 17:24:22 golangci-lint-langserver: connections opened\n"
[START][2025-05-21 17:31:51] LSP logging initiated
[ERROR][2025-05-21 17:31:51] ...p/_transport.lua:36	"rpc"	"golangci-lint-langserver"	"stderr"	"2025/05/21 17:31:51 golangci-lint-langserver: connections opened\n"
[START][2025-05-21 17:41:33] LSP logging initiated
[ERROR][2025-05-21 17:41:33] ...p/_transport.lua:36	"rpc"	"golangci-lint-langserver"	"stderr"	"2025/05/21 17:41:33 golangci-lint-langserver: connections opened\n"
[START][2025-05-21 17:55:56] LSP logging initiated
[ERROR][2025-05-21 17:55:56] ...p/_transport.lua:36	"rpc"	"golangci-lint-langserver"	"stderr"	"2025/05/21 17:55:56 golangci-lint-langserver: connections opened\n"
[START][2025-05-21 18:13:46] LSP logging initiated
[ERROR][2025-05-21 18:13:46] ...p/_transport.lua:36	"rpc"	"golangci-lint-langserver"	"stderr"	"2025/05/21 18:13:46 golangci-lint-langserver: connections opened\n"
[START][2025-05-21 18:20:08] LSP logging initiated
[ERROR][2025-05-21 18:20:08] ...p/_transport.lua:36	"rpc"	"golangci-lint-langserver"	"stderr"	"2025/05/21 18:20:08 golangci-lint-langserver: connections opened\n"
[START][2025-05-21 18:28:40] LSP logging initiated
[ERROR][2025-05-21 18:28:40] ...p/_transport.lua:36	"rpc"	"golangci-lint-langserver"	"stderr"	"2025/05/21 18:28:40 golangci-lint-langserver: connections opened\n"
[START][2025-05-21 18:42:27] LSP logging initiated
[ERROR][2025-05-21 18:42:27] ...p/_transport.lua:36	"rpc"	"golangci-lint-langserver"	"stderr"	"2025/05/21 18:42:27 golangci-lint-langserver: connections opened\n"
[START][2025-05-21 18:46:12] LSP logging initiated
[ERROR][2025-05-21 18:46:12] ...p/_transport.lua:36	"rpc"	"golangci-lint-langserver"	"stderr"	"2025/05/21 18:46:12 golangci-lint-langserver: connections opened\n"
[ERROR][2025-05-21 18:51:40] ...lsp/handlers.lua:562	"2025/05/21 18:51:40 signature help failed: call operand is not a func or type: *ast.Ident (len)\n\tposition=69:10\n"
[ERROR][2025-05-21 21:23:12] ...p/_transport.lua:36	"rpc"	"golangci-lint-langserver"	"stderr"	'2025/05/21 21:23:12 jsonrpc2 handler: notification "exit" handling error: jsonrpc2: code -32601 message: method not supported: exit\n'
[START][2025-05-21 21:28:04] LSP logging initiated
[ERROR][2025-05-21 21:28:04] ...p/_transport.lua:36	"rpc"	"golangci-lint-langserver"	"stderr"	"2025/05/21 21:28:04 golangci-lint-langserver: connections opened\n"
[ERROR][2025-05-21 21:31:24] ...p/_transport.lua:36	"rpc"	"golangci-lint-langserver"	"stderr"	'2025/05/21 21:31:24 jsonrpc2 handler: notification "exit" handling error: jsonrpc2: code -32601 message: method not supported: exit\n'
[START][2025-05-21 21:31:33] LSP logging initiated
[ERROR][2025-05-21 21:31:33] ...p/_transport.lua:36	"rpc"	"golangci-lint-langserver"	"stderr"	"2025/05/21 21:31:33 golangci-lint-langserver: connections opened\n"
[ERROR][2025-05-21 22:03:00] ...lsp/handlers.lua:562	"2025/05/21 22:03:00 signature help failed: call operand is not a func or type: *ast.Ident (len)\n\tposition=52:77\n"
[ERROR][2025-05-21 22:07:53] ...lsp/handlers.lua:562	"2025/05/21 22:07:53 signature help failed: call operand is not a func or type: *ast.Ident (len)\n\tposition=42:21\n"
[ERROR][2025-05-21 22:08:13] ...lsp/handlers.lua:562	"2025/05/21 22:08:13 signature help failed: call operand is not a func or type: *ast.Ident (len)\n\tposition=44:22\n"
[ERROR][2025-05-21 22:16:18] ...lsp/handlers.lua:562	"2025/05/21 22:16:18 signature help failed: call operand is not a func or type: *ast.Ident (len)\n\tposition=57:77\n"
[ERROR][2025-05-21 22:16:21] ...lsp/handlers.lua:562	"2025/05/21 22:16:21 signature help failed: call operand is not a func or type: *ast.Ident (len)\n\tposition=57:77\n"
[ERROR][2025-05-21 22:28:06] ...p/_transport.lua:36	"rpc"	"golangci-lint-langserver"	"stderr"	'2025/05/21 22:28:06 jsonrpc2 handler: notification "exit" handling error: jsonrpc2: code -32601 message: method not supported: exit\n'
[START][2025-05-23 17:00:01] LSP logging initiated
[WARN][2025-05-23 17:00:01] ...m/lsp/client.lua:1130	"server_request: no handler found for"	"workspace/diagnostic/refresh"
[ERROR][2025-05-23 17:00:01] ...lsp/handlers.lua:562	"Unhandled exception: MethodNotFound\nError: MethodNotFound\n    at handleResponse (/home/khel/dotfiles/local/.local/share/nvim/mason/packages/json-lsp/node_modules/vscode-langservers-extracted/node_modules/vscode-jsonrpc/lib/common/connection.js:606:48)\n    at handleMessage (/home/khel/dotfiles/local/.local/share/nvim/mason/packages/json-lsp/node_modules/vscode-langservers-extracted/node_modules/vscode-jsonrpc/lib/common/connection.js:443:20)\n    at Immediate.<anonymous> (/home/khel/dotfiles/local/.local/share/nvim/mason/packages/json-lsp/node_modules/vscode-langservers-extracted/node_modules/vscode-jsonrpc/lib/common/connection.js:413:30)\n    at process.processImmediate (node:internal/timers:505:21)"
[START][2025-05-23 17:00:53] LSP logging initiated
[WARN][2025-05-23 17:00:53] ...m/lsp/client.lua:1130	"server_request: no handler found for"	"workspace/diagnostic/refresh"
[ERROR][2025-05-23 17:00:53] ...lsp/handlers.lua:562	"Unhandled exception: MethodNotFound\nError: MethodNotFound\n    at handleResponse (/home/khel/dotfiles/local/.local/share/nvim/mason/packages/json-lsp/node_modules/vscode-langservers-extracted/node_modules/vscode-jsonrpc/lib/common/connection.js:606:48)\n    at handleMessage (/home/khel/dotfiles/local/.local/share/nvim/mason/packages/json-lsp/node_modules/vscode-langservers-extracted/node_modules/vscode-jsonrpc/lib/common/connection.js:443:20)\n    at Immediate.<anonymous> (/home/khel/dotfiles/local/.local/share/nvim/mason/packages/json-lsp/node_modules/vscode-langservers-extracted/node_modules/vscode-jsonrpc/lib/common/connection.js:413:30)\n    at process.processImmediate (node:internal/timers:505:21)"
[START][2025-05-23 17:04:02] LSP logging initiated
[WARN][2025-05-23 17:04:02] ...m/lsp/client.lua:1130	"server_request: no handler found for"	"workspace/diagnostic/refresh"
[ERROR][2025-05-23 17:04:02] ...lsp/handlers.lua:562	"Unhandled exception: MethodNotFound\nError: MethodNotFound\n    at handleResponse (/home/khel/dotfiles/local/.local/share/nvim/mason/packages/json-lsp/node_modules/vscode-langservers-extracted/node_modules/vscode-jsonrpc/lib/common/connection.js:606:48)\n    at handleMessage (/home/khel/dotfiles/local/.local/share/nvim/mason/packages/json-lsp/node_modules/vscode-langservers-extracted/node_modules/vscode-jsonrpc/lib/common/connection.js:443:20)\n    at Immediate.<anonymous> (/home/khel/dotfiles/local/.local/share/nvim/mason/packages/json-lsp/node_modules/vscode-langservers-extracted/node_modules/vscode-jsonrpc/lib/common/connection.js:413:30)\n    at process.processImmediate (node:internal/timers:505:21)"
[START][2025-05-23 17:08:36] LSP logging initiated
[WARN][2025-05-23 17:08:36] ...lsp/handlers.lua:564	"09:08:36.705 WARNING ⛔️ Error while parsing file:///home/khel/dotfiles/waybar/.config/waybar/waybar-reload.sh: syntax error"
[WARN][2025-05-23 17:08:37] ...lsp/handlers.lua:564	"09:08:37.941 WARNING ⛔️ Error while parsing file:///home/khel/dotfiles/waybar/.config/waybar/waybar-reload.sh: syntax error"
[START][2025-05-23 17:14:58] LSP logging initiated
[WARN][2025-05-23 17:14:58] ...m/lsp/client.lua:1130	"server_request: no handler found for"	"workspace/diagnostic/refresh"
[ERROR][2025-05-23 17:14:58] ...lsp/handlers.lua:562	"Unhandled exception: MethodNotFound\nError: MethodNotFound\n    at handleResponse (/home/khel/dotfiles/local/.local/share/nvim/mason/packages/json-lsp/node_modules/vscode-langservers-extracted/node_modules/vscode-jsonrpc/lib/common/connection.js:606:48)\n    at handleMessage (/home/khel/dotfiles/local/.local/share/nvim/mason/packages/json-lsp/node_modules/vscode-langservers-extracted/node_modules/vscode-jsonrpc/lib/common/connection.js:443:20)\n    at Immediate.<anonymous> (/home/khel/dotfiles/local/.local/share/nvim/mason/packages/json-lsp/node_modules/vscode-langservers-extracted/node_modules/vscode-jsonrpc/lib/common/connection.js:413:30)\n    at process.processImmediate (node:internal/timers:505:21)"
[START][2025-05-23 17:19:52] LSP logging initiated
[WARN][2025-05-23 17:19:52] ...m/lsp/client.lua:1130	"server_request: no handler found for"	"workspace/diagnostic/refresh"
[ERROR][2025-05-23 17:19:52] ...lsp/handlers.lua:562	"Unhandled exception: MethodNotFound\nError: MethodNotFound\n    at handleResponse (/home/khel/dotfiles/local/.local/share/nvim/mason/packages/json-lsp/node_modules/vscode-langservers-extracted/node_modules/vscode-jsonrpc/lib/common/connection.js:606:48)\n    at handleMessage (/home/khel/dotfiles/local/.local/share/nvim/mason/packages/json-lsp/node_modules/vscode-langservers-extracted/node_modules/vscode-jsonrpc/lib/common/connection.js:443:20)\n    at Immediate.<anonymous> (/home/khel/dotfiles/local/.local/share/nvim/mason/packages/json-lsp/node_modules/vscode-langservers-extracted/node_modules/vscode-jsonrpc/lib/common/connection.js:413:30)\n    at process.processImmediate (node:internal/timers:505:21)"
[START][2025-05-23 17:20:39] LSP logging initiated
[WARN][2025-05-23 17:20:39] ...m/lsp/client.lua:1130	"server_request: no handler found for"	"workspace/diagnostic/refresh"
[ERROR][2025-05-23 17:20:40] ...lsp/handlers.lua:562	"Unhandled exception: MethodNotFound\nError: MethodNotFound\n    at handleResponse (/home/khel/dotfiles/local/.local/share/nvim/mason/packages/json-lsp/node_modules/vscode-langservers-extracted/node_modules/vscode-jsonrpc/lib/common/connection.js:606:48)\n    at handleMessage (/home/khel/dotfiles/local/.local/share/nvim/mason/packages/json-lsp/node_modules/vscode-langservers-extracted/node_modules/vscode-jsonrpc/lib/common/connection.js:443:20)\n    at Immediate.<anonymous> (/home/khel/dotfiles/local/.local/share/nvim/mason/packages/json-lsp/node_modules/vscode-langservers-extracted/node_modules/vscode-jsonrpc/lib/common/connection.js:413:30)\n    at process.processImmediate (node:internal/timers:505:21)"
[START][2025-05-23 17:24:24] LSP logging initiated
[WARN][2025-05-23 17:24:24] ...m/lsp/client.lua:1130	"server_request: no handler found for"	"workspace/diagnostic/refresh"
[ERROR][2025-05-23 17:24:25] ...lsp/handlers.lua:562	"Unhandled exception: MethodNotFound\nError: MethodNotFound\n    at handleResponse (/home/khel/dotfiles/local/.local/share/nvim/mason/packages/json-lsp/node_modules/vscode-langservers-extracted/node_modules/vscode-jsonrpc/lib/common/connection.js:606:48)\n    at handleMessage (/home/khel/dotfiles/local/.local/share/nvim/mason/packages/json-lsp/node_modules/vscode-langservers-extracted/node_modules/vscode-jsonrpc/lib/common/connection.js:443:20)\n    at Immediate.<anonymous> (/home/khel/dotfiles/local/.local/share/nvim/mason/packages/json-lsp/node_modules/vscode-langservers-extracted/node_modules/vscode-jsonrpc/lib/common/connection.js:413:30)\n    at process.processImmediate (node:internal/timers:505:21)"
[START][2025-05-23 17:33:32] LSP logging initiated
[WARN][2025-05-23 17:33:32] ...m/lsp/client.lua:1130	"server_request: no handler found for"	"workspace/diagnostic/refresh"
[ERROR][2025-05-23 17:33:33] ...lsp/handlers.lua:562	"Unhandled exception: MethodNotFound\nError: MethodNotFound\n    at handleResponse (/home/khel/dotfiles/local/.local/share/nvim/mason/packages/json-lsp/node_modules/vscode-langservers-extracted/node_modules/vscode-jsonrpc/lib/common/connection.js:606:48)\n    at handleMessage (/home/khel/dotfiles/local/.local/share/nvim/mason/packages/json-lsp/node_modules/vscode-langservers-extracted/node_modules/vscode-jsonrpc/lib/common/connection.js:443:20)\n    at Immediate.<anonymous> (/home/khel/dotfiles/local/.local/share/nvim/mason/packages/json-lsp/node_modules/vscode-langservers-extracted/node_modules/vscode-jsonrpc/lib/common/connection.js:413:30)\n    at process.processImmediate (node:internal/timers:505:21)"
[START][2025-05-23 17:46:57] LSP logging initiated
[WARN][2025-05-23 17:46:57] ...m/lsp/client.lua:1130	"server_request: no handler found for"	"workspace/diagnostic/refresh"
[ERROR][2025-05-23 17:46:58] ...lsp/handlers.lua:562	"Unhandled exception: MethodNotFound\nError: MethodNotFound\n    at handleResponse (/home/khel/dotfiles/local/.local/share/nvim/mason/packages/json-lsp/node_modules/vscode-langservers-extracted/node_modules/vscode-jsonrpc/lib/common/connection.js:606:48)\n    at handleMessage (/home/khel/dotfiles/local/.local/share/nvim/mason/packages/json-lsp/node_modules/vscode-langservers-extracted/node_modules/vscode-jsonrpc/lib/common/connection.js:443:20)\n    at Immediate.<anonymous> (/home/khel/dotfiles/local/.local/share/nvim/mason/packages/json-lsp/node_modules/vscode-langservers-extracted/node_modules/vscode-jsonrpc/lib/common/connection.js:413:30)\n    at process.processImmediate (node:internal/timers:505:21)"
[START][2025-05-23 22:13:24] LSP logging initiated
[ERROR][2025-05-23 22:13:24] ...p/_transport.lua:36	"rpc"	"golangci-lint-langserver"	"stderr"	"2025/05/23 22:13:24 golangci-lint-langserver: connections opened\n"
[ERROR][2025-05-23 22:36:32] ...lsp/handlers.lua:562	"2025/05/23 22:36:32 signature help failed: cannot get type for Fun *ast.SelectorExpr (&{time Duration})\n\tposition=70:114\n"
[ERROR][2025-05-23 23:04:07] ...p/_transport.lua:36	"rpc"	"golangci-lint-langserver"	"stderr"	'2025/05/23 23:04:07 jsonrpc2 handler: notification "exit" handling error: jsonrpc2: code -32601 message: method not supported: exit\n'
[START][2025-05-24 18:16:48] LSP logging initiated
[ERROR][2025-05-24 18:16:48] ...p/_transport.lua:36	"rpc"	"golangci-lint-langserver"	"stderr"	"2025/05/24 18:16:48 golangci-lint-langserver: connections opened\n"
[ERROR][2025-05-24 21:00:19] ...p/_transport.lua:36	"rpc"	"golangci-lint-langserver"	"stderr"	'2025/05/24 21:00:19 jsonrpc2 handler: notification "exit" handling error: jsonrpc2: code -32601 message: method not supported: exit\n'
[START][2025-05-26 15:53:15] LSP logging initiated
[ERROR][2025-05-26 15:53:15] ...p/_transport.lua:36	"rpc"	"golangci-lint-langserver"	"stderr"	"2025/05/26 15:53:15 golangci-lint-langserver: connections opened\n"
[START][2025-05-26 16:05:15] LSP logging initiated
[ERROR][2025-05-26 16:05:15] ...p/_transport.lua:36	"rpc"	"golangci-lint-langserver"	"stderr"	"2025/05/26 16:05:15 golangci-lint-langserver: connections opened\n"
[START][2025-05-26 16:38:38] LSP logging initiated
[ERROR][2025-05-26 16:38:38] ...p/_transport.lua:36	"rpc"	"golangci-lint-langserver"	"stderr"	"2025/05/26 16:38:38 golangci-lint-langserver: connections opened\n"
[ERROR][2025-05-26 17:14:27] ...p/_transport.lua:36	"rpc"	"golangci-lint-langserver"	"stderr"	'2025/05/26 17:14:27 jsonrpc2 handler: notification "exit" handling error: jsonrpc2: code -32601 message: method not supported: exit\n'
[START][2025-05-26 17:14:32] LSP logging initiated
[ERROR][2025-05-26 17:14:32] ...p/_transport.lua:36	"rpc"	"golangci-lint-langserver"	"stderr"	"2025/05/26 17:14:32 golangci-lint-langserver: connections opened\n"
[ERROR][2025-05-26 17:14:42] ...lsp/handlers.lua:562	"[default] Failed to fetch models from CAPI { status: 500, statusText: '' }"
[ERROR][2025-05-26 17:14:43] ...lsp/handlers.lua:562	"[default] Failed to fetch models from CAPI { status: 500, statusText: '' }"
[ERROR][2025-05-26 17:24:10] ...lsp/handlers.lua:562	"2025/05/26 17:24:10 signature help failed: call operand is not a func or type: *ast.Ident (askedQuestion)\n\tposition=42:16\n"
[ERROR][2025-05-26 17:24:12] ...lsp/handlers.lua:562	"2025/05/26 17:24:12 signature help failed: call operand is not a func or type: *ast.Ident (askedQuestion)\n\tposition=42:16\n"
[ERROR][2025-05-26 17:24:13] ...lsp/handlers.lua:562	"2025/05/26 17:24:13 signature help failed: call operand is not a func or type: *ast.Ident (askedQuestion)\n\tposition=42:30\n"
[ERROR][2025-05-26 17:24:13] ...lsp/handlers.lua:562	"2025/05/26 17:24:13 signature help failed: call operand is not a func or type: *ast.Ident (askedQuestion)\n\tposition=42:31\n"
[ERROR][2025-05-26 17:24:45] ...lsp/handlers.lua:562	"2025/05/26 17:24:45 signature help failed: cannot get type for Fun *ast.Ident (askQuestion)\n\tposition=42:14\n"
[ERROR][2025-05-26 17:27:04] ...lsp/handlers.lua:562	'[default] unhandledRejection: BugIndicatingError: Invalid range: [1032, 1020) from {"start":{"line":49,"character":26},"end":{"line":50,"character":0}}\n    at Ene.editFromLspContentChange (/home/khel/dotfiles/local/.local/share/nvim/lazy/copilot.lua/copilot/lib/src/nextEditSuggestions/observableLspWorkspace.ts:197:23)\n    at /home/khel/dotfiles/local/.local/share/nvim/lazy/copilot.lua/copilot/lib/src/nextEditSuggestions/observableLspWorkspace.ts:183:55\n    at Array.map (<anonymous>)\n    at Ene.editFromLspContentChanges (/home/khel/dotfiles/local/.local/share/nvim/lazy/copilot.lua/copilot/lib/src/nextEditSuggestions/observableLspWorkspace.ts:183:41)\n    at Ene.applyLspContentChanges (/home/khel/dotfiles/local/.local/share/nvim/lazy/copilot.lua/copilot/lib/src/nextEditSuggestions/observableLspWorkspace.ts:170:28)\n    at n6.onDidChangeLspDocument (/home/khel/dotfiles/local/.local/share/nvim/lazy/copilot.lua/copilot/lib/src/nextEditSuggestions/observableLspWorkspace.ts:83:17)\n    at /home/khel/dotfiles/local/.local/share/nvim/lazy/copilot.lua/copilot/lib/src/nextEditSuggestions/observableLspWorkspace.ts:63:18\n    at EventEmitter.emit (node:events:507:28)\n    at lme.update (/home/khel/dotfiles/local/.local/share/nvim/lazy/copilot.lua/copilot/agent/src/textDocumentManager.ts:66:26)\n    at /home/khel/dotfiles/local/.local/share/nvim/lazy/copilot.lua/copilot/agent/src/textDocumentManager.ts:134:66'
[ERROR][2025-05-26 17:27:06] ...lsp/handlers.lua:562	'[default] unhandledRejection: BugIndicatingError: Invalid range: [1014, 1006) from {"start":{"line":48,"character":37},"end":{"line":49,"character":0}}\n    at Ene.editFromLspContentChange (/home/khel/dotfiles/local/.local/share/nvim/lazy/copilot.lua/copilot/lib/src/nextEditSuggestions/observableLspWorkspace.ts:197:23)\n    at /home/khel/dotfiles/local/.local/share/nvim/lazy/copilot.lua/copilot/lib/src/nextEditSuggestions/observableLspWorkspace.ts:183:55\n    at Array.map (<anonymous>)\n    at Ene.editFromLspContentChanges (/home/khel/dotfiles/local/.local/share/nvim/lazy/copilot.lua/copilot/lib/src/nextEditSuggestions/observableLspWorkspace.ts:183:41)\n    at Ene.applyLspContentChanges (/home/khel/dotfiles/local/.local/share/nvim/lazy/copilot.lua/copilot/lib/src/nextEditSuggestions/observableLspWorkspace.ts:170:28)\n    at n6.onDidChangeLspDocument (/home/khel/dotfiles/local/.local/share/nvim/lazy/copilot.lua/copilot/lib/src/nextEditSuggestions/observableLspWorkspace.ts:83:17)\n    at /home/khel/dotfiles/local/.local/share/nvim/lazy/copilot.lua/copilot/lib/src/nextEditSuggestions/observableLspWorkspace.ts:63:18\n    at EventEmitter.emit (node:events:507:28)\n    at lme.update (/home/khel/dotfiles/local/.local/share/nvim/lazy/copilot.lua/copilot/agent/src/textDocumentManager.ts:66:26)\n    at /home/khel/dotfiles/local/.local/share/nvim/lazy/copilot.lua/copilot/agent/src/textDocumentManager.ts:134:66'
[ERROR][2025-05-26 17:27:35] ...lsp/handlers.lua:562	'[default] unhandledRejection: BugIndicatingError: Invalid range: [1014, 1006) from {"start":{"line":48,"character":37},"end":{"line":49,"character":0}}\n    at Ene.editFromLspContentChange (/home/khel/dotfiles/local/.local/share/nvim/lazy/copilot.lua/copilot/lib/src/nextEditSuggestions/observableLspWorkspace.ts:197:23)\n    at /home/khel/dotfiles/local/.local/share/nvim/lazy/copilot.lua/copilot/lib/src/nextEditSuggestions/observableLspWorkspace.ts:183:55\n    at Array.map (<anonymous>)\n    at Ene.editFromLspContentChanges (/home/khel/dotfiles/local/.local/share/nvim/lazy/copilot.lua/copilot/lib/src/nextEditSuggestions/observableLspWorkspace.ts:183:41)\n    at Ene.applyLspContentChanges (/home/khel/dotfiles/local/.local/share/nvim/lazy/copilot.lua/copilot/lib/src/nextEditSuggestions/observableLspWorkspace.ts:170:28)\n    at n6.onDidChangeLspDocument (/home/khel/dotfiles/local/.local/share/nvim/lazy/copilot.lua/copilot/lib/src/nextEditSuggestions/observableLspWorkspace.ts:83:17)\n    at /home/khel/dotfiles/local/.local/share/nvim/lazy/copilot.lua/copilot/lib/src/nextEditSuggestions/observableLspWorkspace.ts:63:18\n    at EventEmitter.emit (node:events:507:28)\n    at lme.update (/home/khel/dotfiles/local/.local/share/nvim/lazy/copilot.lua/copilot/agent/src/textDocumentManager.ts:66:26)\n    at /home/khel/dotfiles/local/.local/share/nvim/lazy/copilot.lua/copilot/agent/src/textDocumentManager.ts:134:66'
[ERROR][2025-05-26 17:27:50] ...lsp/handlers.lua:562	'[default] unhandledRejection: BugIndicatingError: Invalid range: [1105, 1095) from {"start":{"line":51,"character":27},"end":{"line":52,"character":0}}\n    at Ene.editFromLspContentChange (/home/khel/dotfiles/local/.local/share/nvim/lazy/copilot.lua/copilot/lib/src/nextEditSuggestions/observableLspWorkspace.ts:197:23)\n    at /home/khel/dotfiles/local/.local/share/nvim/lazy/copilot.lua/copilot/lib/src/nextEditSuggestions/observableLspWorkspace.ts:183:55\n    at Array.map (<anonymous>)\n    at Ene.editFromLspContentChanges (/home/khel/dotfiles/local/.local/share/nvim/lazy/copilot.lua/copilot/lib/src/nextEditSuggestions/observableLspWorkspace.ts:183:41)\n    at Ene.applyLspContentChanges (/home/khel/dotfiles/local/.local/share/nvim/lazy/copilot.lua/copilot/lib/src/nextEditSuggestions/observableLspWorkspace.ts:170:28)\n    at n6.onDidChangeLspDocument (/home/khel/dotfiles/local/.local/share/nvim/lazy/copilot.lua/copilot/lib/src/nextEditSuggestions/observableLspWorkspace.ts:83:17)\n    at /home/khel/dotfiles/local/.local/share/nvim/lazy/copilot.lua/copilot/lib/src/nextEditSuggestions/observableLspWorkspace.ts:63:18\n    at EventEmitter.emit (node:events:507:28)\n    at lme.update (/home/khel/dotfiles/local/.local/share/nvim/lazy/copilot.lua/copilot/agent/src/textDocumentManager.ts:66:26)\n    at /home/khel/dotfiles/local/.local/share/nvim/lazy/copilot.lua/copilot/agent/src/textDocumentManager.ts:134:66'
[ERROR][2025-05-26 18:14:30] ...lsp/handlers.lua:562	"2025/05/26 18:14:30 signature help failed: call operand is not a func or type: *ast.Ident (close)\n\tposition=41:13\n"
[ERROR][2025-05-26 18:27:50] ...p/_transport.lua:36	"rpc"	"golangci-lint-langserver"	"stderr"	'2025/05/26 18:27:50 jsonrpc2 handler: notification "exit" handling error: jsonrpc2: code -32601 message: method not supported: exit\n'
[START][2025-05-26 18:28:11] LSP logging initiated
[ERROR][2025-05-26 18:28:11] ...p/_transport.lua:36	"rpc"	"golangci-lint-langserver"	"stderr"	"2025/05/26 18:28:11 golangci-lint-langserver: connections opened\n"
[ERROR][2025-05-26 18:48:09] ...lsp/handlers.lua:562	"2025/05/26 18:48:09 signature help failed: cannot get type for Fun *ast.Ident (stringReader)\n\tposition=96:72\n"
[ERROR][2025-05-26 18:48:10] ...lsp/handlers.lua:562	"2025/05/26 18:48:10 signature help failed: cannot get type for Fun *ast.Ident (stringReader)\n\tposition=96:71\n"
[WARN][2025-05-26 19:01:24] ...lsp/handlers.lua:564	"[fetchCompletions] Response status was 401: unauthorized: token expired\n"
[WARN][2025-05-26 19:01:24] ...lsp/handlers.lua:564	"[fetchCompletions] Response status was 401: unauthorized: token expired\n"
[ERROR][2025-05-26 19:09:31] ...lsp/handlers.lua:562	"2025/05/26 19:09:31 signature help failed: cannot get type for Fun *ast.Ident (stringReader)\n\tposition=96:72\n"
[ERROR][2025-05-26 19:09:32] ...lsp/handlers.lua:562	"2025/05/26 19:09:32 signature help failed: cannot get type for Fun *ast.Ident (stringReader)\n\tposition=96:71\n"
[ERROR][2025-05-26 19:11:54] ...lsp/handlers.lua:562	"2025/05/26 19:11:54 signature help failed: cannot get type for Fun *ast.Ident (stringReader)\n\tposition=73:75\n"
[ERROR][2025-05-26 19:11:54] ...lsp/handlers.lua:562	"2025/05/26 19:11:54 signature help failed: cannot get type for Fun *ast.Ident (stringReader)\n\tposition=73:76\n"
[ERROR][2025-05-26 19:31:26] ...p/_transport.lua:36	"rpc"	"golangci-lint-langserver"	"stderr"	'2025/05/26 19:31:26 jsonrpc2 handler: notification "exit" handling error: jsonrpc2: code -32601 message: method not supported: exit\n'
[START][2025-05-26 19:35:29] LSP logging initiated
[ERROR][2025-05-26 19:35:29] ...p/_transport.lua:36	"rpc"	"golangci-lint-langserver"	"stderr"	"2025/05/26 19:35:29 golangci-lint-langserver: connections opened\n"
[ERROR][2025-05-26 21:01:08] ...lsp/handlers.lua:562	"[lsp] Request getCompletions: FetchError: getaddrinfo EAI_AGAIN api.github.com\n    at fetch (/home/khel/dotfiles/local/.local/share/nvim/lazy/copilot.lua/copilot/node_modules/@adobe/helix-fetch/src/fetch/index.js:99:11)\n    at processTicksAndRejections (node:internal/process/task_queues:105:5)\n    at cachingFetch (/home/khel/dotfiles/local/.local/share/nvim/lazy/copilot.lua/copilot/node_modules/@adobe/helix-fetch/src/fetch/index.js:288:16)\n    at OT.fetch (/home/khel/dotfiles/local/.local/share/nvim/lazy/copilot.lua/copilot/lib/src/network/helix.ts:94:22)\n    at apiFetch (/home/khel/dotfiles/local/.local/share/nvim/lazy/copilot.lua/copilot/lib/src/network/github.ts:22:12)\n    at fetchCopilotToken (/home/khel/dotfiles/local/.local/share/nvim/lazy/copilot.lua/copilot/lib/src/auth/copilotToken.ts:227:16)\n    at authFromGitHubToken (/home/khel/dotfiles/local/.local/share/nvim/lazy/copilot.lua/copilot/lib/src/auth/copilotToken.ts:150:22)\n    at n8.fetchCopilotTokenEnvelope (/home/khel/dotfiles/local/.local/share/nvim/lazy/copilot.lua/copilot/lib/src/auth/copilotTokenManager.ts:88:29)\n    at n8.getToken (/home/khel/dotfiles/local/.local/share/nvim/lazy/copilot.lua/copilot/lib/src/auth/copilotTokenManager.ts:157:16)\n    at kn.getTokenWithSignUpLimited (/home/khel/dotfiles/local/.local/share/nvim/lazy/copilot.lua/copilot/lib/src/auth/manager.ts:155:13) {\n  type: 'system',\n  _name: 'FetchError',\n  code: 'EAI_AGAIN',\n  errno: -3001,\n  erroredSysCall: 'getaddrinfo'\n}"
[ERROR][2025-05-26 21:01:08] ...lsp/handlers.lua:562	"[lsp] Request getCompletions: FetchError: getaddrinfo EAI_AGAIN api.github.com\n    at fetch (/home/khel/dotfiles/local/.local/share/nvim/lazy/copilot.lua/copilot/node_modules/@adobe/helix-fetch/src/fetch/index.js:99:11)\n    at processTicksAndRejections (node:internal/process/task_queues:105:5)\n    at cachingFetch (/home/khel/dotfiles/local/.local/share/nvim/lazy/copilot.lua/copilot/node_modules/@adobe/helix-fetch/src/fetch/index.js:288:16)\n    at OT.fetch (/home/khel/dotfiles/local/.local/share/nvim/lazy/copilot.lua/copilot/lib/src/network/helix.ts:94:22)\n    at apiFetch (/home/khel/dotfiles/local/.local/share/nvim/lazy/copilot.lua/copilot/lib/src/network/github.ts:22:12)\n    at fetchCopilotToken (/home/khel/dotfiles/local/.local/share/nvim/lazy/copilot.lua/copilot/lib/src/auth/copilotToken.ts:227:16)\n    at authFromGitHubToken (/home/khel/dotfiles/local/.local/share/nvim/lazy/copilot.lua/copilot/lib/src/auth/copilotToken.ts:150:22)\n    at n8.fetchCopilotTokenEnvelope (/home/khel/dotfiles/local/.local/share/nvim/lazy/copilot.lua/copilot/lib/src/auth/copilotTokenManager.ts:88:29)\n    at n8.getToken (/home/khel/dotfiles/local/.local/share/nvim/lazy/copilot.lua/copilot/lib/src/auth/copilotTokenManager.ts:157:16)\n    at kn.getTokenWithSignUpLimited (/home/khel/dotfiles/local/.local/share/nvim/lazy/copilot.lua/copilot/lib/src/auth/manager.ts:155:13) {\n  type: 'system',\n  _name: 'FetchError',\n  code: 'EAI_AGAIN',\n  errno: -3001,\n  erroredSysCall: 'getaddrinfo'\n}"
[ERROR][2025-05-26 21:01:08] ...lsp/handlers.lua:562	"[lsp] Request getCompletions: FetchError: getaddrinfo EAI_AGAIN api.github.com\n    at fetch (/home/khel/dotfiles/local/.local/share/nvim/lazy/copilot.lua/copilot/node_modules/@adobe/helix-fetch/src/fetch/index.js:99:11)\n    at processTicksAndRejections (node:internal/process/task_queues:105:5)\n    at cachingFetch (/home/khel/dotfiles/local/.local/share/nvim/lazy/copilot.lua/copilot/node_modules/@adobe/helix-fetch/src/fetch/index.js:288:16)\n    at OT.fetch (/home/khel/dotfiles/local/.local/share/nvim/lazy/copilot.lua/copilot/lib/src/network/helix.ts:94:22)\n    at apiFetch (/home/khel/dotfiles/local/.local/share/nvim/lazy/copilot.lua/copilot/lib/src/network/github.ts:22:12)\n    at fetchCopilotToken (/home/khel/dotfiles/local/.local/share/nvim/lazy/copilot.lua/copilot/lib/src/auth/copilotToken.ts:227:16)\n    at authFromGitHubToken (/home/khel/dotfiles/local/.local/share/nvim/lazy/copilot.lua/copilot/lib/src/auth/copilotToken.ts:150:22)\n    at n8.fetchCopilotTokenEnvelope (/home/khel/dotfiles/local/.local/share/nvim/lazy/copilot.lua/copilot/lib/src/auth/copilotTokenManager.ts:88:29)\n    at n8.getToken (/home/khel/dotfiles/local/.local/share/nvim/lazy/copilot.lua/copilot/lib/src/auth/copilotTokenManager.ts:157:16)\n    at kn.getTokenWithSignUpLimited (/home/khel/dotfiles/local/.local/share/nvim/lazy/copilot.lua/copilot/lib/src/auth/manager.ts:155:13) {\n  type: 'system',\n  _name: 'FetchError',\n  code: 'EAI_AGAIN',\n  errno: -3001,\n  erroredSysCall: 'getaddrinfo'\n}"
[ERROR][2025-05-26 21:01:09] ...lsp/handlers.lua:562	"[lsp] Request getCompletions: FetchError: getaddrinfo EAI_AGAIN api.github.com\n    at fetch (/home/khel/dotfiles/local/.local/share/nvim/lazy/copilot.lua/copilot/node_modules/@adobe/helix-fetch/src/fetch/index.js:99:11)\n    at processTicksAndRejections (node:internal/process/task_queues:105:5)\n    at cachingFetch (/home/khel/dotfiles/local/.local/share/nvim/lazy/copilot.lua/copilot/node_modules/@adobe/helix-fetch/src/fetch/index.js:288:16)\n    at OT.fetch (/home/khel/dotfiles/local/.local/share/nvim/lazy/copilot.lua/copilot/lib/src/network/helix.ts:94:22)\n    at apiFetch (/home/khel/dotfiles/local/.local/share/nvim/lazy/copilot.lua/copilot/lib/src/network/github.ts:22:12)\n    at fetchCopilotToken (/home/khel/dotfiles/local/.local/share/nvim/lazy/copilot.lua/copilot/lib/src/auth/copilotToken.ts:227:16)\n    at authFromGitHubToken (/home/khel/dotfiles/local/.local/share/nvim/lazy/copilot.lua/copilot/lib/src/auth/copilotToken.ts:150:22)\n    at n8.fetchCopilotTokenEnvelope (/home/khel/dotfiles/local/.local/share/nvim/lazy/copilot.lua/copilot/lib/src/auth/copilotTokenManager.ts:88:29)\n    at n8.getToken (/home/khel/dotfiles/local/.local/share/nvim/lazy/copilot.lua/copilot/lib/src/auth/copilotTokenManager.ts:157:16)\n    at kn.getTokenWithSignUpLimited (/home/khel/dotfiles/local/.local/share/nvim/lazy/copilot.lua/copilot/lib/src/auth/manager.ts:155:13) {\n  type: 'system',\n  _name: 'FetchError',\n  code: 'EAI_AGAIN',\n  errno: -3001,\n  erroredSysCall: 'getaddrinfo'\n}"
[ERROR][2025-05-26 21:01:09] ...lsp/handlers.lua:562	"[lsp] Request getCompletions: FetchError: getaddrinfo EAI_AGAIN api.github.com\n    at fetch (/home/khel/dotfiles/local/.local/share/nvim/lazy/copilot.lua/copilot/node_modules/@adobe/helix-fetch/src/fetch/index.js:99:11)\n    at processTicksAndRejections (node:internal/process/task_queues:105:5)\n    at cachingFetch (/home/khel/dotfiles/local/.local/share/nvim/lazy/copilot.lua/copilot/node_modules/@adobe/helix-fetch/src/fetch/index.js:288:16)\n    at OT.fetch (/home/khel/dotfiles/local/.local/share/nvim/lazy/copilot.lua/copilot/lib/src/network/helix.ts:94:22)\n    at apiFetch (/home/khel/dotfiles/local/.local/share/nvim/lazy/copilot.lua/copilot/lib/src/network/github.ts:22:12)\n    at fetchCopilotToken (/home/khel/dotfiles/local/.local/share/nvim/lazy/copilot.lua/copilot/lib/src/auth/copilotToken.ts:227:16)\n    at authFromGitHubToken (/home/khel/dotfiles/local/.local/share/nvim/lazy/copilot.lua/copilot/lib/src/auth/copilotToken.ts:150:22)\n    at n8.fetchCopilotTokenEnvelope (/home/khel/dotfiles/local/.local/share/nvim/lazy/copilot.lua/copilot/lib/src/auth/copilotTokenManager.ts:88:29)\n    at n8.getToken (/home/khel/dotfiles/local/.local/share/nvim/lazy/copilot.lua/copilot/lib/src/auth/copilotTokenManager.ts:157:16)\n    at kn.getTokenWithSignUpLimited (/home/khel/dotfiles/local/.local/share/nvim/lazy/copilot.lua/copilot/lib/src/auth/manager.ts:155:13) {\n  type: 'system',\n  _name: 'FetchError',\n  code: 'EAI_AGAIN',\n  errno: -3001,\n  erroredSysCall: 'getaddrinfo'\n}"
[ERROR][2025-05-26 21:01:09] ...lsp/handlers.lua:562	"[lsp] Request getCompletions: FetchError: getaddrinfo EAI_AGAIN api.github.com\n    at fetch (/home/khel/dotfiles/local/.local/share/nvim/lazy/copilot.lua/copilot/node_modules/@adobe/helix-fetch/src/fetch/index.js:99:11)\n    at processTicksAndRejections (node:internal/process/task_queues:105:5)\n    at cachingFetch (/home/khel/dotfiles/local/.local/share/nvim/lazy/copilot.lua/copilot/node_modules/@adobe/helix-fetch/src/fetch/index.js:288:16)\n    at OT.fetch (/home/khel/dotfiles/local/.local/share/nvim/lazy/copilot.lua/copilot/lib/src/network/helix.ts:94:22)\n    at apiFetch (/home/khel/dotfiles/local/.local/share/nvim/lazy/copilot.lua/copilot/lib/src/network/github.ts:22:12)\n    at fetchCopilotToken (/home/khel/dotfiles/local/.local/share/nvim/lazy/copilot.lua/copilot/lib/src/auth/copilotToken.ts:227:16)\n    at authFromGitHubToken (/home/khel/dotfiles/local/.local/share/nvim/lazy/copilot.lua/copilot/lib/src/auth/copilotToken.ts:150:22)\n    at n8.fetchCopilotTokenEnvelope (/home/khel/dotfiles/local/.local/share/nvim/lazy/copilot.lua/copilot/lib/src/auth/copilotTokenManager.ts:88:29)\n    at n8.getToken (/home/khel/dotfiles/local/.local/share/nvim/lazy/copilot.lua/copilot/lib/src/auth/copilotTokenManager.ts:157:16)\n    at kn.getTokenWithSignUpLimited (/home/khel/dotfiles/local/.local/share/nvim/lazy/copilot.lua/copilot/lib/src/auth/manager.ts:155:13) {\n  type: 'system',\n  _name: 'FetchError',\n  code: 'EAI_AGAIN',\n  errno: -3001,\n  erroredSysCall: 'getaddrinfo'\n}"
[ERROR][2025-05-26 21:01:12] ...lsp/handlers.lua:562	"[lsp] Request getCompletions: FetchError: getaddrinfo EAI_AGAIN api.github.com\n    at fetch (/home/khel/dotfiles/local/.local/share/nvim/lazy/copilot.lua/copilot/node_modules/@adobe/helix-fetch/src/fetch/index.js:99:11)\n    at processTicksAndRejections (node:internal/process/task_queues:105:5)\n    at cachingFetch (/home/khel/dotfiles/local/.local/share/nvim/lazy/copilot.lua/copilot/node_modules/@adobe/helix-fetch/src/fetch/index.js:288:16)\n    at OT.fetch (/home/khel/dotfiles/local/.local/share/nvim/lazy/copilot.lua/copilot/lib/src/network/helix.ts:94:22)\n    at apiFetch (/home/khel/dotfiles/local/.local/share/nvim/lazy/copilot.lua/copilot/lib/src/network/github.ts:22:12)\n    at fetchCopilotToken (/home/khel/dotfiles/local/.local/share/nvim/lazy/copilot.lua/copilot/lib/src/auth/copilotToken.ts:227:16)\n    at authFromGitHubToken (/home/khel/dotfiles/local/.local/share/nvim/lazy/copilot.lua/copilot/lib/src/auth/copilotToken.ts:150:22)\n    at n8.fetchCopilotTokenEnvelope (/home/khel/dotfiles/local/.local/share/nvim/lazy/copilot.lua/copilot/lib/src/auth/copilotTokenManager.ts:88:29)\n    at n8.getToken (/home/khel/dotfiles/local/.local/share/nvim/lazy/copilot.lua/copilot/lib/src/auth/copilotTokenManager.ts:157:16)\n    at kn.getTokenWithSignUpLimited (/home/khel/dotfiles/local/.local/share/nvim/lazy/copilot.lua/copilot/lib/src/auth/manager.ts:155:13) {\n  type: 'system',\n  _name: 'FetchError',\n  code: 'EAI_AGAIN',\n  errno: -3001,\n  erroredSysCall: 'getaddrinfo'\n}"
[ERROR][2025-05-26 21:01:12] ...lsp/handlers.lua:562	"[lsp] Request getCompletions: FetchError: getaddrinfo EAI_AGAIN api.github.com\n    at fetch (/home/khel/dotfiles/local/.local/share/nvim/lazy/copilot.lua/copilot/node_modules/@adobe/helix-fetch/src/fetch/index.js:99:11)\n    at processTicksAndRejections (node:internal/process/task_queues:105:5)\n    at cachingFetch (/home/khel/dotfiles/local/.local/share/nvim/lazy/copilot.lua/copilot/node_modules/@adobe/helix-fetch/src/fetch/index.js:288:16)\n    at OT.fetch (/home/khel/dotfiles/local/.local/share/nvim/lazy/copilot.lua/copilot/lib/src/network/helix.ts:94:22)\n    at apiFetch (/home/khel/dotfiles/local/.local/share/nvim/lazy/copilot.lua/copilot/lib/src/network/github.ts:22:12)\n    at fetchCopilotToken (/home/khel/dotfiles/local/.local/share/nvim/lazy/copilot.lua/copilot/lib/src/auth/copilotToken.ts:227:16)\n    at authFromGitHubToken (/home/khel/dotfiles/local/.local/share/nvim/lazy/copilot.lua/copilot/lib/src/auth/copilotToken.ts:150:22)\n    at n8.fetchCopilotTokenEnvelope (/home/khel/dotfiles/local/.local/share/nvim/lazy/copilot.lua/copilot/lib/src/auth/copilotTokenManager.ts:88:29)\n    at n8.getToken (/home/khel/dotfiles/local/.local/share/nvim/lazy/copilot.lua/copilot/lib/src/auth/copilotTokenManager.ts:157:16)\n    at kn.getTokenWithSignUpLimited (/home/khel/dotfiles/local/.local/share/nvim/lazy/copilot.lua/copilot/lib/src/auth/manager.ts:155:13) {\n  type: 'system',\n  _name: 'FetchError',\n  code: 'EAI_AGAIN',\n  errno: -3001,\n  erroredSysCall: 'getaddrinfo'\n}"
[ERROR][2025-05-26 21:01:13] ...lsp/handlers.lua:562	"[lsp] Request getCompletions: FetchError: getaddrinfo EAI_AGAIN api.github.com\n    at fetch (/home/khel/dotfiles/local/.local/share/nvim/lazy/copilot.lua/copilot/node_modules/@adobe/helix-fetch/src/fetch/index.js:99:11)\n    at processTicksAndRejections (node:internal/process/task_queues:105:5)\n    at cachingFetch (/home/khel/dotfiles/local/.local/share/nvim/lazy/copilot.lua/copilot/node_modules/@adobe/helix-fetch/src/fetch/index.js:288:16)\n    at OT.fetch (/home/khel/dotfiles/local/.local/share/nvim/lazy/copilot.lua/copilot/lib/src/network/helix.ts:94:22)\n    at apiFetch (/home/khel/dotfiles/local/.local/share/nvim/lazy/copilot.lua/copilot/lib/src/network/github.ts:22:12)\n    at fetchCopilotToken (/home/khel/dotfiles/local/.local/share/nvim/lazy/copilot.lua/copilot/lib/src/auth/copilotToken.ts:227:16)\n    at authFromGitHubToken (/home/khel/dotfiles/local/.local/share/nvim/lazy/copilot.lua/copilot/lib/src/auth/copilotToken.ts:150:22)\n    at n8.fetchCopilotTokenEnvelope (/home/khel/dotfiles/local/.local/share/nvim/lazy/copilot.lua/copilot/lib/src/auth/copilotTokenManager.ts:88:29)\n    at n8.getToken (/home/khel/dotfiles/local/.local/share/nvim/lazy/copilot.lua/copilot/lib/src/auth/copilotTokenManager.ts:157:16)\n    at kn.getTokenWithSignUpLimited (/home/khel/dotfiles/local/.local/share/nvim/lazy/copilot.lua/copilot/lib/src/auth/manager.ts:155:13) {\n  type: 'system',\n  _name: 'FetchError',\n  code: 'EAI_AGAIN',\n  errno: -3001,\n  erroredSysCall: 'getaddrinfo'\n}"
[ERROR][2025-05-26 21:01:13] ...lsp/handlers.lua:562	"[lsp] Request getCompletions: FetchError: getaddrinfo EAI_AGAIN api.github.com\n    at fetch (/home/khel/dotfiles/local/.local/share/nvim/lazy/copilot.lua/copilot/node_modules/@adobe/helix-fetch/src/fetch/index.js:99:11)\n    at processTicksAndRejections (node:internal/process/task_queues:105:5)\n    at cachingFetch (/home/khel/dotfiles/local/.local/share/nvim/lazy/copilot.lua/copilot/node_modules/@adobe/helix-fetch/src/fetch/index.js:288:16)\n    at OT.fetch (/home/khel/dotfiles/local/.local/share/nvim/lazy/copilot.lua/copilot/lib/src/network/helix.ts:94:22)\n    at apiFetch (/home/khel/dotfiles/local/.local/share/nvim/lazy/copilot.lua/copilot/lib/src/network/github.ts:22:12)\n    at fetchCopilotToken (/home/khel/dotfiles/local/.local/share/nvim/lazy/copilot.lua/copilot/lib/src/auth/copilotToken.ts:227:16)\n    at authFromGitHubToken (/home/khel/dotfiles/local/.local/share/nvim/lazy/copilot.lua/copilot/lib/src/auth/copilotToken.ts:150:22)\n    at n8.fetchCopilotTokenEnvelope (/home/khel/dotfiles/local/.local/share/nvim/lazy/copilot.lua/copilot/lib/src/auth/copilotTokenManager.ts:88:29)\n    at n8.getToken (/home/khel/dotfiles/local/.local/share/nvim/lazy/copilot.lua/copilot/lib/src/auth/copilotTokenManager.ts:157:16)\n    at kn.getTokenWithSignUpLimited (/home/khel/dotfiles/local/.local/share/nvim/lazy/copilot.lua/copilot/lib/src/auth/manager.ts:155:13) {\n  type: 'system',\n  _name: 'FetchError',\n  code: 'EAI_AGAIN',\n  errno: -3001,\n  erroredSysCall: 'getaddrinfo'\n}"
[ERROR][2025-05-26 21:01:13] ...lsp/handlers.lua:562	"[lsp] Request getCompletions: FetchError: getaddrinfo EAI_AGAIN api.github.com\n    at fetch (/home/khel/dotfiles/local/.local/share/nvim/lazy/copilot.lua/copilot/node_modules/@adobe/helix-fetch/src/fetch/index.js:99:11)\n    at processTicksAndRejections (node:internal/process/task_queues:105:5)\n    at cachingFetch (/home/khel/dotfiles/local/.local/share/nvim/lazy/copilot.lua/copilot/node_modules/@adobe/helix-fetch/src/fetch/index.js:288:16)\n    at OT.fetch (/home/khel/dotfiles/local/.local/share/nvim/lazy/copilot.lua/copilot/lib/src/network/helix.ts:94:22)\n    at apiFetch (/home/khel/dotfiles/local/.local/share/nvim/lazy/copilot.lua/copilot/lib/src/network/github.ts:22:12)\n    at fetchCopilotToken (/home/khel/dotfiles/local/.local/share/nvim/lazy/copilot.lua/copilot/lib/src/auth/copilotToken.ts:227:16)\n    at authFromGitHubToken (/home/khel/dotfiles/local/.local/share/nvim/lazy/copilot.lua/copilot/lib/src/auth/copilotToken.ts:150:22)\n    at n8.fetchCopilotTokenEnvelope (/home/khel/dotfiles/local/.local/share/nvim/lazy/copilot.lua/copilot/lib/src/auth/copilotTokenManager.ts:88:29)\n    at n8.getToken (/home/khel/dotfiles/local/.local/share/nvim/lazy/copilot.lua/copilot/lib/src/auth/copilotTokenManager.ts:157:16)\n    at kn.getTokenWithSignUpLimited (/home/khel/dotfiles/local/.local/share/nvim/lazy/copilot.lua/copilot/lib/src/auth/manager.ts:155:13) {\n  type: 'system',\n  _name: 'FetchError',\n  code: 'EAI_AGAIN',\n  errno: -3001,\n  erroredSysCall: 'getaddrinfo'\n}"
[ERROR][2025-05-26 21:01:23] ...lsp/handlers.lua:562	"[default] Error sending telemetry FetchError: getaddrinfo EAI_AGAIN telemetry.individual.githubcopilot.com\n    at fetch (/home/khel/dotfiles/local/.local/share/nvim/lazy/copilot.lua/copilot/node_modules/@adobe/helix-fetch/src/fetch/index.js:99:11)\n    at processTicksAndRejections (node:internal/process/task_queues:105:5)\n    at cachingFetch (/home/khel/dotfiles/local/.local/share/nvim/lazy/copilot.lua/copilot/node_modules/@adobe/helix-fetch/src/fetch/index.js:288:16)\n    at OT.fetch (/home/khel/dotfiles/local/.local/share/nvim/lazy/copilot.lua/copilot/lib/src/network/helix.ts:94:22) {\n  type: 'system',\n  _name: 'FetchError',\n  code: 'EAI_AGAIN',\n  errno: -3001,\n  erroredSysCall: 'getaddrinfo'\n}"
[ERROR][2025-05-26 21:01:23] ...lsp/handlers.lua:562	"[default] Error sending telemetry FetchError: getaddrinfo EAI_AGAIN telemetry.individual.githubcopilot.com\n    at fetch (/home/khel/dotfiles/local/.local/share/nvim/lazy/copilot.lua/copilot/node_modules/@adobe/helix-fetch/src/fetch/index.js:99:11)\n    at processTicksAndRejections (node:internal/process/task_queues:105:5)\n    at cachingFetch (/home/khel/dotfiles/local/.local/share/nvim/lazy/copilot.lua/copilot/node_modules/@adobe/helix-fetch/src/fetch/index.js:288:16)\n    at OT.fetch (/home/khel/dotfiles/local/.local/share/nvim/lazy/copilot.lua/copilot/lib/src/network/helix.ts:94:22) {\n  type: 'system',\n  _name: 'FetchError',\n  code: 'EAI_AGAIN',\n  errno: -3001,\n  erroredSysCall: 'getaddrinfo'\n}"
[ERROR][2025-05-26 21:10:28] ...lsp/handlers.lua:562	'[default] unhandledRejection: BugIndicatingError: Invalid range: [867, 865) from {"start":{"character":13,"line":45},"end":{"character":0,"line":46}}\n    at Ene.editFromLspContentChange (/home/khel/dotfiles/local/.local/share/nvim/lazy/copilot.lua/copilot/lib/src/nextEditSuggestions/observableLspWorkspace.ts:197:23)\n    at /home/khel/dotfiles/local/.local/share/nvim/lazy/copilot.lua/copilot/lib/src/nextEditSuggestions/observableLspWorkspace.ts:183:55\n    at Array.map (<anonymous>)\n    at Ene.editFromLspContentChanges (/home/khel/dotfiles/local/.local/share/nvim/lazy/copilot.lua/copilot/lib/src/nextEditSuggestions/observableLspWorkspace.ts:183:41)\n    at Ene.applyLspContentChanges (/home/khel/dotfiles/local/.local/share/nvim/lazy/copilot.lua/copilot/lib/src/nextEditSuggestions/observableLspWorkspace.ts:170:28)\n    at n6.onDidChangeLspDocument (/home/khel/dotfiles/local/.local/share/nvim/lazy/copilot.lua/copilot/lib/src/nextEditSuggestions/observableLspWorkspace.ts:83:17)\n    at /home/khel/dotfiles/local/.local/share/nvim/lazy/copilot.lua/copilot/lib/src/nextEditSuggestions/observableLspWorkspace.ts:63:18\n    at EventEmitter.emit (node:events:507:28)\n    at lme.update (/home/khel/dotfiles/local/.local/share/nvim/lazy/copilot.lua/copilot/agent/src/textDocumentManager.ts:66:26)\n    at /home/khel/dotfiles/local/.local/share/nvim/lazy/copilot.lua/copilot/agent/src/textDocumentManager.ts:134:66'
[ERROR][2025-05-26 21:10:31] ...lsp/handlers.lua:562	'[default] unhandledRejection: BugIndicatingError: Invalid range: [867, 865) from {"start":{"character":13,"line":45},"end":{"character":0,"line":46}}\n    at Ene.editFromLspContentChange (/home/khel/dotfiles/local/.local/share/nvim/lazy/copilot.lua/copilot/lib/src/nextEditSuggestions/observableLspWorkspace.ts:197:23)\n    at /home/khel/dotfiles/local/.local/share/nvim/lazy/copilot.lua/copilot/lib/src/nextEditSuggestions/observableLspWorkspace.ts:183:55\n    at Array.map (<anonymous>)\n    at Ene.editFromLspContentChanges (/home/khel/dotfiles/local/.local/share/nvim/lazy/copilot.lua/copilot/lib/src/nextEditSuggestions/observableLspWorkspace.ts:183:41)\n    at Ene.applyLspContentChanges (/home/khel/dotfiles/local/.local/share/nvim/lazy/copilot.lua/copilot/lib/src/nextEditSuggestions/observableLspWorkspace.ts:170:28)\n    at n6.onDidChangeLspDocument (/home/khel/dotfiles/local/.local/share/nvim/lazy/copilot.lua/copilot/lib/src/nextEditSuggestions/observableLspWorkspace.ts:83:17)\n    at /home/khel/dotfiles/local/.local/share/nvim/lazy/copilot.lua/copilot/lib/src/nextEditSuggestions/observableLspWorkspace.ts:63:18\n    at EventEmitter.emit (node:events:507:28)\n    at lme.update (/home/khel/dotfiles/local/.local/share/nvim/lazy/copilot.lua/copilot/agent/src/textDocumentManager.ts:66:26)\n    at /home/khel/dotfiles/local/.local/share/nvim/lazy/copilot.lua/copilot/agent/src/textDocumentManager.ts:134:66'
[ERROR][2025-05-26 21:10:36] ...lsp/handlers.lua:562	'[default] unhandledRejection: BugIndicatingError: Invalid range: [1001, 990) from {"start":{"character":30,"line":54},"end":{"character":0,"line":55}}\n    at Ene.editFromLspContentChange (/home/khel/dotfiles/local/.local/share/nvim/lazy/copilot.lua/copilot/lib/src/nextEditSuggestions/observableLspWorkspace.ts:197:23)\n    at /home/khel/dotfiles/local/.local/share/nvim/lazy/copilot.lua/copilot/lib/src/nextEditSuggestions/observableLspWorkspace.ts:183:55\n    at Array.map (<anonymous>)\n    at Ene.editFromLspContentChanges (/home/khel/dotfiles/local/.local/share/nvim/lazy/copilot.lua/copilot/lib/src/nextEditSuggestions/observableLspWorkspace.ts:183:41)\n    at Ene.applyLspContentChanges (/home/khel/dotfiles/local/.local/share/nvim/lazy/copilot.lua/copilot/lib/src/nextEditSuggestions/observableLspWorkspace.ts:170:28)\n    at n6.onDidChangeLspDocument (/home/khel/dotfiles/local/.local/share/nvim/lazy/copilot.lua/copilot/lib/src/nextEditSuggestions/observableLspWorkspace.ts:83:17)\n    at /home/khel/dotfiles/local/.local/share/nvim/lazy/copilot.lua/copilot/lib/src/nextEditSuggestions/observableLspWorkspace.ts:63:18\n    at EventEmitter.emit (node:events:507:28)\n    at lme.update (/home/khel/dotfiles/local/.local/share/nvim/lazy/copilot.lua/copilot/agent/src/textDocumentManager.ts:66:26)\n    at /home/khel/dotfiles/local/.local/share/nvim/lazy/copilot.lua/copilot/agent/src/textDocumentManager.ts:134:66'
[ERROR][2025-05-26 21:10:37] ...lsp/handlers.lua:562	'[default] unhandledRejection: BugIndicatingError: Invalid range: [942, 928) from {"start":{"character":46,"line":50},"end":{"character":0,"line":51}}\n    at Ene.editFromLspContentChange (/home/khel/dotfiles/local/.local/share/nvim/lazy/copilot.lua/copilot/lib/src/nextEditSuggestions/observableLspWorkspace.ts:197:23)\n    at /home/khel/dotfiles/local/.local/share/nvim/lazy/copilot.lua/copilot/lib/src/nextEditSuggestions/observableLspWorkspace.ts:183:55\n    at Array.map (<anonymous>)\n    at Ene.editFromLspContentChanges (/home/khel/dotfiles/local/.local/share/nvim/lazy/copilot.lua/copilot/lib/src/nextEditSuggestions/observableLspWorkspace.ts:183:41)\n    at Ene.applyLspContentChanges (/home/khel/dotfiles/local/.local/share/nvim/lazy/copilot.lua/copilot/lib/src/nextEditSuggestions/observableLspWorkspace.ts:170:28)\n    at n6.onDidChangeLspDocument (/home/khel/dotfiles/local/.local/share/nvim/lazy/copilot.lua/copilot/lib/src/nextEditSuggestions/observableLspWorkspace.ts:83:17)\n    at /home/khel/dotfiles/local/.local/share/nvim/lazy/copilot.lua/copilot/lib/src/nextEditSuggestions/observableLspWorkspace.ts:63:18\n    at EventEmitter.emit (node:events:507:28)\n    at lme.update (/home/khel/dotfiles/local/.local/share/nvim/lazy/copilot.lua/copilot/agent/src/textDocumentManager.ts:66:26)\n    at /home/khel/dotfiles/local/.local/share/nvim/lazy/copilot.lua/copilot/agent/src/textDocumentManager.ts:134:66'
[ERROR][2025-05-26 21:10:37] ...lsp/handlers.lua:562	'[default] unhandledRejection: BugIndicatingError: Invalid range: [1009, 1007) from {"start":{"character":4,"line":57},"end":{"character":0,"line":58}}\n    at Ene.editFromLspContentChange (/home/khel/dotfiles/local/.local/share/nvim/lazy/copilot.lua/copilot/lib/src/nextEditSuggestions/observableLspWorkspace.ts:197:23)\n    at /home/khel/dotfiles/local/.local/share/nvim/lazy/copilot.lua/copilot/lib/src/nextEditSuggestions/observableLspWorkspace.ts:183:55\n    at Array.map (<anonymous>)\n    at Ene.editFromLspContentChanges (/home/khel/dotfiles/local/.local/share/nvim/lazy/copilot.lua/copilot/lib/src/nextEditSuggestions/observableLspWorkspace.ts:183:41)\n    at Ene.applyLspContentChanges (/home/khel/dotfiles/local/.local/share/nvim/lazy/copilot.lua/copilot/lib/src/nextEditSuggestions/observableLspWorkspace.ts:170:28)\n    at n6.onDidChangeLspDocument (/home/khel/dotfiles/local/.local/share/nvim/lazy/copilot.lua/copilot/lib/src/nextEditSuggestions/observableLspWorkspace.ts:83:17)\n    at /home/khel/dotfiles/local/.local/share/nvim/lazy/copilot.lua/copilot/lib/src/nextEditSuggestions/observableLspWorkspace.ts:63:18\n    at EventEmitter.emit (node:events:507:28)\n    at lme.update (/home/khel/dotfiles/local/.local/share/nvim/lazy/copilot.lua/copilot/agent/src/textDocumentManager.ts:66:26)\n    at /home/khel/dotfiles/local/.local/share/nvim/lazy/copilot.lua/copilot/agent/src/textDocumentManager.ts:134:66'
[ERROR][2025-05-26 21:10:37] ...lsp/handlers.lua:562	'[default] unhandledRejection: BugIndicatingError: Invalid range: [1009, 1007) from {"start":{"character":4,"line":57},"end":{"character":0,"line":58}}\n    at Ene.editFromLspContentChange (/home/khel/dotfiles/local/.local/share/nvim/lazy/copilot.lua/copilot/lib/src/nextEditSuggestions/observableLspWorkspace.ts:197:23)\n    at /home/khel/dotfiles/local/.local/share/nvim/lazy/copilot.lua/copilot/lib/src/nextEditSuggestions/observableLspWorkspace.ts:183:55\n    at Array.map (<anonymous>)\n    at Ene.editFromLspContentChanges (/home/khel/dotfiles/local/.local/share/nvim/lazy/copilot.lua/copilot/lib/src/nextEditSuggestions/observableLspWorkspace.ts:183:41)\n    at Ene.applyLspContentChanges (/home/khel/dotfiles/local/.local/share/nvim/lazy/copilot.lua/copilot/lib/src/nextEditSuggestions/observableLspWorkspace.ts:170:28)\n    at n6.onDidChangeLspDocument (/home/khel/dotfiles/local/.local/share/nvim/lazy/copilot.lua/copilot/lib/src/nextEditSuggestions/observableLspWorkspace.ts:83:17)\n    at /home/khel/dotfiles/local/.local/share/nvim/lazy/copilot.lua/copilot/lib/src/nextEditSuggestions/observableLspWorkspace.ts:63:18\n    at EventEmitter.emit (node:events:507:28)\n    at lme.update (/home/khel/dotfiles/local/.local/share/nvim/lazy/copilot.lua/copilot/agent/src/textDocumentManager.ts:66:26)\n    at /home/khel/dotfiles/local/.local/share/nvim/lazy/copilot.lua/copilot/agent/src/textDocumentManager.ts:134:66'
[ERROR][2025-05-26 21:11:41] ...lsp/handlers.lua:562	'[default] unhandledRejection: BugIndicatingError: Invalid range: [1024, 1023) from {"start":{"character":2,"line":60},"end":{"character":0,"line":61}}\n    at Ene.editFromLspContentChange (/home/khel/dotfiles/local/.local/share/nvim/lazy/copilot.lua/copilot/lib/src/nextEditSuggestions/observableLspWorkspace.ts:197:23)\n    at /home/khel/dotfiles/local/.local/share/nvim/lazy/copilot.lua/copilot/lib/src/nextEditSuggestions/observableLspWorkspace.ts:183:55\n    at Array.map (<anonymous>)\n    at Ene.editFromLspContentChanges (/home/khel/dotfiles/local/.local/share/nvim/lazy/copilot.lua/copilot/lib/src/nextEditSuggestions/observableLspWorkspace.ts:183:41)\n    at Ene.applyLspContentChanges (/home/khel/dotfiles/local/.local/share/nvim/lazy/copilot.lua/copilot/lib/src/nextEditSuggestions/observableLspWorkspace.ts:170:28)\n    at n6.onDidChangeLspDocument (/home/khel/dotfiles/local/.local/share/nvim/lazy/copilot.lua/copilot/lib/src/nextEditSuggestions/observableLspWorkspace.ts:83:17)\n    at /home/khel/dotfiles/local/.local/share/nvim/lazy/copilot.lua/copilot/lib/src/nextEditSuggestions/observableLspWorkspace.ts:63:18\n    at EventEmitter.emit (node:events:507:28)\n    at lme.update (/home/khel/dotfiles/local/.local/share/nvim/lazy/copilot.lua/copilot/agent/src/textDocumentManager.ts:66:26)\n    at /home/khel/dotfiles/local/.local/share/nvim/lazy/copilot.lua/copilot/agent/src/textDocumentManager.ts:134:66'
[ERROR][2025-05-26 21:11:41] ...lsp/handlers.lua:562	"[default] unhandledRejection: BugIndicatingError: Assertion Failed: unexpected state\n    at assert (/home/khel/dotfiles/local/.local/share/nvim/lazy/copilot.lua/copilot/lib/src/nextEditSuggestions/vscode-copilot/src/util/vs/base/common/assert.ts:36:15)\n    at new Edit (/home/khel/dotfiles/local/.local/share/nvim/lazy/copilot.lua/copilot/lib/src/nextEditSuggestions/vscode-copilot/src/platform/inlineEdits/common/dataTypes/edit.ts:89:9)\n    at Function.create (/home/khel/dotfiles/local/.local/share/nvim/lazy/copilot.lua/copilot/lib/src/nextEditSuggestions/vscode-copilot/src/platform/inlineEdits/common/dataTypes/edit.ts:32:16)\n    at joinEdits (/home/khel/dotfiles/local/.local/share/nvim/lazy/copilot.lua/copilot/lib/src/nextEditSuggestions/vscode-copilot/src/platform/inlineEdits/common/dataTypes/edit.ts:405:17)\n    at e.compose (/home/khel/dotfiles/local/.local/share/nvim/lazy/copilot.lua/copilot/lib/src/nextEditSuggestions/vscode-copilot/src/platform/inlineEdits/common/dataTypes/edit.ts:97:16)\n    at Function.compose (/home/khel/dotfiles/local/.local/share/nvim/lazy/copilot.lua/copilot/lib/src/nextEditSuggestions/vscode-copilot/src/platform/inlineEdits/common/dataTypes/edit.ts:57:33)\n    at e.compose (/home/khel/dotfiles/local/.local/share/nvim/lazy/copilot.lua/copilot/lib/src/nextEditSuggestions/vscode-copilot/src/platform/inlineEdits/common/dataTypes/edit.ts:624:21)\n    at Ene.applyLspContentChanges (/home/khel/dotfiles/local/.local/share/nvim/lazy/copilot.lua/copilot/lib/src/nextEditSuggestions/observableLspWorkspace.ts:171:30)\n    at n6.onDidChangeLspDocument (/home/khel/dotfiles/local/.local/share/nvim/lazy/copilot.lua/copilot/lib/src/nextEditSuggestions/observableLspWorkspace.ts:83:17)\n    at /home/khel/dotfiles/local/.local/share/nvim/lazy/copilot.lua/copilot/lib/src/nextEditSuggestions/observableLspWorkspace.ts:63:18"
[ERROR][2025-05-26 21:11:56] ...lsp/handlers.lua:562	"[default] unhandledRejection: BugIndicatingError: Assertion Failed: unexpected state\n    at assert (/home/khel/dotfiles/local/.local/share/nvim/lazy/copilot.lua/copilot/lib/src/nextEditSuggestions/vscode-copilot/src/util/vs/base/common/assert.ts:36:15)\n    at new Edit (/home/khel/dotfiles/local/.local/share/nvim/lazy/copilot.lua/copilot/lib/src/nextEditSuggestions/vscode-copilot/src/platform/inlineEdits/common/dataTypes/edit.ts:89:9)\n    at Function.create (/home/khel/dotfiles/local/.local/share/nvim/lazy/copilot.lua/copilot/lib/src/nextEditSuggestions/vscode-copilot/src/platform/inlineEdits/common/dataTypes/edit.ts:32:16)\n    at joinEdits (/home/khel/dotfiles/local/.local/share/nvim/lazy/copilot.lua/copilot/lib/src/nextEditSuggestions/vscode-copilot/src/platform/inlineEdits/common/dataTypes/edit.ts:405:17)\n    at e.compose (/home/khel/dotfiles/local/.local/share/nvim/lazy/copilot.lua/copilot/lib/src/nextEditSuggestions/vscode-copilot/src/platform/inlineEdits/common/dataTypes/edit.ts:97:16)\n    at Function.compose (/home/khel/dotfiles/local/.local/share/nvim/lazy/copilot.lua/copilot/lib/src/nextEditSuggestions/vscode-copilot/src/platform/inlineEdits/common/dataTypes/edit.ts:57:33)\n    at e.compose (/home/khel/dotfiles/local/.local/share/nvim/lazy/copilot.lua/copilot/lib/src/nextEditSuggestions/vscode-copilot/src/platform/inlineEdits/common/dataTypes/edit.ts:624:21)\n    at Ene.applyLspContentChanges (/home/khel/dotfiles/local/.local/share/nvim/lazy/copilot.lua/copilot/lib/src/nextEditSuggestions/observableLspWorkspace.ts:171:30)\n    at n6.onDidChangeLspDocument (/home/khel/dotfiles/local/.local/share/nvim/lazy/copilot.lua/copilot/lib/src/nextEditSuggestions/observableLspWorkspace.ts:83:17)\n    at /home/khel/dotfiles/local/.local/share/nvim/lazy/copilot.lua/copilot/lib/src/nextEditSuggestions/observableLspWorkspace.ts:63:18"
[ERROR][2025-05-26 21:11:56] ...lsp/handlers.lua:562	'[default] unhandledRejection: BugIndicatingError: Invalid range: [1024, 1023) from {"start":{"character":2,"line":60},"end":{"character":0,"line":61}}\n    at Ene.editFromLspContentChange (/home/khel/dotfiles/local/.local/share/nvim/lazy/copilot.lua/copilot/lib/src/nextEditSuggestions/observableLspWorkspace.ts:197:23)\n    at /home/khel/dotfiles/local/.local/share/nvim/lazy/copilot.lua/copilot/lib/src/nextEditSuggestions/observableLspWorkspace.ts:183:55\n    at Array.map (<anonymous>)\n    at Ene.editFromLspContentChanges (/home/khel/dotfiles/local/.local/share/nvim/lazy/copilot.lua/copilot/lib/src/nextEditSuggestions/observableLspWorkspace.ts:183:41)\n    at Ene.applyLspContentChanges (/home/khel/dotfiles/local/.local/share/nvim/lazy/copilot.lua/copilot/lib/src/nextEditSuggestions/observableLspWorkspace.ts:170:28)\n    at n6.onDidChangeLspDocument (/home/khel/dotfiles/local/.local/share/nvim/lazy/copilot.lua/copilot/lib/src/nextEditSuggestions/observableLspWorkspace.ts:83:17)\n    at /home/khel/dotfiles/local/.local/share/nvim/lazy/copilot.lua/copilot/lib/src/nextEditSuggestions/observableLspWorkspace.ts:63:18\n    at EventEmitter.emit (node:events:507:28)\n    at lme.update (/home/khel/dotfiles/local/.local/share/nvim/lazy/copilot.lua/copilot/agent/src/textDocumentManager.ts:66:26)\n    at /home/khel/dotfiles/local/.local/share/nvim/lazy/copilot.lua/copilot/agent/src/textDocumentManager.ts:134:66'
[ERROR][2025-05-26 21:11:57] ...lsp/handlers.lua:562	'[default] unhandledRejection: BugIndicatingError: Invalid range: [1026, 1022) from {"start":{"character":5,"line":59},"end":{"character":0,"line":60}}\n    at Ene.editFromLspContentChange (/home/khel/dotfiles/local/.local/share/nvim/lazy/copilot.lua/copilot/lib/src/nextEditSuggestions/observableLspWorkspace.ts:197:23)\n    at /home/khel/dotfiles/local/.local/share/nvim/lazy/copilot.lua/copilot/lib/src/nextEditSuggestions/observableLspWorkspace.ts:183:55\n    at Array.map (<anonymous>)\n    at Ene.editFromLspContentChanges (/home/khel/dotfiles/local/.local/share/nvim/lazy/copilot.lua/copilot/lib/src/nextEditSuggestions/observableLspWorkspace.ts:183:41)\n    at Ene.applyLspContentChanges (/home/khel/dotfiles/local/.local/share/nvim/lazy/copilot.lua/copilot/lib/src/nextEditSuggestions/observableLspWorkspace.ts:170:28)\n    at n6.onDidChangeLspDocument (/home/khel/dotfiles/local/.local/share/nvim/lazy/copilot.lua/copilot/lib/src/nextEditSuggestions/observableLspWorkspace.ts:83:17)\n    at /home/khel/dotfiles/local/.local/share/nvim/lazy/copilot.lua/copilot/lib/src/nextEditSuggestions/observableLspWorkspace.ts:63:18\n    at EventEmitter.emit (node:events:507:28)\n    at lme.update (/home/khel/dotfiles/local/.local/share/nvim/lazy/copilot.lua/copilot/agent/src/textDocumentManager.ts:66:26)\n    at /home/khel/dotfiles/local/.local/share/nvim/lazy/copilot.lua/copilot/agent/src/textDocumentManager.ts:134:66'
[ERROR][2025-05-26 21:14:32] ...lsp/handlers.lua:562	'[default] unhandledRejection: BugIndicatingError: Invalid range: [959, 930) from {"start":{"character":31,"line":51},"end":{"character":0,"line":52}}\n    at Ene.editFromLspContentChange (/home/khel/dotfiles/local/.local/share/nvim/lazy/copilot.lua/copilot/lib/src/nextEditSuggestions/observableLspWorkspace.ts:197:23)\n    at /home/khel/dotfiles/local/.local/share/nvim/lazy/copilot.lua/copilot/lib/src/nextEditSuggestions/observableLspWorkspace.ts:183:55\n    at Array.map (<anonymous>)\n    at Ene.editFromLspContentChanges (/home/khel/dotfiles/local/.local/share/nvim/lazy/copilot.lua/copilot/lib/src/nextEditSuggestions/observableLspWorkspace.ts:183:41)\n    at Ene.applyLspContentChanges (/home/khel/dotfiles/local/.local/share/nvim/lazy/copilot.lua/copilot/lib/src/nextEditSuggestions/observableLspWorkspace.ts:170:28)\n    at n6.onDidChangeLspDocument (/home/khel/dotfiles/local/.local/share/nvim/lazy/copilot.lua/copilot/lib/src/nextEditSuggestions/observableLspWorkspace.ts:83:17)\n    at /home/khel/dotfiles/local/.local/share/nvim/lazy/copilot.lua/copilot/lib/src/nextEditSuggestions/observableLspWorkspace.ts:63:18\n    at EventEmitter.emit (node:events:507:28)\n    at lme.update (/home/khel/dotfiles/local/.local/share/nvim/lazy/copilot.lua/copilot/agent/src/textDocumentManager.ts:66:26)\n    at /home/khel/dotfiles/local/.local/share/nvim/lazy/copilot.lua/copilot/agent/src/textDocumentManager.ts:134:66'
[ERROR][2025-05-26 21:32:23] ...lsp/handlers.lua:562	'[default] unhandledRejection: BugIndicatingError: Invalid range: [959, 930) from {"start":{"character":31,"line":51},"end":{"character":0,"line":52}}\n    at Ene.editFromLspContentChange (/home/khel/dotfiles/local/.local/share/nvim/lazy/copilot.lua/copilot/lib/src/nextEditSuggestions/observableLspWorkspace.ts:197:23)\n    at /home/khel/dotfiles/local/.local/share/nvim/lazy/copilot.lua/copilot/lib/src/nextEditSuggestions/observableLspWorkspace.ts:183:55\n    at Array.map (<anonymous>)\n    at Ene.editFromLspContentChanges (/home/khel/dotfiles/local/.local/share/nvim/lazy/copilot.lua/copilot/lib/src/nextEditSuggestions/observableLspWorkspace.ts:183:41)\n    at Ene.applyLspContentChanges (/home/khel/dotfiles/local/.local/share/nvim/lazy/copilot.lua/copilot/lib/src/nextEditSuggestions/observableLspWorkspace.ts:170:28)\n    at n6.onDidChangeLspDocument (/home/khel/dotfiles/local/.local/share/nvim/lazy/copilot.lua/copilot/lib/src/nextEditSuggestions/observableLspWorkspace.ts:83:17)\n    at /home/khel/dotfiles/local/.local/share/nvim/lazy/copilot.lua/copilot/lib/src/nextEditSuggestions/observableLspWorkspace.ts:63:18\n    at EventEmitter.emit (node:events:507:28)\n    at lme.update (/home/khel/dotfiles/local/.local/share/nvim/lazy/copilot.lua/copilot/agent/src/textDocumentManager.ts:66:26)\n    at /home/khel/dotfiles/local/.local/share/nvim/lazy/copilot.lua/copilot/agent/src/textDocumentManager.ts:134:66'
[ERROR][2025-05-26 21:32:24] ...lsp/handlers.lua:562	'[default] unhandledRejection: BugIndicatingError: Invalid range: [959, 930) from {"start":{"character":31,"line":51},"end":{"character":0,"line":52}}\n    at Ene.editFromLspContentChange (/home/khel/dotfiles/local/.local/share/nvim/lazy/copilot.lua/copilot/lib/src/nextEditSuggestions/observableLspWorkspace.ts:197:23)\n    at /home/khel/dotfiles/local/.local/share/nvim/lazy/copilot.lua/copilot/lib/src/nextEditSuggestions/observableLspWorkspace.ts:183:55\n    at Array.map (<anonymous>)\n    at Ene.editFromLspContentChanges (/home/khel/dotfiles/local/.local/share/nvim/lazy/copilot.lua/copilot/lib/src/nextEditSuggestions/observableLspWorkspace.ts:183:41)\n    at Ene.applyLspContentChanges (/home/khel/dotfiles/local/.local/share/nvim/lazy/copilot.lua/copilot/lib/src/nextEditSuggestions/observableLspWorkspace.ts:170:28)\n    at n6.onDidChangeLspDocument (/home/khel/dotfiles/local/.local/share/nvim/lazy/copilot.lua/copilot/lib/src/nextEditSuggestions/observableLspWorkspace.ts:83:17)\n    at /home/khel/dotfiles/local/.local/share/nvim/lazy/copilot.lua/copilot/lib/src/nextEditSuggestions/observableLspWorkspace.ts:63:18\n    at EventEmitter.emit (node:events:507:28)\n    at lme.update (/home/khel/dotfiles/local/.local/share/nvim/lazy/copilot.lua/copilot/agent/src/textDocumentManager.ts:66:26)\n    at /home/khel/dotfiles/local/.local/share/nvim/lazy/copilot.lua/copilot/agent/src/textDocumentManager.ts:134:66'
[ERROR][2025-05-26 21:32:27] ...lsp/handlers.lua:562	'[default] unhandledRejection: BugIndicatingError: Invalid range: [981, 943) from {"start":{"character":40,"line":53},"end":{"character":0,"line":54}}\n    at Ene.editFromLspContentChange (/home/khel/dotfiles/local/.local/share/nvim/lazy/copilot.lua/copilot/lib/src/nextEditSuggestions/observableLspWorkspace.ts:197:23)\n    at /home/khel/dotfiles/local/.local/share/nvim/lazy/copilot.lua/copilot/lib/src/nextEditSuggestions/observableLspWorkspace.ts:183:55\n    at Array.map (<anonymous>)\n    at Ene.editFromLspContentChanges (/home/khel/dotfiles/local/.local/share/nvim/lazy/copilot.lua/copilot/lib/src/nextEditSuggestions/observableLspWorkspace.ts:183:41)\n    at Ene.applyLspContentChanges (/home/khel/dotfiles/local/.local/share/nvim/lazy/copilot.lua/copilot/lib/src/nextEditSuggestions/observableLspWorkspace.ts:170:28)\n    at n6.onDidChangeLspDocument (/home/khel/dotfiles/local/.local/share/nvim/lazy/copilot.lua/copilot/lib/src/nextEditSuggestions/observableLspWorkspace.ts:83:17)\n    at /home/khel/dotfiles/local/.local/share/nvim/lazy/copilot.lua/copilot/lib/src/nextEditSuggestions/observableLspWorkspace.ts:63:18\n    at EventEmitter.emit (node:events:507:28)\n    at lme.update (/home/khel/dotfiles/local/.local/share/nvim/lazy/copilot.lua/copilot/agent/src/textDocumentManager.ts:66:26)\n    at /home/khel/dotfiles/local/.local/share/nvim/lazy/copilot.lua/copilot/agent/src/textDocumentManager.ts:134:66'
[ERROR][2025-05-26 21:37:49] ...p/_transport.lua:36	"rpc"	"golangci-lint-langserver"	"stderr"	'2025/05/26 21:37:49 jsonrpc2 handler: notification "exit" handling error: jsonrpc2: code -32601 message: method not supported: exit\n'
[START][2025-05-26 21:37:58] LSP logging initiated
[ERROR][2025-05-26 21:37:58] ...p/_transport.lua:36	"rpc"	"golangci-lint-langserver"	"stderr"	"2025/05/26 21:37:58 golangci-lint-langserver: connections opened\n"
[ERROR][2025-05-26 21:47:20] ...lsp/handlers.lua:562	'[default] unhandledRejection: BugIndicatingError: Invalid range: [1159, 1158) from {"end":{"character":0,"line":63},"start":{"character":3,"line":62}}\n    at Ene.editFromLspContentChange (/home/khel/dotfiles/local/.local/share/nvim/lazy/copilot.lua/copilot/lib/src/nextEditSuggestions/observableLspWorkspace.ts:197:23)\n    at /home/khel/dotfiles/local/.local/share/nvim/lazy/copilot.lua/copilot/lib/src/nextEditSuggestions/observableLspWorkspace.ts:183:55\n    at Array.map (<anonymous>)\n    at Ene.editFromLspContentChanges (/home/khel/dotfiles/local/.local/share/nvim/lazy/copilot.lua/copilot/lib/src/nextEditSuggestions/observableLspWorkspace.ts:183:41)\n    at Ene.applyLspContentChanges (/home/khel/dotfiles/local/.local/share/nvim/lazy/copilot.lua/copilot/lib/src/nextEditSuggestions/observableLspWorkspace.ts:170:28)\n    at n6.onDidChangeLspDocument (/home/khel/dotfiles/local/.local/share/nvim/lazy/copilot.lua/copilot/lib/src/nextEditSuggestions/observableLspWorkspace.ts:83:17)\n    at /home/khel/dotfiles/local/.local/share/nvim/lazy/copilot.lua/copilot/lib/src/nextEditSuggestions/observableLspWorkspace.ts:63:18\n    at EventEmitter.emit (node:events:507:28)\n    at lme.update (/home/khel/dotfiles/local/.local/share/nvim/lazy/copilot.lua/copilot/agent/src/textDocumentManager.ts:66:26)\n    at /home/khel/dotfiles/local/.local/share/nvim/lazy/copilot.lua/copilot/agent/src/textDocumentManager.ts:134:66'
[ERROR][2025-05-26 21:47:25] ...p/_transport.lua:36	"rpc"	"golangci-lint-langserver"	"stderr"	'2025/05/26 21:47:25 jsonrpc2 handler: notification "exit" handling error: jsonrpc2: code -32601 message: method not supported: exit\n'
[START][2025-05-26 21:49:32] LSP logging initiated
[ERROR][2025-05-26 21:49:32] ...p/_transport.lua:36	"rpc"	"golangci-lint-langserver"	"stderr"	"2025/05/26 21:49:32 golangci-lint-langserver: connections opened\n"
[ERROR][2025-05-26 21:51:12] ...p/_transport.lua:36	"rpc"	"golangci-lint-langserver"	"stderr"	'2025/05/26 21:51:12 jsonrpc2 handler: notification "exit" handling error: jsonrpc2: code -32601 message: method not supported: exit\n'
[START][2025-05-26 21:52:21] LSP logging initiated
[ERROR][2025-05-26 21:52:21] ...p/_transport.lua:36	"rpc"	"golangci-lint-langserver"	"stderr"	"2025/05/26 21:52:21 golangci-lint-langserver: connections opened\n"
[START][2025-05-26 21:52:42] LSP logging initiated
[ERROR][2025-05-26 21:52:42] ...p/_transport.lua:36	"rpc"	"golangci-lint-langserver"	"stderr"	"2025/05/26 21:52:42 golangci-lint-langserver: connections opened\n"
[ERROR][2025-05-26 21:53:03] ...p/_transport.lua:36	"rpc"	"golangci-lint-langserver"	"stderr"	'2025/05/26 21:53:03 jsonrpc2 handler: notification "exit" handling error: jsonrpc2: code -32601 message: method not supported: exit\n'
[START][2025-05-26 21:53:41] LSP logging initiated
[ERROR][2025-05-26 21:53:41] ...p/_transport.lua:36	"rpc"	"golangci-lint-langserver"	"stderr"	"2025/05/26 21:53:41 golangci-lint-langserver: connections opened\n"
[START][2025-05-26 21:55:53] LSP logging initiated
[ERROR][2025-05-26 21:55:53] ...p/_transport.lua:36	"rpc"	"golangci-lint-langserver"	"stderr"	"2025/05/26 21:55:53 golangci-lint-langserver: connections opened\n"
[START][2025-05-26 21:57:46] LSP logging initiated
[ERROR][2025-05-26 21:57:46] ...p/_transport.lua:36	"rpc"	"golangci-lint-langserver"	"stderr"	"2025/05/26 21:57:46 golangci-lint-langserver: connections opened\n"
[ERROR][2025-05-26 21:58:03] ...lsp/handlers.lua:562	"2025/05/26 21:58:03 signature help failed: cannot get type for Fun *ast.Ident (stringReader)\n\tposition=72:72\n"
[ERROR][2025-05-26 21:58:04] ...lsp/handlers.lua:562	"2025/05/26 21:58:04 signature help failed: cannot get type for Fun *ast.Ident (stringReader)\n\tposition=72:71\n"
[ERROR][2025-05-26 21:58:10] ...lsp/handlers.lua:562	"2025/05/26 21:58:10 signature help failed: cannot get type for Fun *ast.Ident (stringReader)\n\tposition=94:72\n"
[ERROR][2025-05-26 21:58:11] ...lsp/handlers.lua:562	"2025/05/26 21:58:11 signature help failed: cannot get type for Fun *ast.Ident (stringReader)\n\tposition=94:71\n"
[ERROR][2025-05-26 22:00:01] ...lsp/handlers.lua:562	"2025/05/26 22:00:01 signature help failed: cannot get type for Fun *ast.SelectorExpr (&{started TrimSuffix})\n\tposition=41:30\n"
[ERROR][2025-05-26 22:00:04] ...lsp/handlers.lua:562	"2025/05/26 22:00:04 signature help failed: cannot get type for Fun *ast.SelectorExpr (&{started TrimSuffix})\n\tposition=41:38\n"
[ERROR][2025-05-26 22:00:04] ...lsp/handlers.lua:562	"2025/05/26 22:00:04 signature help failed: cannot get type for Fun *ast.SelectorExpr (&{started TrimSuffix})\n\tposition=41:39\n"
[ERROR][2025-05-26 22:04:41] ...lsp/handlers.lua:562	"[default] Error sending telemetry FetchError: The pending stream has been canceled (caused by: getaddrinfo EAI_AGAIN telemetry.individual.githubcopilot.com)\n    at fetch (/home/khel/dotfiles/local/.local/share/nvim/lazy/copilot.lua/copilot/node_modules/@adobe/helix-fetch/src/fetch/index.js:99:11)\n    at processTicksAndRejections (node:internal/process/task_queues:105:5)\n    at cachingFetch (/home/khel/dotfiles/local/.local/share/nvim/lazy/copilot.lua/copilot/node_modules/@adobe/helix-fetch/src/fetch/index.js:288:16)\n    at OT.fetch (/home/khel/dotfiles/local/.local/share/nvim/lazy/copilot.lua/copilot/lib/src/network/helix.ts:94:22) {\n  type: 'system',\n  _name: 'FetchError',\n  code: 'ERR_HTTP2_STREAM_CANCEL',\n  errno: undefined,\n  erroredSysCall: undefined\n}"
[ERROR][2025-05-26 22:15:03] ...lsp/handlers.lua:562	"2025/05/26 22:15:03 signature help failed: call operand is not a func or type: *ast.Ident (make)\n\tposition=51:18\n"
[ERROR][2025-05-26 22:34:35] ...lsp/handlers.lua:562	"2025/05/26 22:34:35 signature help failed: cannot get type for Fun *ast.SelectorExpr (&{timer After})\n\tposition=55:20\n"
[ERROR][2025-05-26 22:37:03] ...lsp/handlers.lua:562	"2025/05/26 22:37:03 signature help failed: call operand is not a func or type: *ast.Ident (close)\n\tposition=53:14\n"
[ERROR][2025-05-26 22:39:02] ...p/_transport.lua:36	"rpc"	"golangci-lint-langserver"	"stderr"	'2025/05/26 22:39:02 jsonrpc2 handler: notification "exit" handling error: jsonrpc2: code -32601 message: method not supported: exit\n'
[START][2025-05-27 10:11:23] LSP logging initiated
[ERROR][2025-05-27 10:11:23] ...p/_transport.lua:36	"rpc"	"golangci-lint-langserver"	"stderr"	"2025/05/27 10:11:23 golangci-lint-langserver: connections opened\n"
[ERROR][2025-05-27 11:00:10] ...lsp/handlers.lua:562	'2025/05/27 11:00:10 error executing postfix template: template: postfix_snippet:1:10: executing "postfix_snippet" at <.TypeName>: error calling TypeName: invalid type: invalid type\n'
[START][2025-05-27 11:26:58] LSP logging initiated
[ERROR][2025-05-27 11:26:58] ...p/_transport.lua:36	"rpc"	"golangci-lint-langserver"	"stderr"	"2025/05/27 11:26:58 golangci-lint-langserver: connections opened\n"
[ERROR][2025-05-27 11:27:47] ...lsp/handlers.lua:562	"2025/05/27 11:27:47 signature help failed: call operand is not a func or type: *ast.Ident (n)\n\tposition=19:3\n"
[ERROR][2025-05-27 11:31:45] ...lsp/handlers.lua:562	"2025/05/27 11:31:45 signature help failed: call operand is not a func or type: *ast.SelectorExpr (&{q timer})\n\tposition=54:18\n"
[START][2025-05-27 11:32:20] LSP logging initiated
[ERROR][2025-05-27 11:32:20] ...p/_transport.lua:36	"rpc"	"golangci-lint-langserver"	"stderr"	"2025/05/27 11:32:20 golangci-lint-langserver: connections opened\n"
[ERROR][2025-05-27 11:33:09] ...lsp/handlers.lua:562	"2025/05/27 11:33:09 signature help failed: call operand is not a func or type: *ast.SelectorExpr (&{q timer})\n\tposition=54:18\n"
[START][2025-05-27 11:34:09] LSP logging initiated
[ERROR][2025-05-27 11:34:09] ...p/_transport.lua:36	"rpc"	"golangci-lint-langserver"	"stderr"	"2025/05/27 11:34:09 golangci-lint-langserver: connections opened\n"
[ERROR][2025-05-27 11:44:10] ...lsp/handlers.lua:562	"[default] Error sending telemetry FetchError: Stream closed with error code NGHTTP2_REFUSED_STREAM\n    at fetch (/home/khel/dotfiles/local/.local/share/nvim/lazy/copilot.lua/copilot/node_modules/@adobe/helix-fetch/src/fetch/index.js:99:11)\n    at processTicksAndRejections (node:internal/process/task_queues:105:5)\n    at cachingFetch (/home/khel/dotfiles/local/.local/share/nvim/lazy/copilot.lua/copilot/node_modules/@adobe/helix-fetch/src/fetch/index.js:288:16)\n    at UT.fetch (/home/khel/dotfiles/local/.local/share/nvim/lazy/copilot.lua/copilot/lib/src/network/helix.ts:94:22) {\n  type: 'system',\n  _name: 'FetchError',\n  code: 'ERR_HTTP2_STREAM_ERROR',\n  errno: undefined,\n  erroredSysCall: undefined\n}"
[ERROR][2025-05-27 12:21:26] ...p/_transport.lua:36	"rpc"	"golangci-lint-langserver"	"stderr"	'2025/05/27 12:21:26 jsonrpc2 handler: notification "exit" handling error: jsonrpc2: code -32601 message: method not supported: exit\n'
[START][2025-05-27 12:21:29] LSP logging initiated
[ERROR][2025-05-27 12:21:29] ...p/_transport.lua:36	"rpc"	"golangci-lint-langserver"	"stderr"	"2025/05/27 12:21:29 golangci-lint-langserver: connections opened\n"
[START][2025-05-27 14:18:12] LSP logging initiated
[ERROR][2025-05-27 14:18:12] ...p/_transport.lua:36	"rpc"	"golangci-lint-langserver"	"stderr"	"2025/05/27 14:18:12 golangci-lint-langserver: connections opened\n"
[ERROR][2025-05-27 14:21:43] ...lsp/handlers.lua:562	"2025/05/27 14:21:43 signature help failed: cannot get type for Fun *ast.SelectorExpr (&{rand Shuffle})\n\tposition=57:4\n"
[ERROR][2025-05-27 14:34:32] ...lsp/handlers.lua:562	'[default] unhandledRejection: BugIndicatingError: Invalid range: [1725, 1705) from {"start":{"line":90,"character":21},"end":{"line":91,"character":0}}\n    at $0e.editFromLspContentChange (/home/khel/dotfiles/local/.local/share/nvim/lazy/copilot.lua/copilot/lib/src/nextEditSuggestions/observableLspWorkspace.ts:197:23)\n    at /home/khel/dotfiles/local/.local/share/nvim/lazy/copilot.lua/copilot/lib/src/nextEditSuggestions/observableLspWorkspace.ts:183:55\n    at Array.map (<anonymous>)\n    at $0e.editFromLspContentChanges (/home/khel/dotfiles/local/.local/share/nvim/lazy/copilot.lua/copilot/lib/src/nextEditSuggestions/observableLspWorkspace.ts:183:41)\n    at $0e.applyLspContentChanges (/home/khel/dotfiles/local/.local/share/nvim/lazy/copilot.lua/copilot/lib/src/nextEditSuggestions/observableLspWorkspace.ts:170:28)\n    at KH.onDidChangeLspDocument (/home/khel/dotfiles/local/.local/share/nvim/lazy/copilot.lua/copilot/lib/src/nextEditSuggestions/observableLspWorkspace.ts:83:17)\n    at /home/khel/dotfiles/local/.local/share/nvim/lazy/copilot.lua/copilot/lib/src/nextEditSuggestions/observableLspWorkspace.ts:63:18\n    at EventEmitter.emit (node:events:507:28)\n    at yme.update (/home/khel/dotfiles/local/.local/share/nvim/lazy/copilot.lua/copilot/agent/src/textDocumentManager.ts:66:26)\n    at /home/khel/dotfiles/local/.local/share/nvim/lazy/copilot.lua/copilot/agent/src/textDocumentManager.ts:134:66'
[ERROR][2025-05-27 14:40:20] ...lsp/handlers.lua:562	'[default] unhandledRejection: BugIndicatingError: Invalid range: [1981, 1933) from {"start":{"line":105,"character":77},"end":{"line":106,"character":0}}\n    at $0e.editFromLspContentChange (/home/khel/dotfiles/local/.local/share/nvim/lazy/copilot.lua/copilot/lib/src/nextEditSuggestions/observableLspWorkspace.ts:197:23)\n    at /home/khel/dotfiles/local/.local/share/nvim/lazy/copilot.lua/copilot/lib/src/nextEditSuggestions/observableLspWorkspace.ts:183:55\n    at Array.map (<anonymous>)\n    at $0e.editFromLspContentChanges (/home/khel/dotfiles/local/.local/share/nvim/lazy/copilot.lua/copilot/lib/src/nextEditSuggestions/observableLspWorkspace.ts:183:41)\n    at $0e.applyLspContentChanges (/home/khel/dotfiles/local/.local/share/nvim/lazy/copilot.lua/copilot/lib/src/nextEditSuggestions/observableLspWorkspace.ts:170:28)\n    at KH.onDidChangeLspDocument (/home/khel/dotfiles/local/.local/share/nvim/lazy/copilot.lua/copilot/lib/src/nextEditSuggestions/observableLspWorkspace.ts:83:17)\n    at /home/khel/dotfiles/local/.local/share/nvim/lazy/copilot.lua/copilot/lib/src/nextEditSuggestions/observableLspWorkspace.ts:63:18\n    at EventEmitter.emit (node:events:507:28)\n    at yme.update (/home/khel/dotfiles/local/.local/share/nvim/lazy/copilot.lua/copilot/agent/src/textDocumentManager.ts:66:26)\n    at /home/khel/dotfiles/local/.local/share/nvim/lazy/copilot.lua/copilot/agent/src/textDocumentManager.ts:134:66'
[ERROR][2025-05-27 14:44:33] ...lsp/handlers.lua:562	"2025/05/27 14:44:33 signature help failed: cannot get type for Fun *ast.Ident (stringReader)\n\tposition=87:22\n"
[ERROR][2025-05-27 14:44:34] ...lsp/handlers.lua:562	"2025/05/27 14:44:34 signature help failed: cannot get type for Fun *ast.Ident (stringReader)\n\tposition=87:21\n"
[ERROR][2025-05-27 14:51:51] ...p/_transport.lua:36	"rpc"	"golangci-lint-langserver"	"stderr"	'2025/05/27 14:51:51 jsonrpc2 handler: notification "exit" handling error: jsonrpc2: code -32601 message: method not supported: exit\n'
[START][2025-05-27 14:52:46] LSP logging initiated
[ERROR][2025-05-27 14:52:46] ...p/_transport.lua:36	"rpc"	"golangci-lint-langserver"	"stderr"	"2025/05/27 14:52:46 golangci-lint-langserver: connections opened\n"
[START][2025-05-27 14:53:01] LSP logging initiated
[ERROR][2025-05-27 14:53:01] ...p/_transport.lua:36	"rpc"	"golangci-lint-langserver"	"stderr"	"2025/05/27 14:53:01 golangci-lint-langserver: connections opened\n"
[START][2025-05-27 18:13:06] LSP logging initiated
[ERROR][2025-05-27 18:13:06] ...p/_transport.lua:36	"rpc"	"golangci-lint-langserver"	"stderr"	"2025/05/27 18:13:06 golangci-lint-langserver: connections opened\n"
[START][2025-05-28 17:26:00] LSP logging initiated
[ERROR][2025-05-28 17:26:00] ...p/_transport.lua:36	"rpc"	"golangci-lint-langserver"	"stderr"	"2025/05/28 17:26:00 golangci-lint-langserver: connections opened\n"
[START][2025-05-28 18:23:37] LSP logging initiated
[ERROR][2025-05-28 18:23:37] ...lsp/handlers.lua:562	"2025/05/28 18:23:37 no completions found: getting file file:///home/khel/KhelDev/go/currency_converter/pkg/currency_converter/currency_converter_test.go for Completion: <nil> (package completions: invalid position for package completion: cursor after expression)\n\tposition=0:99\n"
[ERROR][2025-05-28 18:23:37] ...lsp/handlers.lua:562	"2025/05/28 18:23:37 no completions found: getting file file:///home/khel/KhelDev/go/currency_converter/pkg/currency_converter/currency_converter_test.go for Completion: <nil> (package completions: invalid position for package completion: cursor after expression)\n\tposition=0:100\n"
[ERROR][2025-05-28 18:23:37] ...lsp/handlers.lua:562	"2025/05/28 18:23:37 no completions found: getting file file:///home/khel/KhelDev/go/currency_converter/pkg/currency_converter/currency_converter_test.go for Completion: <nil> (package completions: invalid position for package completion: cursor after expression)\n\tposition=0:101\n"
[ERROR][2025-05-28 18:23:38] ...lsp/handlers.lua:562	"2025/05/28 18:23:38 no completions found: getting file file:///home/khel/KhelDev/go/currency_converter/pkg/currency_converter/currency_converter_test.go for Completion: <nil> (package completions: invalid position for package completion: cursor after expression)\n\tposition=0:100\n"
[START][2025-05-29 16:40:16] LSP logging initiated
[ERROR][2025-05-29 16:40:16] ...p/_transport.lua:36	"rpc"	"golangci-lint-langserver"	"stderr"	"2025/05/29 16:40:16 golangci-lint-langserver: connections opened\n"
[ERROR][2025-05-29 17:12:13] ...lsp/handlers.lua:562	"2025/05/29 17:12:13 signature help failed: call operand is not a func or type: *ast.Ident (make)\n\tposition=9:20\n"
[ERROR][2025-05-29 17:12:15] ...lsp/handlers.lua:562	"2025/05/29 17:12:15 signature help failed: call operand is not a func or type: *ast.Ident (make)\n\tposition=9:20\n"
[ERROR][2025-05-29 17:14:40] ...p/_transport.lua:36	"rpc"	"golangci-lint-langserver"	"stderr"	'2025/05/29 17:14:40 jsonrpc2 handler: notification "exit" handling error: jsonrpc2: code -32601 message: method not supported: exit\n'
[START][2025-05-29 17:15:37] LSP logging initiated
[ERROR][2025-05-29 17:15:37] ...p/_transport.lua:36	"rpc"	"golangci-lint-langserver"	"stderr"	"2025/05/29 17:15:37 golangci-lint-langserver: connections opened\n"
[ERROR][2025-05-29 17:21:41] ...lsp/handlers.lua:562	"2025/05/29 17:21:41 signature help failed: call operand is not a func or type: *ast.Ident (make)\n\tposition=13:20\n"
[ERROR][2025-05-29 17:46:01] ...p/_transport.lua:36	"rpc"	"golangci-lint-langserver"	"stderr"	'2025/05/29 17:46:01 jsonrpc2 handler: notification "exit" handling error: jsonrpc2: code -32601 message: method not supported: exit\n'
[START][2025-05-29 17:46:05] LSP logging initiated
[ERROR][2025-05-29 17:46:05] ...p/_transport.lua:36	"rpc"	"golangci-lint-langserver"	"stderr"	"2025/05/29 17:46:05 golangci-lint-langserver: connections opened\n"
[ERROR][2025-05-29 17:55:31] ...lsp/handlers.lua:562	'[default] unhandledRejection: BugIndicatingError: Invalid range: [322, 315) from {"start":{"line":17,"character":80},"end":{"line":18,"character":0}}\n    at rue.editFromLspContentChange (/home/khel/dotfiles/local/.local/share/nvim/lazy/copilot.lua/copilot/lib/src/nextEditSuggestions/observableLspWorkspace.ts:197:23)\n    at /home/khel/dotfiles/local/.local/share/nvim/lazy/copilot.lua/copilot/lib/src/nextEditSuggestions/observableLspWorkspace.ts:183:55\n    at Array.map (<anonymous>)\n    at rue.editFromLspContentChanges (/home/khel/dotfiles/local/.local/share/nvim/lazy/copilot.lua/copilot/lib/src/nextEditSuggestions/observableLspWorkspace.ts:183:41)\n    at rue.applyLspContentChanges (/home/khel/dotfiles/local/.local/share/nvim/lazy/copilot.lua/copilot/lib/src/nextEditSuggestions/observableLspWorkspace.ts:170:28)\n    at sj.onDidChangeLspDocument (/home/khel/dotfiles/local/.local/share/nvim/lazy/copilot.lua/copilot/lib/src/nextEditSuggestions/observableLspWorkspace.ts:83:17)\n    at /home/khel/dotfiles/local/.local/share/nvim/lazy/copilot.lua/copilot/lib/src/nextEditSuggestions/observableLspWorkspace.ts:63:18\n    at EventEmitter.emit (node:events:507:28)\n    at _me.update (/home/khel/dotfiles/local/.local/share/nvim/lazy/copilot.lua/copilot/agent/src/textDocumentManager.ts:66:26)\n    at /home/khel/dotfiles/local/.local/share/nvim/lazy/copilot.lua/copilot/agent/src/textDocumentManager.ts:134:66'
[ERROR][2025-05-29 17:56:24] ...lsp/handlers.lua:562	'[default] unhandledRejection: BugIndicatingError: Invalid range: [322, 315) from {"start":{"line":17,"character":80},"end":{"line":18,"character":0}}\n    at rue.editFromLspContentChange (/home/khel/dotfiles/local/.local/share/nvim/lazy/copilot.lua/copilot/lib/src/nextEditSuggestions/observableLspWorkspace.ts:197:23)\n    at /home/khel/dotfiles/local/.local/share/nvim/lazy/copilot.lua/copilot/lib/src/nextEditSuggestions/observableLspWorkspace.ts:183:55\n    at Array.map (<anonymous>)\n    at rue.editFromLspContentChanges (/home/khel/dotfiles/local/.local/share/nvim/lazy/copilot.lua/copilot/lib/src/nextEditSuggestions/observableLspWorkspace.ts:183:41)\n    at rue.applyLspContentChanges (/home/khel/dotfiles/local/.local/share/nvim/lazy/copilot.lua/copilot/lib/src/nextEditSuggestions/observableLspWorkspace.ts:170:28)\n    at sj.onDidChangeLspDocument (/home/khel/dotfiles/local/.local/share/nvim/lazy/copilot.lua/copilot/lib/src/nextEditSuggestions/observableLspWorkspace.ts:83:17)\n    at /home/khel/dotfiles/local/.local/share/nvim/lazy/copilot.lua/copilot/lib/src/nextEditSuggestions/observableLspWorkspace.ts:63:18\n    at EventEmitter.emit (node:events:507:28)\n    at _me.update (/home/khel/dotfiles/local/.local/share/nvim/lazy/copilot.lua/copilot/agent/src/textDocumentManager.ts:66:26)\n    at /home/khel/dotfiles/local/.local/share/nvim/lazy/copilot.lua/copilot/agent/src/textDocumentManager.ts:134:66'
[ERROR][2025-05-29 19:00:08] ...lsp/handlers.lua:562	"[default] Error sending telemetry FetchError: Stream closed with error code NGHTTP2_REFUSED_STREAM\n    at fetch (/home/khel/dotfiles/local/.local/share/nvim/lazy/copilot.lua/copilot/node_modules/@adobe/helix-fetch/src/fetch/index.js:99:11)\n    at processTicksAndRejections (node:internal/process/task_queues:105:5)\n    at cachingFetch (/home/khel/dotfiles/local/.local/share/nvim/lazy/copilot.lua/copilot/node_modules/@adobe/helix-fetch/src/fetch/index.js:288:16)\n    at jT.fetch (/home/khel/dotfiles/local/.local/share/nvim/lazy/copilot.lua/copilot/lib/src/network/helix.ts:94:22) {\n  type: 'system',\n  _name: 'FetchError',\n  code: 'ERR_HTTP2_STREAM_ERROR',\n  errno: undefined,\n  erroredSysCall: undefined\n}"
[ERROR][2025-05-29 19:02:35] ...p/_transport.lua:36	"rpc"	"golangci-lint-langserver"	"stderr"	'2025/05/29 19:02:35 jsonrpc2 handler: notification "exit" handling error: jsonrpc2: code -32601 message: method not supported: exit\n'
[START][2025-05-29 19:03:44] LSP logging initiated
[WARN][2025-05-29 19:03:44] ...lsp/handlers.lua:564	"11:03:44.783 WARNING ⛔️ Error while parsing file:///home/khel/KhelDev/go/currency_converter/pkg/currency_converter/.env: syntax error"
[WARN][2025-05-29 19:03:45] ...lsp/handlers.lua:564	"11:03:45.460 WARNING ⛔️ Error while parsing file:///home/khel/KhelDev/go/currency_converter/pkg/currency_converter/.env: syntax error"
[WARN][2025-05-29 19:05:22] ...lsp/handlers.lua:564	"11:05:22.447 WARNING ⛔️ Error while parsing file:///home/khel/KhelDev/go/currency_converter/pkg/currency_converter/.env: syntax error"
[ERROR][2025-05-29 19:05:46] ...p/_transport.lua:36	"rpc"	"golangci-lint-langserver"	"stderr"	"2025/05/29 19:05:46 golangci-lint-langserver: connections opened\n"
[START][2025-05-29 19:10:20] LSP logging initiated
[ERROR][2025-05-29 19:10:20] ...p/_transport.lua:36	"rpc"	"golangci-lint-langserver"	"stderr"	"2025/05/29 19:10:20 golangci-lint-langserver: connections opened\n"
[ERROR][2025-05-29 19:11:15] ...p/_transport.lua:36	"rpc"	"golangci-lint-langserver"	"stderr"	'2025/05/29 19:11:15 jsonrpc2 handler: notification "exit" handling error: jsonrpc2: code -32601 message: method not supported: exit\n'
[START][2025-05-29 19:11:26] LSP logging initiated
[ERROR][2025-05-29 19:11:26] ...p/_transport.lua:36	"rpc"	"golangci-lint-langserver"	"stderr"	"2025/05/29 19:11:26 golangci-lint-langserver: connections opened\n"
[ERROR][2025-05-29 19:12:42] ...lsp/handlers.lua:562	"2025/05/29 19:12:42 signature help failed: call operand is not a func or type: *ast.CallExpr (&{0xc00aa62810 1397157 [] 0 1397158})\n\tposition=13:50\n"
[ERROR][2025-05-29 19:19:37] ...p/_transport.lua:36	"rpc"	"golangci-lint-langserver"	"stderr"	'2025/05/29 19:19:37 jsonrpc2 handler: notification "exit" handling error: jsonrpc2: code -32601 message: method not supported: exit\n'
[START][2025-05-29 19:20:20] LSP logging initiated
[ERROR][2025-05-29 19:20:20] ...lsp/handlers.lua:562	"[default] Error sending telemetry FetchError: read ECONNRESET\n    at fetch (/home/khel/dotfiles/local/.local/share/nvim/lazy/copilot.lua/copilot/node_modules/@adobe/helix-fetch/src/fetch/index.js:99:11)\n    at processTicksAndRejections (node:internal/process/task_queues:105:5)\n    at cachingFetch (/home/khel/dotfiles/local/.local/share/nvim/lazy/copilot.lua/copilot/node_modules/@adobe/helix-fetch/src/fetch/index.js:288:16)\n    at jT.fetch (/home/khel/dotfiles/local/.local/share/nvim/lazy/copilot.lua/copilot/lib/src/network/helix.ts:94:22) {\n  type: 'system',\n  _name: 'FetchError',\n  code: 'ECONNRESET',\n  errno: -104,\n  erroredSysCall: 'read'\n}"
[ERROR][2025-05-29 19:20:40] ...p/_transport.lua:36	"rpc"	"golangci-lint-langserver"	"stderr"	"2025/05/29 19:20:40 golangci-lint-langserver: connections opened\n"
[WARN][2025-05-29 20:30:31] ...lsp/handlers.lua:564	"12:30:31.762 WARNING ⛔️ Error while parsing file:///home/khel/KhelDev/go/currency_converter/pkg/currency_converter/.env: syntax error"
[WARN][2025-05-29 20:30:36] ...lsp/handlers.lua:564	"12:30:36.623 WARNING ⛔️ Error while parsing file:///home/khel/KhelDev/go/currency_converter/pkg/currency_converter/.env: syntax error"
[ERROR][2025-05-29 20:38:46] ...p/_transport.lua:36	"rpc"	"golangci-lint-langserver"	"stderr"	'2025/05/29 20:38:46 jsonrpc2 handler: notification "exit" handling error: jsonrpc2: code -32601 message: method not supported: exit\n'
[START][2025-05-29 20:40:08] LSP logging initiated
[WARN][2025-05-29 20:40:08] ...lsp/handlers.lua:564	"12:40:08.344 WARNING ⛔️ Error while parsing file:///home/khel/KhelDev/go/currency_converter/.env: syntax error"
[WARN][2025-05-29 20:40:14] ...lsp/handlers.lua:564	"12:40:14.989 WARNING ⛔️ Error while parsing file:///home/khel/KhelDev/go/currency_converter/.env: syntax error"
[START][2025-05-29 20:42:38] LSP logging initiated
[ERROR][2025-05-29 20:42:38] ...p/_transport.lua:36	"rpc"	"golangci-lint-langserver"	"stderr"	"2025/05/29 20:42:38 golangci-lint-langserver: connections opened\n"
[START][2025-05-29 20:45:19] LSP logging initiated
[ERROR][2025-05-29 20:45:19] ...p/_transport.lua:36	"rpc"	"golangci-lint-langserver"	"stderr"	"2025/05/29 20:45:19 golangci-lint-langserver: connections opened\n"
[ERROR][2025-05-29 21:29:22] ...p/_transport.lua:36	"rpc"	"golangci-lint-langserver"	"stderr"	'2025/05/29 21:29:22 jsonrpc2 handler: notification "exit" handling error: jsonrpc2: code -32601 message: method not supported: exit\n'
[START][2025-05-29 21:30:19] LSP logging initiated
[ERROR][2025-05-29 21:30:19] ...p/_transport.lua:36	"rpc"	"golangci-lint-langserver"	"stderr"	"2025/05/29 21:30:19 golangci-lint-langserver: connections opened\n"
[START][2025-05-30 16:42:06] LSP logging initiated
[ERROR][2025-05-30 16:42:06] ...lsp/handlers.lua:562	"2025/05/30 16:42:06 no completions found: getting file file:///home/khel/KhelDev/go/workout_tracker/internal/server.go for Completion: <nil> (package completions: invalid position for package completion: cursor in non-matching ident)\n\tposition=0:1\n"
[ERROR][2025-05-30 16:42:06] ...lsp/handlers.lua:562	"2025/05/30 16:42:06 no completions found: getting file file:///home/khel/KhelDev/go/workout_tracker/internal/server.go for Completion: <nil> (package completions: invalid position for package completion: cursor in non-matching ident)\n\tposition=0:2\n"
[ERROR][2025-05-30 16:42:06] ...lsp/handlers.lua:562	"2025/05/30 16:42:06 no completions found: getting file file:///home/khel/KhelDev/go/workout_tracker/internal/server.go for Completion: <nil> (package completions: invalid position for package completion: cursor in non-matching ident)\n\tposition=0:3\n"
[ERROR][2025-05-30 16:42:06] ...lsp/handlers.lua:562	"2025/05/30 16:42:06 no completions found: getting file file:///home/khel/KhelDev/go/workout_tracker/internal/server.go for Completion: <nil> (package completions: invalid position for package completion: cursor in non-matching ident)\n\tposition=0:4\n"
[ERROR][2025-05-30 16:42:06] ...lsp/handlers.lua:562	"2025/05/30 16:42:06 no completions found: getting file file:///home/khel/KhelDev/go/workout_tracker/internal/server.go for Completion: <nil> (package completions: invalid position for package completion: cursor in non-matching ident)\n\tposition=0:5\n"
[ERROR][2025-05-30 16:42:06] ...lsp/handlers.lua:562	"2025/05/30 16:42:06 no completions found: getting file file:///home/khel/KhelDev/go/workout_tracker/internal/server.go for Completion: <nil> (package completions: invalid position for package completion: cursor in non-matching ident)\n\tposition=0:4\n"
[ERROR][2025-05-30 16:42:06] ...lsp/handlers.lua:562	"2025/05/30 16:42:06 no completions found: getting file file:///home/khel/KhelDev/go/workout_tracker/internal/server.go for Completion: <nil> (package completions: invalid position for package completion: cursor in non-matching ident)\n\tposition=0:3\n"
[ERROR][2025-05-30 16:42:07] ...lsp/handlers.lua:562	"2025/05/30 16:42:07 no completions found: getting file file:///home/khel/KhelDev/go/workout_tracker/internal/server.go for Completion: <nil> (package completions: invalid position for package completion: cursor in non-matching ident)\n\tposition=0:2\n"
[ERROR][2025-05-30 16:42:07] ...lsp/handlers.lua:562	"2025/05/30 16:42:07 no completions found: getting file file:///home/khel/KhelDev/go/workout_tracker/internal/server.go for Completion: <nil> (package completions: invalid position for package completion: cursor in non-matching ident)\n\tposition=0:1\n"
[ERROR][2025-05-30 16:44:04] ...lsp/handlers.lua:562	"[AsyncCompletionManager] [6ca2dc05-0157-42c4-8058-8134241a46ea] Request errored with AbortError: The operation was aborted.\n    at EventEmitter.abortHandler (/home/khel/dotfiles/local/.local/share/nvim/lazy/copilot.lua/copilot/node_modules/@adobe/helix-fetch/src/fetch/index.js:106:17)\n    at EventEmitter.emit (node:events:507:28)\n    at GT.dispatchEvent (/home/khel/dotfiles/local/.local/share/nvim/lazy/copilot.lua/copilot/node_modules/@adobe/helix-fetch/src/fetch/abort.js:67:41)\n    at GT.fire (/home/khel/dotfiles/local/.local/share/nvim/lazy/copilot.lua/copilot/node_modules/@adobe/helix-fetch/src/fetch/abort.js:72:10)\n    at Q$.abort (/home/khel/dotfiles/local/.local/share/nvim/lazy/copilot.lua/copilot/node_modules/@adobe/helix-fetch/src/fetch/abort.js:137:39)\n    at /home/khel/dotfiles/local/.local/share/nvim/lazy/copilot.lua/copilot/lib/src/networking.ts:254:19\n    at wX.invoke (/home/khel/dotfiles/local/.local/share/nvim/lazy/copilot.lua/copilot/node_modules/vscode-jsonrpc/lib/common/events.js:55:39)\n    at e.fire (/home/khel/dotfiles/local/.local/share/nvim/lazy/copilot.lua/copilot/node_modules/vscode-jsonrpc/lib/common/events.js:117:36)\n    at AL.cancel (/home/khel/dotfiles/local/.local/share/nvim/lazy/copilot.lua/copilot/node_modules/vscode-jsonrpc/lib/common/cancellation.js:41:31)\n    at SX.cancel (/home/khel/dotfiles/local/.local/share/nvim/lazy/copilot.lua/copilot/node_modules/vscode-jsonrpc/lib/common/cancellation.js:82:25) {\n  type: 'aborted',\n  _name: 'AbortError'\n}"
[START][2025-05-30 16:53:15] LSP logging initiated
[ERROR][2025-05-30 16:53:15] ...p/_transport.lua:36	"rpc"	"golangci-lint-langserver"	"stderr"	"2025/05/30 16:53:15 golangci-lint-langserver: connections opened\n"
[START][2025-05-30 16:55:35] LSP logging initiated
[ERROR][2025-05-30 16:55:35] ...p/_transport.lua:36	"rpc"	"golangci-lint-langserver"	"stderr"	"2025/05/30 16:55:35 golangci-lint-langserver: connections opened\n"
[START][2025-05-30 16:58:19] LSP logging initiated
[ERROR][2025-05-30 16:58:19] ...p/_transport.lua:36	"rpc"	"golangci-lint-langserver"	"stderr"	"2025/05/30 16:58:19 golangci-lint-langserver: connections opened\n"
[START][2025-05-30 17:12:50] LSP logging initiated
[ERROR][2025-05-30 17:12:50] ...lsp/handlers.lua:562	"2025/05/30 17:12:50 no highlight: column is beyond end of line\n"
[ERROR][2025-05-30 17:12:52] ...lsp/handlers.lua:562	"2025/05/30 17:12:52 no highlight: column is beyond end of line\n"
[ERROR][2025-05-30 17:12:55] ...lsp/handlers.lua:562	"2025/05/30 17:12:55 no highlight: column is beyond end of line\n"
[ERROR][2025-05-30 17:13:02] ...lsp/handlers.lua:562	"[lsp] Request getCompletions: RangeError: Illegal value for lineNumber\n    at e.lineAt (/home/khel/dotfiles/local/.local/share/nvim/lazy/copilot.lua/copilot/lib/src/textDocument.ts:275:19)\n    at isMiddleOfTheLine (/home/khel/dotfiles/local/.local/share/nvim/lazy/copilot.lua/copilot/lib/src/ghostText/ghostText.ts:1267:22)\n    at isInlineSuggestion (/home/khel/dotfiles/local/.local/share/nvim/lazy/copilot.lua/copilot/lib/src/ghostText/ghostText.ts:1253:28)\n    at getGhostTextWithoutAbortHandling (/home/khel/dotfiles/local/.local/share/nvim/lazy/copilot.lua/copilot/lib/src/ghostText/ghostText.ts:646:30)\n    at getGhostText (/home/khel/dotfiles/local/.local/share/nvim/lazy/copilot.lua/copilot/lib/src/ghostText/ghostText.ts:1156:22)\n    at processTicksAndRejections (node:internal/process/task_queues:105:5)\n    at getInlineCompletionsResult (/home/khel/dotfiles/local/.local/share/nvim/lazy/copilot.lua/copilot/lib/src/inlineCompletion.ts:30:20)\n    at getInlineCompletions (/home/khel/dotfiles/local/.local/share/nvim/lazy/copilot.lua/copilot/lib/src/inlineCompletion.ts:75:20)\n    at handleGetCompletionsHelper (/home/khel/dotfiles/local/.local/share/nvim/lazy/copilot.lua/copilot/agent/src/methods/getCompletions.ts:94:28)\n    at Wr.messageHandler (/home/khel/dotfiles/local/.local/share/nvim/lazy/copilot.lua/copilot/agent/src/service.ts:319:45)"
[START][2025-05-30 17:29:42] LSP logging initiated
[ERROR][2025-05-30 17:29:42] ...p/_transport.lua:36	"rpc"	"golangci-lint-langserver"	"stderr"	"2025/05/30 17:29:42 golangci-lint-langserver: connections opened\n"
[START][2025-05-30 17:34:26] LSP logging initiated
[ERROR][2025-05-30 17:34:26] ...p/_transport.lua:36	"rpc"	"golangci-lint-langserver"	"stderr"	"2025/05/30 17:34:26 golangci-lint-langserver: connections opened\n"
[ERROR][2025-05-30 17:34:57] ...lsp/handlers.lua:562	"2025/05/30 17:34:57 signature help failed: cannot get type for Fun *ast.SelectorExpr (&{server ServeHTTP})\n\tposition=20:18\n"
[START][2025-05-30 17:37:23] LSP logging initiated
[ERROR][2025-05-30 17:37:23] ...p/_transport.lua:36	"rpc"	"golangci-lint-langserver"	"stderr"	"2025/05/30 17:37:23 golangci-lint-langserver: connections opened\n"
[START][2025-05-30 17:39:45] LSP logging initiated
[ERROR][2025-05-30 17:39:45] ...p/_transport.lua:36	"rpc"	"golangci-lint-langserver"	"stderr"	"2025/05/30 17:39:45 golangci-lint-langserver: connections opened\n"
[START][2025-05-30 17:46:58] LSP logging initiated
[ERROR][2025-05-30 17:46:58] ...p/_transport.lua:36	"rpc"	"golangci-lint-langserver"	"stderr"	"2025/05/30 17:46:58 golangci-lint-langserver: connections opened\n"
[START][2025-05-30 17:54:44] LSP logging initiated
[ERROR][2025-05-30 17:54:44] ...p/_transport.lua:36	"rpc"	"golangci-lint-langserver"	"stderr"	"2025/05/30 17:54:44 golangci-lint-langserver: connections opened\n"
[ERROR][2025-05-30 18:31:53] ...p/_transport.lua:36	"rpc"	"golangci-lint-langserver"	"stderr"	'2025/05/30 18:31:53 jsonrpc2 handler: notification "exit" handling error: jsonrpc2: code -32601 message: method not supported: exit\n'
[START][2025-05-30 18:31:57] LSP logging initiated
[ERROR][2025-05-30 18:31:57] ...p/_transport.lua:36	"rpc"	"golangci-lint-langserver"	"stderr"	"2025/05/30 18:31:57 golangci-lint-langserver: connections opened\n"
[START][2025-05-30 18:47:56] LSP logging initiated
[ERROR][2025-05-30 18:47:56] ...p/_transport.lua:36	"rpc"	"golangci-lint-langserver"	"stderr"	"2025/05/30 18:47:56 golangci-lint-langserver: connections opened\n"
[START][2025-05-30 18:48:56] LSP logging initiated
[ERROR][2025-05-30 18:48:56] ...p/_transport.lua:36	"rpc"	"golangci-lint-langserver"	"stderr"	"2025/05/30 18:48:56 golangci-lint-langserver: connections opened\n"
[START][2025-05-30 18:50:45] LSP logging initiated
[ERROR][2025-05-30 18:50:45] ...p/_transport.lua:36	"rpc"	"golangci-lint-langserver"	"stderr"	"2025/05/30 18:50:45 golangci-lint-langserver: connections opened\n"
[START][2025-05-30 18:57:23] LSP logging initiated
[ERROR][2025-05-30 18:57:23] ...p/_transport.lua:36	"rpc"	"golangci-lint-langserver"	"stderr"	"2025/05/30 18:57:23 golangci-lint-langserver: connections opened\n"
[START][2025-05-30 20:12:53] LSP logging initiated
[ERROR][2025-05-30 20:12:53] ...p/_transport.lua:36	"rpc"	"golangci-lint-langserver"	"stderr"	"2025/05/30 20:12:53 golangci-lint-langserver: connections opened\n"
[START][2025-05-30 20:25:32] LSP logging initiated
[ERROR][2025-05-30 20:25:32] ...p/_transport.lua:36	"rpc"	"golangci-lint-langserver"	"stderr"	"2025/05/30 20:25:32 golangci-lint-langserver: connections opened\n"
[START][2025-05-30 20:29:34] LSP logging initiated
[ERROR][2025-05-30 20:29:34] ...p/_transport.lua:36	"rpc"	"golangci-lint-langserver"	"stderr"	"2025/05/30 20:29:34 golangci-lint-langserver: connections opened\n"
[START][2025-05-30 20:29:59] LSP logging initiated
[ERROR][2025-05-30 20:29:59] ...p/_transport.lua:36	"rpc"	"golangci-lint-langserver"	"stderr"	"2025/05/30 20:29:59 golangci-lint-langserver: connections opened\n"
[START][2025-05-30 20:32:50] LSP logging initiated
[ERROR][2025-05-30 20:32:50] ...p/_transport.lua:36	"rpc"	"golangci-lint-langserver"	"stderr"	"2025/05/30 20:32:50 golangci-lint-langserver: connections opened\n"
[ERROR][2025-05-30 20:35:40] ...lsp/handlers.lua:562	"[AsyncCompletionManager] [8a77cb21-a14d-44e2-8c37-08d15ab16ff9] Request errored with AbortError: The operation was aborted.\n    at EventEmitter.abortHandler (/home/khel/dotfiles/local/.local/share/nvim/lazy/copilot.lua/copilot/node_modules/@adobe/helix-fetch/src/fetch/index.js:106:17)\n    at EventEmitter.emit (node:events:507:28)\n    at GT.dispatchEvent (/home/khel/dotfiles/local/.local/share/nvim/lazy/copilot.lua/copilot/node_modules/@adobe/helix-fetch/src/fetch/abort.js:67:41)\n    at GT.fire (/home/khel/dotfiles/local/.local/share/nvim/lazy/copilot.lua/copilot/node_modules/@adobe/helix-fetch/src/fetch/abort.js:72:10)\n    at Q$.abort (/home/khel/dotfiles/local/.local/share/nvim/lazy/copilot.lua/copilot/node_modules/@adobe/helix-fetch/src/fetch/abort.js:137:39)\n    at /home/khel/dotfiles/local/.local/share/nvim/lazy/copilot.lua/copilot/lib/src/networking.ts:254:19\n    at wX.invoke (/home/khel/dotfiles/local/.local/share/nvim/lazy/copilot.lua/copilot/node_modules/vscode-jsonrpc/lib/common/events.js:55:39)\n    at e.fire (/home/khel/dotfiles/local/.local/share/nvim/lazy/copilot.lua/copilot/node_modules/vscode-jsonrpc/lib/common/events.js:117:36)\n    at AL.cancel (/home/khel/dotfiles/local/.local/share/nvim/lazy/copilot.lua/copilot/node_modules/vscode-jsonrpc/lib/common/cancellation.js:41:31)\n    at SX.cancel (/home/khel/dotfiles/local/.local/share/nvim/lazy/copilot.lua/copilot/node_modules/vscode-jsonrpc/lib/common/cancellation.js:82:25) {\n  type: 'aborted',\n  _name: 'AbortError'\n}"
[START][2025-05-30 20:43:42] LSP logging initiated
[ERROR][2025-05-30 20:43:42] ...p/_transport.lua:36	"rpc"	"golangci-lint-langserver"	"stderr"	"2025/05/30 20:43:42 golangci-lint-langserver: connections opened\n"
[START][2025-05-30 20:59:46] LSP logging initiated
[ERROR][2025-05-30 20:59:46] ...p/_transport.lua:36	"rpc"	"golangci-lint-langserver"	"stderr"	"2025/05/30 20:59:46 golangci-lint-langserver: connections opened\n"
[START][2025-05-30 21:04:01] LSP logging initiated
[ERROR][2025-05-30 21:04:01] ...p/_transport.lua:36	"rpc"	"golangci-lint-langserver"	"stderr"	"2025/05/30 21:04:01 golangci-lint-langserver: connections opened\n"
[ERROR][2025-05-30 21:19:54] ...p/_transport.lua:36	"rpc"	"golangci-lint-langserver"	"stderr"	'2025/05/30 21:19:54 jsonrpc2 handler: notification "exit" handling error: jsonrpc2: code -32601 message: method not supported: exit\n'
[START][2025-05-30 21:20:06] LSP logging initiated
[ERROR][2025-05-30 21:20:06] ...p/_transport.lua:36	"rpc"	"golangci-lint-langserver"	"stderr"	"2025/05/30 21:20:06 golangci-lint-langserver: connections opened\n"
[ERROR][2025-05-30 21:21:50] ...lsp/handlers.lua:562	"2025/05/30 21:21:50 no completions found: getting file file:///home/khel/KhelDev/go/workout_tracker/cmd/webserver/main.go for Completion: <nil> (package completions: invalid position for package completion: cursor in non-matching ident)\n\tposition=0:5\n"
[ERROR][2025-05-30 21:21:50] ...lsp/handlers.lua:562	"2025/05/30 21:21:50 no completions found: getting file file:///home/khel/KhelDev/go/workout_tracker/cmd/webserver/main.go for Completion: <nil> (package completions: invalid position for package completion: cursor in non-matching ident)\n\tposition=0:6\n"
[ERROR][2025-05-30 21:21:51] ...lsp/handlers.lua:562	"2025/05/30 21:21:51 no completions found: getting file file:///home/khel/KhelDev/go/workout_tracker/cmd/webserver/main.go for Completion: <nil> (package completions: invalid position for package completion: cursor in non-matching ident)\n\tposition=0:5\n"
[ERROR][2025-05-30 21:23:53] ...lsp/handlers.lua:562	"2025/05/30 21:23:53 signature help failed: cannot get type for Fun *ast.SelectorExpr (&{log Fatal})\n\tposition=10:11\n"
[START][2025-05-30 21:26:32] LSP logging initiated
[ERROR][2025-05-30 21:26:32] ...p/_transport.lua:36	"rpc"	"golangci-lint-langserver"	"stderr"	"2025/05/30 21:26:32 golangci-lint-langserver: connections opened\n"
[START][2025-05-30 21:28:20] LSP logging initiated
[ERROR][2025-05-30 21:28:20] ...p/_transport.lua:36	"rpc"	"golangci-lint-langserver"	"stderr"	"2025/05/30 21:28:20 golangci-lint-langserver: connections opened\n"
[ERROR][2025-05-30 21:36:36] ...lsp/handlers.lua:562	"[lsp] Request getCompletions: RangeError: Illegal value for lineNumber\n    at e.lineAt (/home/khel/dotfiles/local/.local/share/nvim/lazy/copilot.lua/copilot/lib/src/textDocument.ts:275:19)\n    at isMiddleOfTheLine (/home/khel/dotfiles/local/.local/share/nvim/lazy/copilot.lua/copilot/lib/src/ghostText/ghostText.ts:1267:22)\n    at isInlineSuggestion (/home/khel/dotfiles/local/.local/share/nvim/lazy/copilot.lua/copilot/lib/src/ghostText/ghostText.ts:1253:28)\n    at getGhostTextWithoutAbortHandling (/home/khel/dotfiles/local/.local/share/nvim/lazy/copilot.lua/copilot/lib/src/ghostText/ghostText.ts:646:30)\n    at getGhostText (/home/khel/dotfiles/local/.local/share/nvim/lazy/copilot.lua/copilot/lib/src/ghostText/ghostText.ts:1156:22)\n    at getInlineCompletionsResult (/home/khel/dotfiles/local/.local/share/nvim/lazy/copilot.lua/copilot/lib/src/inlineCompletion.ts:30:20)\n    at getInlineCompletions (/home/khel/dotfiles/local/.local/share/nvim/lazy/copilot.lua/copilot/lib/src/inlineCompletion.ts:75:20)\n    at handleGetCompletionsHelper (/home/khel/dotfiles/local/.local/share/nvim/lazy/copilot.lua/copilot/agent/src/methods/getCompletions.ts:94:28)\n    at Wr.messageHandler (/home/khel/dotfiles/local/.local/share/nvim/lazy/copilot.lua/copilot/agent/src/service.ts:319:45)"
[ERROR][2025-05-30 21:36:37] ...lsp/handlers.lua:562	"[lsp] Request getCompletions: RangeError: Illegal value for lineNumber\n    at e.lineAt (/home/khel/dotfiles/local/.local/share/nvim/lazy/copilot.lua/copilot/lib/src/textDocument.ts:275:19)\n    at isMiddleOfTheLine (/home/khel/dotfiles/local/.local/share/nvim/lazy/copilot.lua/copilot/lib/src/ghostText/ghostText.ts:1267:22)\n    at isInlineSuggestion (/home/khel/dotfiles/local/.local/share/nvim/lazy/copilot.lua/copilot/lib/src/ghostText/ghostText.ts:1253:28)\n    at getGhostTextWithoutAbortHandling (/home/khel/dotfiles/local/.local/share/nvim/lazy/copilot.lua/copilot/lib/src/ghostText/ghostText.ts:646:30)\n    at getGhostText (/home/khel/dotfiles/local/.local/share/nvim/lazy/copilot.lua/copilot/lib/src/ghostText/ghostText.ts:1156:22)\n    at getInlineCompletionsResult (/home/khel/dotfiles/local/.local/share/nvim/lazy/copilot.lua/copilot/lib/src/inlineCompletion.ts:30:20)\n    at getInlineCompletions (/home/khel/dotfiles/local/.local/share/nvim/lazy/copilot.lua/copilot/lib/src/inlineCompletion.ts:75:20)\n    at handleGetCompletionsHelper (/home/khel/dotfiles/local/.local/share/nvim/lazy/copilot.lua/copilot/agent/src/methods/getCompletions.ts:94:28)\n    at Wr.messageHandler (/home/khel/dotfiles/local/.local/share/nvim/lazy/copilot.lua/copilot/agent/src/service.ts:319:45)"
[ERROR][2025-05-30 21:36:37] ...lsp/handlers.lua:562	"[lsp] Request getCompletions: RangeError: Illegal value for lineNumber\n    at e.lineAt (/home/khel/dotfiles/local/.local/share/nvim/lazy/copilot.lua/copilot/lib/src/textDocument.ts:275:19)\n    at isMiddleOfTheLine (/home/khel/dotfiles/local/.local/share/nvim/lazy/copilot.lua/copilot/lib/src/ghostText/ghostText.ts:1267:22)\n    at isInlineSuggestion (/home/khel/dotfiles/local/.local/share/nvim/lazy/copilot.lua/copilot/lib/src/ghostText/ghostText.ts:1253:28)\n    at getGhostTextWithoutAbortHandling (/home/khel/dotfiles/local/.local/share/nvim/lazy/copilot.lua/copilot/lib/src/ghostText/ghostText.ts:646:30)\n    at getGhostText (/home/khel/dotfiles/local/.local/share/nvim/lazy/copilot.lua/copilot/lib/src/ghostText/ghostText.ts:1156:22)\n    at getInlineCompletionsResult (/home/khel/dotfiles/local/.local/share/nvim/lazy/copilot.lua/copilot/lib/src/inlineCompletion.ts:30:20)\n    at getInlineCompletions (/home/khel/dotfiles/local/.local/share/nvim/lazy/copilot.lua/copilot/lib/src/inlineCompletion.ts:75:20)\n    at handleGetCompletionsHelper (/home/khel/dotfiles/local/.local/share/nvim/lazy/copilot.lua/copilot/agent/src/methods/getCompletions.ts:94:28)\n    at Wr.messageHandler (/home/khel/dotfiles/local/.local/share/nvim/lazy/copilot.lua/copilot/agent/src/service.ts:319:45)"
[ERROR][2025-05-30 21:36:37] ...lsp/handlers.lua:562	"[lsp] Request getCompletions: RangeError: Illegal value for lineNumber\n    at e.lineAt (/home/khel/dotfiles/local/.local/share/nvim/lazy/copilot.lua/copilot/lib/src/textDocument.ts:275:19)\n    at isMiddleOfTheLine (/home/khel/dotfiles/local/.local/share/nvim/lazy/copilot.lua/copilot/lib/src/ghostText/ghostText.ts:1267:22)\n    at isInlineSuggestion (/home/khel/dotfiles/local/.local/share/nvim/lazy/copilot.lua/copilot/lib/src/ghostText/ghostText.ts:1253:28)\n    at getGhostTextWithoutAbortHandling (/home/khel/dotfiles/local/.local/share/nvim/lazy/copilot.lua/copilot/lib/src/ghostText/ghostText.ts:646:30)\n    at getGhostText (/home/khel/dotfiles/local/.local/share/nvim/lazy/copilot.lua/copilot/lib/src/ghostText/ghostText.ts:1156:22)\n    at getInlineCompletionsResult (/home/khel/dotfiles/local/.local/share/nvim/lazy/copilot.lua/copilot/lib/src/inlineCompletion.ts:30:20)\n    at getInlineCompletions (/home/khel/dotfiles/local/.local/share/nvim/lazy/copilot.lua/copilot/lib/src/inlineCompletion.ts:75:20)\n    at handleGetCompletionsHelper (/home/khel/dotfiles/local/.local/share/nvim/lazy/copilot.lua/copilot/agent/src/methods/getCompletions.ts:94:28)\n    at Wr.messageHandler (/home/khel/dotfiles/local/.local/share/nvim/lazy/copilot.lua/copilot/agent/src/service.ts:319:45)"
[ERROR][2025-05-30 21:36:37] ...lsp/handlers.lua:562	"[lsp] Request getCompletions: RangeError: Illegal value for lineNumber\n    at e.lineAt (/home/khel/dotfiles/local/.local/share/nvim/lazy/copilot.lua/copilot/lib/src/textDocument.ts:275:19)\n    at isMiddleOfTheLine (/home/khel/dotfiles/local/.local/share/nvim/lazy/copilot.lua/copilot/lib/src/ghostText/ghostText.ts:1267:22)\n    at isInlineSuggestion (/home/khel/dotfiles/local/.local/share/nvim/lazy/copilot.lua/copilot/lib/src/ghostText/ghostText.ts:1253:28)\n    at getGhostTextWithoutAbortHandling (/home/khel/dotfiles/local/.local/share/nvim/lazy/copilot.lua/copilot/lib/src/ghostText/ghostText.ts:646:30)\n    at getGhostText (/home/khel/dotfiles/local/.local/share/nvim/lazy/copilot.lua/copilot/lib/src/ghostText/ghostText.ts:1156:22)\n    at getInlineCompletionsResult (/home/khel/dotfiles/local/.local/share/nvim/lazy/copilot.lua/copilot/lib/src/inlineCompletion.ts:30:20)\n    at getInlineCompletions (/home/khel/dotfiles/local/.local/share/nvim/lazy/copilot.lua/copilot/lib/src/inlineCompletion.ts:75:20)\n    at handleGetCompletionsHelper (/home/khel/dotfiles/local/.local/share/nvim/lazy/copilot.lua/copilot/agent/src/methods/getCompletions.ts:94:28)\n    at Wr.messageHandler (/home/khel/dotfiles/local/.local/share/nvim/lazy/copilot.lua/copilot/agent/src/service.ts:319:45)"
[ERROR][2025-05-30 21:36:40] ...p/_transport.lua:36	"rpc"	"golangci-lint-langserver"	"stderr"	'2025/05/30 21:36:40 jsonrpc2 handler: notification "exit" handling error: jsonrpc2: code -32601 message: method not supported: exit\n'
[START][2025-05-30 21:36:47] LSP logging initiated
[ERROR][2025-05-30 21:36:47] ...p/_transport.lua:36	"rpc"	"golangci-lint-langserver"	"stderr"	"2025/05/30 21:36:47 golangci-lint-langserver: connections opened\n"
[START][2025-05-30 21:37:00] LSP logging initiated
[ERROR][2025-05-30 21:37:00] ...p/_transport.lua:36	"rpc"	"golangci-lint-langserver"	"stderr"	"2025/05/30 21:37:00 golangci-lint-langserver: connections opened\n"
[START][2025-05-30 21:37:09] LSP logging initiated
[ERROR][2025-05-30 21:37:09] ...p/_transport.lua:36	"rpc"	"golangci-lint-langserver"	"stderr"	"2025/05/30 21:37:09 golangci-lint-langserver: connections opened\n"
[ERROR][2025-05-30 22:03:32] ...lsp/handlers.lua:562	"2025/05/30 22:03:32 signature help failed: cannot get type for Fun *ast.SelectorExpr (&{0xc00c17b560 Stringg})\n\tposition=117:26\n"
[START][2025-05-30 22:08:55] LSP logging initiated
[ERROR][2025-05-30 22:08:55] ...p/_transport.lua:36	"rpc"	"golangci-lint-langserver"	"stderr"	"2025/05/30 22:08:55 golangci-lint-langserver: connections opened\n"
[ERROR][2025-05-30 22:10:27] ...p/_transport.lua:36	"rpc"	"golangci-lint-langserver"	"stderr"	'2025/05/30 22:10:27 jsonrpc2 handler: notification "exit" handling error: jsonrpc2: code -32601 message: method not supported: exit\n'
[START][2025-05-30 22:13:03] LSP logging initiated
[ERROR][2025-05-30 22:13:03] ...p/_transport.lua:36	"rpc"	"golangci-lint-langserver"	"stderr"	"2025/05/30 22:13:03 golangci-lint-langserver: connections opened\n"
[ERROR][2025-05-30 22:17:50] ...lsp/handlers.lua:562	"2025/05/30 22:17:50 signature help failed: cannot get type for Fun *ast.Ident (newWorkoutPlanList)\n\tposition=120:33\n"
[ERROR][2025-05-30 22:18:37] ...lsp/handlers.lua:562	"2025/05/30 22:18:37 signature help failed: cannot get type for Fun *ast.Ident (newWorkoutPlanList)\n\tposition=120:34\n"
[START][2025-05-30 22:21:01] LSP logging initiated
[ERROR][2025-05-30 22:21:01] ...p/_transport.lua:36	"rpc"	"golangci-lint-langserver"	"stderr"	"2025/05/30 22:21:01 golangci-lint-langserver: connections opened\n"
[START][2025-05-30 22:28:11] LSP logging initiated
[ERROR][2025-05-30 22:28:11] ...p/_transport.lua:36	"rpc"	"golangci-lint-langserver"	"stderr"	"2025/05/30 22:28:11 golangci-lint-langserver: connections opened\n"
[ERROR][2025-05-30 22:37:20] ...lsp/handlers.lua:562	'[default] unhandledRejection: BugIndicatingError: Invalid range: [3217, 3213) from {"start":{"line":132,"character":14},"end":{"line":133,"character":7}}\n    at rue.editFromLspContentChange (/home/khel/dotfiles/local/.local/share/nvim/lazy/copilot.lua/copilot/lib/src/nextEditSuggestions/observableLspWorkspace.ts:197:23)\n    at /home/khel/dotfiles/local/.local/share/nvim/lazy/copilot.lua/copilot/lib/src/nextEditSuggestions/observableLspWorkspace.ts:183:55\n    at Array.map (<anonymous>)\n    at rue.editFromLspContentChanges (/home/khel/dotfiles/local/.local/share/nvim/lazy/copilot.lua/copilot/lib/src/nextEditSuggestions/observableLspWorkspace.ts:183:41)\n    at rue.applyLspContentChanges (/home/khel/dotfiles/local/.local/share/nvim/lazy/copilot.lua/copilot/lib/src/nextEditSuggestions/observableLspWorkspace.ts:170:28)\n    at sj.onDidChangeLspDocument (/home/khel/dotfiles/local/.local/share/nvim/lazy/copilot.lua/copilot/lib/src/nextEditSuggestions/observableLspWorkspace.ts:83:17)\n    at /home/khel/dotfiles/local/.local/share/nvim/lazy/copilot.lua/copilot/lib/src/nextEditSuggestions/observableLspWorkspace.ts:63:18\n    at EventEmitter.emit (node:events:507:28)\n    at _me.update (/home/khel/dotfiles/local/.local/share/nvim/lazy/copilot.lua/copilot/agent/src/textDocumentManager.ts:66:26)\n    at /home/khel/dotfiles/local/.local/share/nvim/lazy/copilot.lua/copilot/agent/src/textDocumentManager.ts:134:66'
[START][2025-05-30 22:38:55] LSP logging initiated
[ERROR][2025-05-30 22:38:55] ...p/_transport.lua:36	"rpc"	"golangci-lint-langserver"	"stderr"	"2025/05/30 22:38:55 golangci-lint-langserver: connections opened\n"
[START][2025-05-30 22:52:41] LSP logging initiated
[ERROR][2025-05-30 22:52:41] ...p/_transport.lua:36	"rpc"	"golangci-lint-langserver"	"stderr"	"2025/05/30 22:52:41 golangci-lint-langserver: connections opened\n"
[START][2025-05-30 22:54:13] LSP logging initiated
[ERROR][2025-05-30 22:54:13] ...p/_transport.lua:36	"rpc"	"golangci-lint-langserver"	"stderr"	"2025/05/30 22:54:13 golangci-lint-langserver: connections opened\n"
[START][2025-05-30 23:14:51] LSP logging initiated
[ERROR][2025-05-30 23:14:51] ...p/_transport.lua:36	"rpc"	"golangci-lint-langserver"	"stderr"	"2025/05/30 23:14:51 golangci-lint-langserver: connections opened\n"
[START][2025-05-30 23:19:52] LSP logging initiated
[ERROR][2025-05-30 23:19:52] ...p/_transport.lua:36	"rpc"	"golangci-lint-langserver"	"stderr"	"2025/05/30 23:19:52 golangci-lint-langserver: connections opened\n"
[START][2025-05-30 23:28:46] LSP logging initiated
[ERROR][2025-05-30 23:28:46] ...p/_transport.lua:36	"rpc"	"golangci-lint-langserver"	"stderr"	"2025/05/30 23:28:46 golangci-lint-langserver: connections opened\n"
[START][2025-05-30 23:33:45] LSP logging initiated
[ERROR][2025-05-30 23:33:45] ...p/_transport.lua:36	"rpc"	"golangci-lint-langserver"	"stderr"	"2025/05/30 23:33:45 golangci-lint-langserver: connections opened\n"
[ERROR][2025-05-30 23:39:44] ...p/_transport.lua:36	"rpc"	"golangci-lint-langserver"	"stderr"	'2025/05/30 23:39:44 jsonrpc2 handler: notification "exit" handling error: jsonrpc2: code -32601 message: method not supported: exit\n'
[START][2025-06-02 16:08:07] LSP logging initiated
[ERROR][2025-06-02 16:08:07] ...p/_transport.lua:36	"rpc"	"golangci-lint-langserver"	"stderr"	"2025/06/02 16:08:07 golangci-lint-langserver: connections opened\n"
[ERROR][2025-06-02 16:08:50] ...lsp/handlers.lua:562	"2025/06/02 16:08:50 signature help failed: call operand is not a func or type: *ast.Ident (make)\n\tposition=7:35\n"
[ERROR][2025-06-02 16:11:09] ...p/_transport.lua:36	"rpc"	"golangci-lint-langserver"	"stderr"	'2025/06/02 16:11:09 jsonrpc2 handler: notification "exit" handling error: jsonrpc2: code -32601 message: method not supported: exit\n'
[START][2025-06-02 16:11:15] LSP logging initiated
[ERROR][2025-06-02 16:11:15] ...p/_transport.lua:36	"rpc"	"golangci-lint-langserver"	"stderr"	"2025/06/02 16:11:15 golangci-lint-langserver: connections opened\n"
[START][2025-06-02 16:11:34] LSP logging initiated
[ERROR][2025-06-02 16:11:34] ...p/_transport.lua:36	"rpc"	"golangci-lint-langserver"	"stderr"	"2025/06/02 16:11:34 golangci-lint-langserver: connections opened\n"
[ERROR][2025-06-02 16:19:08] ...lsp/handlers.lua:562	"2025/06/02 16:19:08 signature help failed: call operand is not a func or type: *ast.Ident (append)\n\tposition=32:23\n"
[START][2025-06-02 18:00:08] LSP logging initiated
[ERROR][2025-06-02 18:00:08] ...p/_transport.lua:36	"rpc"	"golangci-lint-langserver"	"stderr"	"2025/06/02 18:00:08 golangci-lint-langserver: connections opened\n"
[START][2025-06-02 20:37:39] LSP logging initiated
[ERROR][2025-06-02 20:37:39] ...p/_transport.lua:36	"rpc"	"golangci-lint-langserver"	"stderr"	"2025/06/02 20:37:39 golangci-lint-langserver: connections opened\n"
[ERROR][2025-06-02 20:37:42] ...p/_transport.lua:36	"rpc"	"golangci-lint-langserver"	"stderr"	'2025/06/02 20:37:42 jsonrpc2 handler: notification "exit" handling error: jsonrpc2: code -32601 message: method not supported: exit\n'
[START][2025-06-02 20:37:51] LSP logging initiated
[ERROR][2025-06-02 20:37:51] ...p/_transport.lua:36	"rpc"	"golangci-lint-langserver"	"stderr"	"2025/06/02 20:37:51 golangci-lint-langserver: connections opened\n"
[ERROR][2025-06-02 20:49:27] ...p/_transport.lua:36	"rpc"	"golangci-lint-langserver"	"stderr"	'2025/06/02 20:49:27 jsonrpc2 handler: notification "exit" handling error: jsonrpc2: code -32601 message: method not supported: exit\n'
[START][2025-06-02 21:06:00] LSP logging initiated
[WARN][2025-06-02 21:06:00] .../lua/vim/lsp.lua:52	"method textDocument/hover is not supported by any of the servers registered for the current buffer"
[WARN][2025-06-02 21:06:00] .../lua/vim/lsp.lua:52	"method textDocument/hover is not supported by any of the servers registered for the current buffer"
[WARN][2025-06-02 21:06:09] .../lua/vim/lsp.lua:52	"method textDocument/hover is not supported by any of the servers registered for the current buffer"
[WARN][2025-06-02 21:06:10] .../lua/vim/lsp.lua:52	"method textDocument/hover is not supported by any of the servers registered for the current buffer"
[START][2025-06-02 21:20:10] LSP logging initiated
[ERROR][2025-06-02 21:20:10] ...p/_transport.lua:36	"rpc"	"golangci-lint-langserver"	"stderr"	"2025/06/02 21:20:10 golangci-lint-langserver: connections opened\n"
[ERROR][2025-06-02 21:45:12] ...lsp/handlers.lua:562	'2025/06/02 21:45:12 go/packages.Load #39: err: exit status 1: stderr: go: updates to go.mod needed; to update it:\n\tgo mod tidy\n\n\tview_id="1"\n\tsnapshot=440\n\tdirectory=/home/khel/KhelDev/go/workout_tracker\n\tquery=[github.com/Oriseer/workout_tracker/cmd/dataseeder]\n\tpackages=0\n\tduration=33.227663ms\n'
[ERROR][2025-06-02 21:45:12] ...lsp/handlers.lua:562	'2025/06/02 21:45:12 reloading workspace: packages.Load error: err: exit status 1: stderr: go: updates to go.mod needed; to update it:\n\tgo mod tidy\n\n\tview_id="1"\n\tsnapshot=440\n\tdirectory=/home/khel/KhelDev/go/workout_tracker\n'
[ERROR][2025-06-02 21:52:28] ...p/_transport.lua:36	"rpc"	"golangci-lint-langserver"	"stderr"	'2025/06/02 21:52:28 jsonrpc2 handler: notification "exit" handling error: jsonrpc2: code -32601 message: method not supported: exit\n'
[START][2025-06-03 17:19:24] LSP logging initiated
[ERROR][2025-06-03 17:19:24] ...p/_transport.lua:36	"rpc"	"golangci-lint-langserver"	"stderr"	"2025/06/03 17:19:24 golangci-lint-langserver: connections opened\n"
[ERROR][2025-06-03 17:21:27] ...lsp/handlers.lua:562	"[lsp] Request getCompletions: HttpTimeoutError: Request to <https://api.github.com/copilot_internal/v2/token> timed out after 120000ms\n    at /home/khel/dotfiles/local/.local/share/nvim/lazy/copilot.lua/copilot/lib/src/network/helix.ts:96:19\n    at processTicksAndRejections (node:internal/process/task_queues:105:5)\n    at jT.fetch (/home/khel/dotfiles/local/.local/share/nvim/lazy/copilot.lua/copilot/lib/src/network/helix.ts:94:22)\n    ... 3 lines matching cause stack trace ...\n    at u8.fetchCopilotTokenEnvelope (/home/khel/dotfiles/local/.local/share/nvim/lazy/copilot.lua/copilot/lib/src/auth/copilotTokenManager.ts:88:29) {\n  [cause]: AbortError: The operation was aborted.\n      at fetch (/home/khel/dotfiles/local/.local/share/nvim/lazy/copilot.lua/copilot/node_modules/@adobe/helix-fetch/src/fetch/index.js:96:13)\n      at processTicksAndRejections (node:internal/process/task_queues:105:5)\n      at cachingFetch (/home/khel/dotfiles/local/.local/share/nvim/lazy/copilot.lua/copilot/node_modules/@adobe/helix-fetch/src/fetch/index.js:288:16)\n      at jT.fetch (/home/khel/dotfiles/local/.local/share/nvim/lazy/copilot.lua/copilot/lib/src/network/helix.ts:94:22)\n      at apiFetch (/home/khel/dotfiles/local/.local/share/nvim/lazy/copilot.lua/copilot/lib/src/network/github.ts:22:12)\n      at fetchCopilotToken (/home/khel/dotfiles/local/.local/share/nvim/lazy/copilot.lua/copilot/lib/src/auth/copilotToken.ts:227:16)\n      at authFromGitHubToken (/home/khel/dotfiles/local/.local/share/nvim/lazy/copilot.lua/copilot/lib/src/auth/copilotToken.ts:150:22)\n      at u8.fetchCopilotTokenEnvelope (/home/khel/dotfiles/local/.local/share/nvim/lazy/copilot.lua/copilot/lib/src/auth/copilotTokenManager.ts:88:29) {\n    type: 'aborted',\n    _name: 'AbortError'\n  }\n}"
[ERROR][2025-06-03 17:21:27] ...lsp/handlers.lua:562	"[lsp] Request getCompletions: HttpTimeoutError: Request to <https://api.github.com/copilot_internal/v2/token> timed out after 120000ms\n    at /home/khel/dotfiles/local/.local/share/nvim/lazy/copilot.lua/copilot/lib/src/network/helix.ts:96:19\n    at processTicksAndRejections (node:internal/process/task_queues:105:5)\n    at jT.fetch (/home/khel/dotfiles/local/.local/share/nvim/lazy/copilot.lua/copilot/lib/src/network/helix.ts:94:22)\n    ... 3 lines matching cause stack trace ...\n    at u8.fetchCopilotTokenEnvelope (/home/khel/dotfiles/local/.local/share/nvim/lazy/copilot.lua/copilot/lib/src/auth/copilotTokenManager.ts:88:29) {\n  [cause]: AbortError: The operation was aborted.\n      at fetch (/home/khel/dotfiles/local/.local/share/nvim/lazy/copilot.lua/copilot/node_modules/@adobe/helix-fetch/src/fetch/index.js:96:13)\n      at processTicksAndRejections (node:internal/process/task_queues:105:5)\n      at cachingFetch (/home/khel/dotfiles/local/.local/share/nvim/lazy/copilot.lua/copilot/node_modules/@adobe/helix-fetch/src/fetch/index.js:288:16)\n      at jT.fetch (/home/khel/dotfiles/local/.local/share/nvim/lazy/copilot.lua/copilot/lib/src/network/helix.ts:94:22)\n      at apiFetch (/home/khel/dotfiles/local/.local/share/nvim/lazy/copilot.lua/copilot/lib/src/network/github.ts:22:12)\n      at fetchCopilotToken (/home/khel/dotfiles/local/.local/share/nvim/lazy/copilot.lua/copilot/lib/src/auth/copilotToken.ts:227:16)\n      at authFromGitHubToken (/home/khel/dotfiles/local/.local/share/nvim/lazy/copilot.lua/copilot/lib/src/auth/copilotToken.ts:150:22)\n      at u8.fetchCopilotTokenEnvelope (/home/khel/dotfiles/local/.local/share/nvim/lazy/copilot.lua/copilot/lib/src/auth/copilotTokenManager.ts:88:29) {\n    type: 'aborted',\n    _name: 'AbortError'\n  }\n}"
[ERROR][2025-06-03 17:21:27] ...lsp/handlers.lua:562	"[lsp] Request getCompletions: HttpTimeoutError: Request to <https://api.github.com/copilot_internal/v2/token> timed out after 120000ms\n    at /home/khel/dotfiles/local/.local/share/nvim/lazy/copilot.lua/copilot/lib/src/network/helix.ts:96:19\n    at processTicksAndRejections (node:internal/process/task_queues:105:5)\n    at jT.fetch (/home/khel/dotfiles/local/.local/share/nvim/lazy/copilot.lua/copilot/lib/src/network/helix.ts:94:22)\n    ... 3 lines matching cause stack trace ...\n    at u8.fetchCopilotTokenEnvelope (/home/khel/dotfiles/local/.local/share/nvim/lazy/copilot.lua/copilot/lib/src/auth/copilotTokenManager.ts:88:29) {\n  [cause]: AbortError: The operation was aborted.\n      at fetch (/home/khel/dotfiles/local/.local/share/nvim/lazy/copilot.lua/copilot/node_modules/@adobe/helix-fetch/src/fetch/index.js:96:13)\n      at processTicksAndRejections (node:internal/process/task_queues:105:5)\n      at cachingFetch (/home/khel/dotfiles/local/.local/share/nvim/lazy/copilot.lua/copilot/node_modules/@adobe/helix-fetch/src/fetch/index.js:288:16)\n      at jT.fetch (/home/khel/dotfiles/local/.local/share/nvim/lazy/copilot.lua/copilot/lib/src/network/helix.ts:94:22)\n      at apiFetch (/home/khel/dotfiles/local/.local/share/nvim/lazy/copilot.lua/copilot/lib/src/network/github.ts:22:12)\n      at fetchCopilotToken (/home/khel/dotfiles/local/.local/share/nvim/lazy/copilot.lua/copilot/lib/src/auth/copilotToken.ts:227:16)\n      at authFromGitHubToken (/home/khel/dotfiles/local/.local/share/nvim/lazy/copilot.lua/copilot/lib/src/auth/copilotToken.ts:150:22)\n      at u8.fetchCopilotTokenEnvelope (/home/khel/dotfiles/local/.local/share/nvim/lazy/copilot.lua/copilot/lib/src/auth/copilotTokenManager.ts:88:29) {\n    type: 'aborted',\n    _name: 'AbortError'\n  }\n}"
[ERROR][2025-06-03 17:21:27] ...lsp/handlers.lua:562	"[lsp] Request getCompletions: HttpTimeoutError: Request to <https://api.github.com/copilot_internal/v2/token> timed out after 120000ms\n    at /home/khel/dotfiles/local/.local/share/nvim/lazy/copilot.lua/copilot/lib/src/network/helix.ts:96:19\n    at processTicksAndRejections (node:internal/process/task_queues:105:5)\n    at jT.fetch (/home/khel/dotfiles/local/.local/share/nvim/lazy/copilot.lua/copilot/lib/src/network/helix.ts:94:22)\n    ... 3 lines matching cause stack trace ...\n    at u8.fetchCopilotTokenEnvelope (/home/khel/dotfiles/local/.local/share/nvim/lazy/copilot.lua/copilot/lib/src/auth/copilotTokenManager.ts:88:29) {\n  [cause]: AbortError: The operation was aborted.\n      at fetch (/home/khel/dotfiles/local/.local/share/nvim/lazy/copilot.lua/copilot/node_modules/@adobe/helix-fetch/src/fetch/index.js:96:13)\n      at processTicksAndRejections (node:internal/process/task_queues:105:5)\n      at cachingFetch (/home/khel/dotfiles/local/.local/share/nvim/lazy/copilot.lua/copilot/node_modules/@adobe/helix-fetch/src/fetch/index.js:288:16)\n      at jT.fetch (/home/khel/dotfiles/local/.local/share/nvim/lazy/copilot.lua/copilot/lib/src/network/helix.ts:94:22)\n      at apiFetch (/home/khel/dotfiles/local/.local/share/nvim/lazy/copilot.lua/copilot/lib/src/network/github.ts:22:12)\n      at fetchCopilotToken (/home/khel/dotfiles/local/.local/share/nvim/lazy/copilot.lua/copilot/lib/src/auth/copilotToken.ts:227:16)\n      at authFromGitHubToken (/home/khel/dotfiles/local/.local/share/nvim/lazy/copilot.lua/copilot/lib/src/auth/copilotToken.ts:150:22)\n      at u8.fetchCopilotTokenEnvelope (/home/khel/dotfiles/local/.local/share/nvim/lazy/copilot.lua/copilot/lib/src/auth/copilotTokenManager.ts:88:29) {\n    type: 'aborted',\n    _name: 'AbortError'\n  }\n}"
[ERROR][2025-06-03 17:21:27] ...lsp/handlers.lua:562	"[lsp] Request getCompletions: HttpTimeoutError: Request to <https://api.github.com/copilot_internal/v2/token> timed out after 120000ms\n    at /home/khel/dotfiles/local/.local/share/nvim/lazy/copilot.lua/copilot/lib/src/network/helix.ts:96:19\n    at processTicksAndRejections (node:internal/process/task_queues:105:5)\n    at jT.fetch (/home/khel/dotfiles/local/.local/share/nvim/lazy/copilot.lua/copilot/lib/src/network/helix.ts:94:22)\n    ... 3 lines matching cause stack trace ...\n    at u8.fetchCopilotTokenEnvelope (/home/khel/dotfiles/local/.local/share/nvim/lazy/copilot.lua/copilot/lib/src/auth/copilotTokenManager.ts:88:29) {\n  [cause]: AbortError: The operation was aborted.\n      at fetch (/home/khel/dotfiles/local/.local/share/nvim/lazy/copilot.lua/copilot/node_modules/@adobe/helix-fetch/src/fetch/index.js:96:13)\n      at processTicksAndRejections (node:internal/process/task_queues:105:5)\n      at cachingFetch (/home/khel/dotfiles/local/.local/share/nvim/lazy/copilot.lua/copilot/node_modules/@adobe/helix-fetch/src/fetch/index.js:288:16)\n      at jT.fetch (/home/khel/dotfiles/local/.local/share/nvim/lazy/copilot.lua/copilot/lib/src/network/helix.ts:94:22)\n      at apiFetch (/home/khel/dotfiles/local/.local/share/nvim/lazy/copilot.lua/copilot/lib/src/network/github.ts:22:12)\n      at fetchCopilotToken (/home/khel/dotfiles/local/.local/share/nvim/lazy/copilot.lua/copilot/lib/src/auth/copilotToken.ts:227:16)\n      at authFromGitHubToken (/home/khel/dotfiles/local/.local/share/nvim/lazy/copilot.lua/copilot/lib/src/auth/copilotToken.ts:150:22)\n      at u8.fetchCopilotTokenEnvelope (/home/khel/dotfiles/local/.local/share/nvim/lazy/copilot.lua/copilot/lib/src/auth/copilotTokenManager.ts:88:29) {\n    type: 'aborted',\n    _name: 'AbortError'\n  }\n}"
[ERROR][2025-06-03 17:21:27] ...lsp/handlers.lua:562	"[lsp] Request getCompletions: HttpTimeoutError: Request to <https://api.github.com/copilot_internal/v2/token> timed out after 120000ms\n    at /home/khel/dotfiles/local/.local/share/nvim/lazy/copilot.lua/copilot/lib/src/network/helix.ts:96:19\n    at processTicksAndRejections (node:internal/process/task_queues:105:5)\n    at jT.fetch (/home/khel/dotfiles/local/.local/share/nvim/lazy/copilot.lua/copilot/lib/src/network/helix.ts:94:22)\n    ... 3 lines matching cause stack trace ...\n    at u8.fetchCopilotTokenEnvelope (/home/khel/dotfiles/local/.local/share/nvim/lazy/copilot.lua/copilot/lib/src/auth/copilotTokenManager.ts:88:29) {\n  [cause]: AbortError: The operation was aborted.\n      at fetch (/home/khel/dotfiles/local/.local/share/nvim/lazy/copilot.lua/copilot/node_modules/@adobe/helix-fetch/src/fetch/index.js:96:13)\n      at processTicksAndRejections (node:internal/process/task_queues:105:5)\n      at cachingFetch (/home/khel/dotfiles/local/.local/share/nvim/lazy/copilot.lua/copilot/node_modules/@adobe/helix-fetch/src/fetch/index.js:288:16)\n      at jT.fetch (/home/khel/dotfiles/local/.local/share/nvim/lazy/copilot.lua/copilot/lib/src/network/helix.ts:94:22)\n      at apiFetch (/home/khel/dotfiles/local/.local/share/nvim/lazy/copilot.lua/copilot/lib/src/network/github.ts:22:12)\n      at fetchCopilotToken (/home/khel/dotfiles/local/.local/share/nvim/lazy/copilot.lua/copilot/lib/src/auth/copilotToken.ts:227:16)\n      at authFromGitHubToken (/home/khel/dotfiles/local/.local/share/nvim/lazy/copilot.lua/copilot/lib/src/auth/copilotToken.ts:150:22)\n      at u8.fetchCopilotTokenEnvelope (/home/khel/dotfiles/local/.local/share/nvim/lazy/copilot.lua/copilot/lib/src/auth/copilotTokenManager.ts:88:29) {\n    type: 'aborted',\n    _name: 'AbortError'\n  }\n}"
[ERROR][2025-06-03 17:21:27] ...lsp/handlers.lua:562	"[lsp] Request getCompletions: HttpTimeoutError: Request to <https://api.github.com/copilot_internal/v2/token> timed out after 120000ms\n    at /home/khel/dotfiles/local/.local/share/nvim/lazy/copilot.lua/copilot/lib/src/network/helix.ts:96:19\n    at processTicksAndRejections (node:internal/process/task_queues:105:5)\n    at jT.fetch (/home/khel/dotfiles/local/.local/share/nvim/lazy/copilot.lua/copilot/lib/src/network/helix.ts:94:22)\n    ... 3 lines matching cause stack trace ...\n    at u8.fetchCopilotTokenEnvelope (/home/khel/dotfiles/local/.local/share/nvim/lazy/copilot.lua/copilot/lib/src/auth/copilotTokenManager.ts:88:29) {\n  [cause]: AbortError: The operation was aborted.\n      at fetch (/home/khel/dotfiles/local/.local/share/nvim/lazy/copilot.lua/copilot/node_modules/@adobe/helix-fetch/src/fetch/index.js:96:13)\n      at processTicksAndRejections (node:internal/process/task_queues:105:5)\n      at cachingFetch (/home/khel/dotfiles/local/.local/share/nvim/lazy/copilot.lua/copilot/node_modules/@adobe/helix-fetch/src/fetch/index.js:288:16)\n      at jT.fetch (/home/khel/dotfiles/local/.local/share/nvim/lazy/copilot.lua/copilot/lib/src/network/helix.ts:94:22)\n      at apiFetch (/home/khel/dotfiles/local/.local/share/nvim/lazy/copilot.lua/copilot/lib/src/network/github.ts:22:12)\n      at fetchCopilotToken (/home/khel/dotfiles/local/.local/share/nvim/lazy/copilot.lua/copilot/lib/src/auth/copilotToken.ts:227:16)\n      at authFromGitHubToken (/home/khel/dotfiles/local/.local/share/nvim/lazy/copilot.lua/copilot/lib/src/auth/copilotToken.ts:150:22)\n      at u8.fetchCopilotTokenEnvelope (/home/khel/dotfiles/local/.local/share/nvim/lazy/copilot.lua/copilot/lib/src/auth/copilotTokenManager.ts:88:29) {\n    type: 'aborted',\n    _name: 'AbortError'\n  }\n}"
[ERROR][2025-06-03 17:21:27] ...lsp/handlers.lua:562	"[lsp] Request getCompletions: HttpTimeoutError: Request to <https://api.github.com/copilot_internal/v2/token> timed out after 120000ms\n    at /home/khel/dotfiles/local/.local/share/nvim/lazy/copilot.lua/copilot/lib/src/network/helix.ts:96:19\n    at processTicksAndRejections (node:internal/process/task_queues:105:5)\n    at jT.fetch (/home/khel/dotfiles/local/.local/share/nvim/lazy/copilot.lua/copilot/lib/src/network/helix.ts:94:22)\n    ... 3 lines matching cause stack trace ...\n    at u8.fetchCopilotTokenEnvelope (/home/khel/dotfiles/local/.local/share/nvim/lazy/copilot.lua/copilot/lib/src/auth/copilotTokenManager.ts:88:29) {\n  [cause]: AbortError: The operation was aborted.\n      at fetch (/home/khel/dotfiles/local/.local/share/nvim/lazy/copilot.lua/copilot/node_modules/@adobe/helix-fetch/src/fetch/index.js:96:13)\n      at processTicksAndRejections (node:internal/process/task_queues:105:5)\n      at cachingFetch (/home/khel/dotfiles/local/.local/share/nvim/lazy/copilot.lua/copilot/node_modules/@adobe/helix-fetch/src/fetch/index.js:288:16)\n      at jT.fetch (/home/khel/dotfiles/local/.local/share/nvim/lazy/copilot.lua/copilot/lib/src/network/helix.ts:94:22)\n      at apiFetch (/home/khel/dotfiles/local/.local/share/nvim/lazy/copilot.lua/copilot/lib/src/network/github.ts:22:12)\n      at fetchCopilotToken (/home/khel/dotfiles/local/.local/share/nvim/lazy/copilot.lua/copilot/lib/src/auth/copilotToken.ts:227:16)\n      at authFromGitHubToken (/home/khel/dotfiles/local/.local/share/nvim/lazy/copilot.lua/copilot/lib/src/auth/copilotToken.ts:150:22)\n      at u8.fetchCopilotTokenEnvelope (/home/khel/dotfiles/local/.local/share/nvim/lazy/copilot.lua/copilot/lib/src/auth/copilotTokenManager.ts:88:29) {\n    type: 'aborted',\n    _name: 'AbortError'\n  }\n}"
[ERROR][2025-06-03 17:21:27] ...lsp/handlers.lua:562	"[lsp] Request getCompletions: HttpTimeoutError: Request to <https://api.github.com/copilot_internal/v2/token> timed out after 120000ms\n    at /home/khel/dotfiles/local/.local/share/nvim/lazy/copilot.lua/copilot/lib/src/network/helix.ts:96:19\n    at processTicksAndRejections (node:internal/process/task_queues:105:5)\n    at jT.fetch (/home/khel/dotfiles/local/.local/share/nvim/lazy/copilot.lua/copilot/lib/src/network/helix.ts:94:22)\n    ... 3 lines matching cause stack trace ...\n    at u8.fetchCopilotTokenEnvelope (/home/khel/dotfiles/local/.local/share/nvim/lazy/copilot.lua/copilot/lib/src/auth/copilotTokenManager.ts:88:29) {\n  [cause]: AbortError: The operation was aborted.\n      at fetch (/home/khel/dotfiles/local/.local/share/nvim/lazy/copilot.lua/copilot/node_modules/@adobe/helix-fetch/src/fetch/index.js:96:13)\n      at processTicksAndRejections (node:internal/process/task_queues:105:5)\n      at cachingFetch (/home/khel/dotfiles/local/.local/share/nvim/lazy/copilot.lua/copilot/node_modules/@adobe/helix-fetch/src/fetch/index.js:288:16)\n      at jT.fetch (/home/khel/dotfiles/local/.local/share/nvim/lazy/copilot.lua/copilot/lib/src/network/helix.ts:94:22)\n      at apiFetch (/home/khel/dotfiles/local/.local/share/nvim/lazy/copilot.lua/copilot/lib/src/network/github.ts:22:12)\n      at fetchCopilotToken (/home/khel/dotfiles/local/.local/share/nvim/lazy/copilot.lua/copilot/lib/src/auth/copilotToken.ts:227:16)\n      at authFromGitHubToken (/home/khel/dotfiles/local/.local/share/nvim/lazy/copilot.lua/copilot/lib/src/auth/copilotToken.ts:150:22)\n      at u8.fetchCopilotTokenEnvelope (/home/khel/dotfiles/local/.local/share/nvim/lazy/copilot.lua/copilot/lib/src/auth/copilotTokenManager.ts:88:29) {\n    type: 'aborted',\n    _name: 'AbortError'\n  }\n}"
[ERROR][2025-06-03 17:21:27] ...lsp/handlers.lua:562	"[lsp] Request getCompletions: HttpTimeoutError: Request to <https://api.github.com/copilot_internal/v2/token> timed out after 120000ms\n    at /home/khel/dotfiles/local/.local/share/nvim/lazy/copilot.lua/copilot/lib/src/network/helix.ts:96:19\n    at processTicksAndRejections (node:internal/process/task_queues:105:5)\n    at jT.fetch (/home/khel/dotfiles/local/.local/share/nvim/lazy/copilot.lua/copilot/lib/src/network/helix.ts:94:22)\n    ... 3 lines matching cause stack trace ...\n    at u8.fetchCopilotTokenEnvelope (/home/khel/dotfiles/local/.local/share/nvim/lazy/copilot.lua/copilot/lib/src/auth/copilotTokenManager.ts:88:29) {\n  [cause]: AbortError: The operation was aborted.\n      at fetch (/home/khel/dotfiles/local/.local/share/nvim/lazy/copilot.lua/copilot/node_modules/@adobe/helix-fetch/src/fetch/index.js:96:13)\n      at processTicksAndRejections (node:internal/process/task_queues:105:5)\n      at cachingFetch (/home/khel/dotfiles/local/.local/share/nvim/lazy/copilot.lua/copilot/node_modules/@adobe/helix-fetch/src/fetch/index.js:288:16)\n      at jT.fetch (/home/khel/dotfiles/local/.local/share/nvim/lazy/copilot.lua/copilot/lib/src/network/helix.ts:94:22)\n      at apiFetch (/home/khel/dotfiles/local/.local/share/nvim/lazy/copilot.lua/copilot/lib/src/network/github.ts:22:12)\n      at fetchCopilotToken (/home/khel/dotfiles/local/.local/share/nvim/lazy/copilot.lua/copilot/lib/src/auth/copilotToken.ts:227:16)\n      at authFromGitHubToken (/home/khel/dotfiles/local/.local/share/nvim/lazy/copilot.lua/copilot/lib/src/auth/copilotToken.ts:150:22)\n      at u8.fetchCopilotTokenEnvelope (/home/khel/dotfiles/local/.local/share/nvim/lazy/copilot.lua/copilot/lib/src/auth/copilotTokenManager.ts:88:29) {\n    type: 'aborted',\n    _name: 'AbortError'\n  }\n}"
[ERROR][2025-06-03 17:21:27] ...lsp/handlers.lua:562	"[lsp] Request getCompletions: HttpTimeoutError: Request to <https://api.github.com/copilot_internal/v2/token> timed out after 120000ms\n    at /home/khel/dotfiles/local/.local/share/nvim/lazy/copilot.lua/copilot/lib/src/network/helix.ts:96:19\n    at processTicksAndRejections (node:internal/process/task_queues:105:5)\n    at jT.fetch (/home/khel/dotfiles/local/.local/share/nvim/lazy/copilot.lua/copilot/lib/src/network/helix.ts:94:22)\n    ... 3 lines matching cause stack trace ...\n    at u8.fetchCopilotTokenEnvelope (/home/khel/dotfiles/local/.local/share/nvim/lazy/copilot.lua/copilot/lib/src/auth/copilotTokenManager.ts:88:29) {\n  [cause]: AbortError: The operation was aborted.\n      at fetch (/home/khel/dotfiles/local/.local/share/nvim/lazy/copilot.lua/copilot/node_modules/@adobe/helix-fetch/src/fetch/index.js:96:13)\n      at processTicksAndRejections (node:internal/process/task_queues:105:5)\n      at cachingFetch (/home/khel/dotfiles/local/.local/share/nvim/lazy/copilot.lua/copilot/node_modules/@adobe/helix-fetch/src/fetch/index.js:288:16)\n      at jT.fetch (/home/khel/dotfiles/local/.local/share/nvim/lazy/copilot.lua/copilot/lib/src/network/helix.ts:94:22)\n      at apiFetch (/home/khel/dotfiles/local/.local/share/nvim/lazy/copilot.lua/copilot/lib/src/network/github.ts:22:12)\n      at fetchCopilotToken (/home/khel/dotfiles/local/.local/share/nvim/lazy/copilot.lua/copilot/lib/src/auth/copilotToken.ts:227:16)\n      at authFromGitHubToken (/home/khel/dotfiles/local/.local/share/nvim/lazy/copilot.lua/copilot/lib/src/auth/copilotToken.ts:150:22)\n      at u8.fetchCopilotTokenEnvelope (/home/khel/dotfiles/local/.local/share/nvim/lazy/copilot.lua/copilot/lib/src/auth/copilotTokenManager.ts:88:29) {\n    type: 'aborted',\n    _name: 'AbortError'\n  }\n}"
[ERROR][2025-06-03 17:21:27] ...lsp/handlers.lua:562	"[lsp] Request getCompletions: HttpTimeoutError: Request to <https://api.github.com/copilot_internal/v2/token> timed out after 120000ms\n    at /home/khel/dotfiles/local/.local/share/nvim/lazy/copilot.lua/copilot/lib/src/network/helix.ts:96:19\n    at processTicksAndRejections (node:internal/process/task_queues:105:5)\n    at jT.fetch (/home/khel/dotfiles/local/.local/share/nvim/lazy/copilot.lua/copilot/lib/src/network/helix.ts:94:22)\n    ... 3 lines matching cause stack trace ...\n    at u8.fetchCopilotTokenEnvelope (/home/khel/dotfiles/local/.local/share/nvim/lazy/copilot.lua/copilot/lib/src/auth/copilotTokenManager.ts:88:29) {\n  [cause]: AbortError: The operation was aborted.\n      at fetch (/home/khel/dotfiles/local/.local/share/nvim/lazy/copilot.lua/copilot/node_modules/@adobe/helix-fetch/src/fetch/index.js:96:13)\n      at processTicksAndRejections (node:internal/process/task_queues:105:5)\n      at cachingFetch (/home/khel/dotfiles/local/.local/share/nvim/lazy/copilot.lua/copilot/node_modules/@adobe/helix-fetch/src/fetch/index.js:288:16)\n      at jT.fetch (/home/khel/dotfiles/local/.local/share/nvim/lazy/copilot.lua/copilot/lib/src/network/helix.ts:94:22)\n      at apiFetch (/home/khel/dotfiles/local/.local/share/nvim/lazy/copilot.lua/copilot/lib/src/network/github.ts:22:12)\n      at fetchCopilotToken (/home/khel/dotfiles/local/.local/share/nvim/lazy/copilot.lua/copilot/lib/src/auth/copilotToken.ts:227:16)\n      at authFromGitHubToken (/home/khel/dotfiles/local/.local/share/nvim/lazy/copilot.lua/copilot/lib/src/auth/copilotToken.ts:150:22)\n      at u8.fetchCopilotTokenEnvelope (/home/khel/dotfiles/local/.local/share/nvim/lazy/copilot.lua/copilot/lib/src/auth/copilotTokenManager.ts:88:29) {\n    type: 'aborted',\n    _name: 'AbortError'\n  }\n}"
[ERROR][2025-06-03 17:21:27] ...lsp/handlers.lua:562	"[lsp] Request getCompletions: HttpTimeoutError: Request to <https://api.github.com/copilot_internal/v2/token> timed out after 120000ms\n    at /home/khel/dotfiles/local/.local/share/nvim/lazy/copilot.lua/copilot/lib/src/network/helix.ts:96:19\n    at processTicksAndRejections (node:internal/process/task_queues:105:5)\n    at jT.fetch (/home/khel/dotfiles/local/.local/share/nvim/lazy/copilot.lua/copilot/lib/src/network/helix.ts:94:22)\n    ... 3 lines matching cause stack trace ...\n    at u8.fetchCopilotTokenEnvelope (/home/khel/dotfiles/local/.local/share/nvim/lazy/copilot.lua/copilot/lib/src/auth/copilotTokenManager.ts:88:29) {\n  [cause]: AbortError: The operation was aborted.\n      at fetch (/home/khel/dotfiles/local/.local/share/nvim/lazy/copilot.lua/copilot/node_modules/@adobe/helix-fetch/src/fetch/index.js:96:13)\n      at processTicksAndRejections (node:internal/process/task_queues:105:5)\n      at cachingFetch (/home/khel/dotfiles/local/.local/share/nvim/lazy/copilot.lua/copilot/node_modules/@adobe/helix-fetch/src/fetch/index.js:288:16)\n      at jT.fetch (/home/khel/dotfiles/local/.local/share/nvim/lazy/copilot.lua/copilot/lib/src/network/helix.ts:94:22)\n      at apiFetch (/home/khel/dotfiles/local/.local/share/nvim/lazy/copilot.lua/copilot/lib/src/network/github.ts:22:12)\n      at fetchCopilotToken (/home/khel/dotfiles/local/.local/share/nvim/lazy/copilot.lua/copilot/lib/src/auth/copilotToken.ts:227:16)\n      at authFromGitHubToken (/home/khel/dotfiles/local/.local/share/nvim/lazy/copilot.lua/copilot/lib/src/auth/copilotToken.ts:150:22)\n      at u8.fetchCopilotTokenEnvelope (/home/khel/dotfiles/local/.local/share/nvim/lazy/copilot.lua/copilot/lib/src/auth/copilotTokenManager.ts:88:29) {\n    type: 'aborted',\n    _name: 'AbortError'\n  }\n}"
[ERROR][2025-06-03 17:21:27] ...lsp/handlers.lua:562	"[lsp] Request getCompletions: HttpTimeoutError: Request to <https://api.github.com/copilot_internal/v2/token> timed out after 120000ms\n    at /home/khel/dotfiles/local/.local/share/nvim/lazy/copilot.lua/copilot/lib/src/network/helix.ts:96:19\n    at processTicksAndRejections (node:internal/process/task_queues:105:5)\n    at jT.fetch (/home/khel/dotfiles/local/.local/share/nvim/lazy/copilot.lua/copilot/lib/src/network/helix.ts:94:22)\n    ... 3 lines matching cause stack trace ...\n    at u8.fetchCopilotTokenEnvelope (/home/khel/dotfiles/local/.local/share/nvim/lazy/copilot.lua/copilot/lib/src/auth/copilotTokenManager.ts:88:29) {\n  [cause]: AbortError: The operation was aborted.\n      at fetch (/home/khel/dotfiles/local/.local/share/nvim/lazy/copilot.lua/copilot/node_modules/@adobe/helix-fetch/src/fetch/index.js:96:13)\n      at processTicksAndRejections (node:internal/process/task_queues:105:5)\n      at cachingFetch (/home/khel/dotfiles/local/.local/share/nvim/lazy/copilot.lua/copilot/node_modules/@adobe/helix-fetch/src/fetch/index.js:288:16)\n      at jT.fetch (/home/khel/dotfiles/local/.local/share/nvim/lazy/copilot.lua/copilot/lib/src/network/helix.ts:94:22)\n      at apiFetch (/home/khel/dotfiles/local/.local/share/nvim/lazy/copilot.lua/copilot/lib/src/network/github.ts:22:12)\n      at fetchCopilotToken (/home/khel/dotfiles/local/.local/share/nvim/lazy/copilot.lua/copilot/lib/src/auth/copilotToken.ts:227:16)\n      at authFromGitHubToken (/home/khel/dotfiles/local/.local/share/nvim/lazy/copilot.lua/copilot/lib/src/auth/copilotToken.ts:150:22)\n      at u8.fetchCopilotTokenEnvelope (/home/khel/dotfiles/local/.local/share/nvim/lazy/copilot.lua/copilot/lib/src/auth/copilotTokenManager.ts:88:29) {\n    type: 'aborted',\n    _name: 'AbortError'\n  }\n}"
[ERROR][2025-06-03 17:21:27] ...lsp/handlers.lua:562	"[lsp] Request getCompletions: HttpTimeoutError: Request to <https://api.github.com/copilot_internal/v2/token> timed out after 120000ms\n    at /home/khel/dotfiles/local/.local/share/nvim/lazy/copilot.lua/copilot/lib/src/network/helix.ts:96:19\n    at processTicksAndRejections (node:internal/process/task_queues:105:5)\n    at jT.fetch (/home/khel/dotfiles/local/.local/share/nvim/lazy/copilot.lua/copilot/lib/src/network/helix.ts:94:22)\n    ... 3 lines matching cause stack trace ...\n    at u8.fetchCopilotTokenEnvelope (/home/khel/dotfiles/local/.local/share/nvim/lazy/copilot.lua/copilot/lib/src/auth/copilotTokenManager.ts:88:29) {\n  [cause]: AbortError: The operation was aborted.\n      at fetch (/home/khel/dotfiles/local/.local/share/nvim/lazy/copilot.lua/copilot/node_modules/@adobe/helix-fetch/src/fetch/index.js:96:13)\n      at processTicksAndRejections (node:internal/process/task_queues:105:5)\n      at cachingFetch (/home/khel/dotfiles/local/.local/share/nvim/lazy/copilot.lua/copilot/node_modules/@adobe/helix-fetch/src/fetch/index.js:288:16)\n      at jT.fetch (/home/khel/dotfiles/local/.local/share/nvim/lazy/copilot.lua/copilot/lib/src/network/helix.ts:94:22)\n      at apiFetch (/home/khel/dotfiles/local/.local/share/nvim/lazy/copilot.lua/copilot/lib/src/network/github.ts:22:12)\n      at fetchCopilotToken (/home/khel/dotfiles/local/.local/share/nvim/lazy/copilot.lua/copilot/lib/src/auth/copilotToken.ts:227:16)\n      at authFromGitHubToken (/home/khel/dotfiles/local/.local/share/nvim/lazy/copilot.lua/copilot/lib/src/auth/copilotToken.ts:150:22)\n      at u8.fetchCopilotTokenEnvelope (/home/khel/dotfiles/local/.local/share/nvim/lazy/copilot.lua/copilot/lib/src/auth/copilotTokenManager.ts:88:29) {\n    type: 'aborted',\n    _name: 'AbortError'\n  }\n}"
[ERROR][2025-06-03 17:21:27] ...lsp/handlers.lua:562	"[lsp] Request getCompletions: HttpTimeoutError: Request to <https://api.github.com/copilot_internal/v2/token> timed out after 120000ms\n    at /home/khel/dotfiles/local/.local/share/nvim/lazy/copilot.lua/copilot/lib/src/network/helix.ts:96:19\n    at processTicksAndRejections (node:internal/process/task_queues:105:5)\n    at jT.fetch (/home/khel/dotfiles/local/.local/share/nvim/lazy/copilot.lua/copilot/lib/src/network/helix.ts:94:22)\n    ... 3 lines matching cause stack trace ...\n    at u8.fetchCopilotTokenEnvelope (/home/khel/dotfiles/local/.local/share/nvim/lazy/copilot.lua/copilot/lib/src/auth/copilotTokenManager.ts:88:29) {\n  [cause]: AbortError: The operation was aborted.\n      at fetch (/home/khel/dotfiles/local/.local/share/nvim/lazy/copilot.lua/copilot/node_modules/@adobe/helix-fetch/src/fetch/index.js:96:13)\n      at processTicksAndRejections (node:internal/process/task_queues:105:5)\n      at cachingFetch (/home/khel/dotfiles/local/.local/share/nvim/lazy/copilot.lua/copilot/node_modules/@adobe/helix-fetch/src/fetch/index.js:288:16)\n      at jT.fetch (/home/khel/dotfiles/local/.local/share/nvim/lazy/copilot.lua/copilot/lib/src/network/helix.ts:94:22)\n      at apiFetch (/home/khel/dotfiles/local/.local/share/nvim/lazy/copilot.lua/copilot/lib/src/network/github.ts:22:12)\n      at fetchCopilotToken (/home/khel/dotfiles/local/.local/share/nvim/lazy/copilot.lua/copilot/lib/src/auth/copilotToken.ts:227:16)\n      at authFromGitHubToken (/home/khel/dotfiles/local/.local/share/nvim/lazy/copilot.lua/copilot/lib/src/auth/copilotToken.ts:150:22)\n      at u8.fetchCopilotTokenEnvelope (/home/khel/dotfiles/local/.local/share/nvim/lazy/copilot.lua/copilot/lib/src/auth/copilotTokenManager.ts:88:29) {\n    type: 'aborted',\n    _name: 'AbortError'\n  }\n}"
[ERROR][2025-06-03 17:21:27] ...lsp/handlers.lua:562	"[lsp] Request getCompletions: HttpTimeoutError: Request to <https://api.github.com/copilot_internal/v2/token> timed out after 120000ms\n    at /home/khel/dotfiles/local/.local/share/nvim/lazy/copilot.lua/copilot/lib/src/network/helix.ts:96:19\n    at processTicksAndRejections (node:internal/process/task_queues:105:5)\n    at jT.fetch (/home/khel/dotfiles/local/.local/share/nvim/lazy/copilot.lua/copilot/lib/src/network/helix.ts:94:22)\n    ... 3 lines matching cause stack trace ...\n    at u8.fetchCopilotTokenEnvelope (/home/khel/dotfiles/local/.local/share/nvim/lazy/copilot.lua/copilot/lib/src/auth/copilotTokenManager.ts:88:29) {\n  [cause]: AbortError: The operation was aborted.\n      at fetch (/home/khel/dotfiles/local/.local/share/nvim/lazy/copilot.lua/copilot/node_modules/@adobe/helix-fetch/src/fetch/index.js:96:13)\n      at processTicksAndRejections (node:internal/process/task_queues:105:5)\n      at cachingFetch (/home/khel/dotfiles/local/.local/share/nvim/lazy/copilot.lua/copilot/node_modules/@adobe/helix-fetch/src/fetch/index.js:288:16)\n      at jT.fetch (/home/khel/dotfiles/local/.local/share/nvim/lazy/copilot.lua/copilot/lib/src/network/helix.ts:94:22)\n      at apiFetch (/home/khel/dotfiles/local/.local/share/nvim/lazy/copilot.lua/copilot/lib/src/network/github.ts:22:12)\n      at fetchCopilotToken (/home/khel/dotfiles/local/.local/share/nvim/lazy/copilot.lua/copilot/lib/src/auth/copilotToken.ts:227:16)\n      at authFromGitHubToken (/home/khel/dotfiles/local/.local/share/nvim/lazy/copilot.lua/copilot/lib/src/auth/copilotToken.ts:150:22)\n      at u8.fetchCopilotTokenEnvelope (/home/khel/dotfiles/local/.local/share/nvim/lazy/copilot.lua/copilot/lib/src/auth/copilotTokenManager.ts:88:29) {\n    type: 'aborted',\n    _name: 'AbortError'\n  }\n}"
[ERROR][2025-06-03 17:21:27] ...lsp/handlers.lua:562	"[lsp] Request getCompletions: HttpTimeoutError: Request to <https://api.github.com/copilot_internal/v2/token> timed out after 120000ms\n    at /home/khel/dotfiles/local/.local/share/nvim/lazy/copilot.lua/copilot/lib/src/network/helix.ts:96:19\n    at processTicksAndRejections (node:internal/process/task_queues:105:5)\n    at jT.fetch (/home/khel/dotfiles/local/.local/share/nvim/lazy/copilot.lua/copilot/lib/src/network/helix.ts:94:22)\n    ... 3 lines matching cause stack trace ...\n    at u8.fetchCopilotTokenEnvelope (/home/khel/dotfiles/local/.local/share/nvim/lazy/copilot.lua/copilot/lib/src/auth/copilotTokenManager.ts:88:29) {\n  [cause]: AbortError: The operation was aborted.\n      at fetch (/home/khel/dotfiles/local/.local/share/nvim/lazy/copilot.lua/copilot/node_modules/@adobe/helix-fetch/src/fetch/index.js:96:13)\n      at processTicksAndRejections (node:internal/process/task_queues:105:5)\n      at cachingFetch (/home/khel/dotfiles/local/.local/share/nvim/lazy/copilot.lua/copilot/node_modules/@adobe/helix-fetch/src/fetch/index.js:288:16)\n      at jT.fetch (/home/khel/dotfiles/local/.local/share/nvim/lazy/copilot.lua/copilot/lib/src/network/helix.ts:94:22)\n      at apiFetch (/home/khel/dotfiles/local/.local/share/nvim/lazy/copilot.lua/copilot/lib/src/network/github.ts:22:12)\n      at fetchCopilotToken (/home/khel/dotfiles/local/.local/share/nvim/lazy/copilot.lua/copilot/lib/src/auth/copilotToken.ts:227:16)\n      at authFromGitHubToken (/home/khel/dotfiles/local/.local/share/nvim/lazy/copilot.lua/copilot/lib/src/auth/copilotToken.ts:150:22)\n      at u8.fetchCopilotTokenEnvelope (/home/khel/dotfiles/local/.local/share/nvim/lazy/copilot.lua/copilot/lib/src/auth/copilotTokenManager.ts:88:29) {\n    type: 'aborted',\n    _name: 'AbortError'\n  }\n}"
[ERROR][2025-06-03 17:21:27] ...lsp/handlers.lua:562	"[lsp] Request getCompletions: HttpTimeoutError: Request to <https://api.github.com/copilot_internal/v2/token> timed out after 120000ms\n    at /home/khel/dotfiles/local/.local/share/nvim/lazy/copilot.lua/copilot/lib/src/network/helix.ts:96:19\n    at processTicksAndRejections (node:internal/process/task_queues:105:5)\n    at jT.fetch (/home/khel/dotfiles/local/.local/share/nvim/lazy/copilot.lua/copilot/lib/src/network/helix.ts:94:22)\n    ... 3 lines matching cause stack trace ...\n    at u8.fetchCopilotTokenEnvelope (/home/khel/dotfiles/local/.local/share/nvim/lazy/copilot.lua/copilot/lib/src/auth/copilotTokenManager.ts:88:29) {\n  [cause]: AbortError: The operation was aborted.\n      at fetch (/home/khel/dotfiles/local/.local/share/nvim/lazy/copilot.lua/copilot/node_modules/@adobe/helix-fetch/src/fetch/index.js:96:13)\n      at processTicksAndRejections (node:internal/process/task_queues:105:5)\n      at cachingFetch (/home/khel/dotfiles/local/.local/share/nvim/lazy/copilot.lua/copilot/node_modules/@adobe/helix-fetch/src/fetch/index.js:288:16)\n      at jT.fetch (/home/khel/dotfiles/local/.local/share/nvim/lazy/copilot.lua/copilot/lib/src/network/helix.ts:94:22)\n      at apiFetch (/home/khel/dotfiles/local/.local/share/nvim/lazy/copilot.lua/copilot/lib/src/network/github.ts:22:12)\n      at fetchCopilotToken (/home/khel/dotfiles/local/.local/share/nvim/lazy/copilot.lua/copilot/lib/src/auth/copilotToken.ts:227:16)\n      at authFromGitHubToken (/home/khel/dotfiles/local/.local/share/nvim/lazy/copilot.lua/copilot/lib/src/auth/copilotToken.ts:150:22)\n      at u8.fetchCopilotTokenEnvelope (/home/khel/dotfiles/local/.local/share/nvim/lazy/copilot.lua/copilot/lib/src/auth/copilotTokenManager.ts:88:29) {\n    type: 'aborted',\n    _name: 'AbortError'\n  }\n}"
[ERROR][2025-06-03 17:21:27] ...lsp/handlers.lua:562	"[lsp] Request getCompletions: HttpTimeoutError: Request to <https://api.github.com/copilot_internal/v2/token> timed out after 120000ms\n    at /home/khel/dotfiles/local/.local/share/nvim/lazy/copilot.lua/copilot/lib/src/network/helix.ts:96:19\n    at processTicksAndRejections (node:internal/process/task_queues:105:5)\n    at jT.fetch (/home/khel/dotfiles/local/.local/share/nvim/lazy/copilot.lua/copilot/lib/src/network/helix.ts:94:22)\n    ... 3 lines matching cause stack trace ...\n    at u8.fetchCopilotTokenEnvelope (/home/khel/dotfiles/local/.local/share/nvim/lazy/copilot.lua/copilot/lib/src/auth/copilotTokenManager.ts:88:29) {\n  [cause]: AbortError: The operation was aborted.\n      at fetch (/home/khel/dotfiles/local/.local/share/nvim/lazy/copilot.lua/copilot/node_modules/@adobe/helix-fetch/src/fetch/index.js:96:13)\n      at processTicksAndRejections (node:internal/process/task_queues:105:5)\n      at cachingFetch (/home/khel/dotfiles/local/.local/share/nvim/lazy/copilot.lua/copilot/node_modules/@adobe/helix-fetch/src/fetch/index.js:288:16)\n      at jT.fetch (/home/khel/dotfiles/local/.local/share/nvim/lazy/copilot.lua/copilot/lib/src/network/helix.ts:94:22)\n      at apiFetch (/home/khel/dotfiles/local/.local/share/nvim/lazy/copilot.lua/copilot/lib/src/network/github.ts:22:12)\n      at fetchCopilotToken (/home/khel/dotfiles/local/.local/share/nvim/lazy/copilot.lua/copilot/lib/src/auth/copilotToken.ts:227:16)\n      at authFromGitHubToken (/home/khel/dotfiles/local/.local/share/nvim/lazy/copilot.lua/copilot/lib/src/auth/copilotToken.ts:150:22)\n      at u8.fetchCopilotTokenEnvelope (/home/khel/dotfiles/local/.local/share/nvim/lazy/copilot.lua/copilot/lib/src/auth/copilotTokenManager.ts:88:29) {\n    type: 'aborted',\n    _name: 'AbortError'\n  }\n}"
[ERROR][2025-06-03 17:21:27] ...lsp/handlers.lua:562	"[lsp] Request getCompletions: HttpTimeoutError: Request to <https://api.github.com/copilot_internal/v2/token> timed out after 120000ms\n    at /home/khel/dotfiles/local/.local/share/nvim/lazy/copilot.lua/copilot/lib/src/network/helix.ts:96:19\n    at processTicksAndRejections (node:internal/process/task_queues:105:5)\n    at jT.fetch (/home/khel/dotfiles/local/.local/share/nvim/lazy/copilot.lua/copilot/lib/src/network/helix.ts:94:22)\n    ... 3 lines matching cause stack trace ...\n    at u8.fetchCopilotTokenEnvelope (/home/khel/dotfiles/local/.local/share/nvim/lazy/copilot.lua/copilot/lib/src/auth/copilotTokenManager.ts:88:29) {\n  [cause]: AbortError: The operation was aborted.\n      at fetch (/home/khel/dotfiles/local/.local/share/nvim/lazy/copilot.lua/copilot/node_modules/@adobe/helix-fetch/src/fetch/index.js:96:13)\n      at processTicksAndRejections (node:internal/process/task_queues:105:5)\n      at cachingFetch (/home/khel/dotfiles/local/.local/share/nvim/lazy/copilot.lua/copilot/node_modules/@adobe/helix-fetch/src/fetch/index.js:288:16)\n      at jT.fetch (/home/khel/dotfiles/local/.local/share/nvim/lazy/copilot.lua/copilot/lib/src/network/helix.ts:94:22)\n      at apiFetch (/home/khel/dotfiles/local/.local/share/nvim/lazy/copilot.lua/copilot/lib/src/network/github.ts:22:12)\n      at fetchCopilotToken (/home/khel/dotfiles/local/.local/share/nvim/lazy/copilot.lua/copilot/lib/src/auth/copilotToken.ts:227:16)\n      at authFromGitHubToken (/home/khel/dotfiles/local/.local/share/nvim/lazy/copilot.lua/copilot/lib/src/auth/copilotToken.ts:150:22)\n      at u8.fetchCopilotTokenEnvelope (/home/khel/dotfiles/local/.local/share/nvim/lazy/copilot.lua/copilot/lib/src/auth/copilotTokenManager.ts:88:29) {\n    type: 'aborted',\n    _name: 'AbortError'\n  }\n}"
[ERROR][2025-06-03 17:21:27] ...lsp/handlers.lua:562	"[lsp] Request getCompletions: HttpTimeoutError: Request to <https://api.github.com/copilot_internal/v2/token> timed out after 120000ms\n    at /home/khel/dotfiles/local/.local/share/nvim/lazy/copilot.lua/copilot/lib/src/network/helix.ts:96:19\n    at processTicksAndRejections (node:internal/process/task_queues:105:5)\n    at jT.fetch (/home/khel/dotfiles/local/.local/share/nvim/lazy/copilot.lua/copilot/lib/src/network/helix.ts:94:22)\n    ... 3 lines matching cause stack trace ...\n    at u8.fetchCopilotTokenEnvelope (/home/khel/dotfiles/local/.local/share/nvim/lazy/copilot.lua/copilot/lib/src/auth/copilotTokenManager.ts:88:29) {\n  [cause]: AbortError: The operation was aborted.\n      at fetch (/home/khel/dotfiles/local/.local/share/nvim/lazy/copilot.lua/copilot/node_modules/@adobe/helix-fetch/src/fetch/index.js:96:13)\n      at processTicksAndRejections (node:internal/process/task_queues:105:5)\n      at cachingFetch (/home/khel/dotfiles/local/.local/share/nvim/lazy/copilot.lua/copilot/node_modules/@adobe/helix-fetch/src/fetch/index.js:288:16)\n      at jT.fetch (/home/khel/dotfiles/local/.local/share/nvim/lazy/copilot.lua/copilot/lib/src/network/helix.ts:94:22)\n      at apiFetch (/home/khel/dotfiles/local/.local/share/nvim/lazy/copilot.lua/copilot/lib/src/network/github.ts:22:12)\n      at fetchCopilotToken (/home/khel/dotfiles/local/.local/share/nvim/lazy/copilot.lua/copilot/lib/src/auth/copilotToken.ts:227:16)\n      at authFromGitHubToken (/home/khel/dotfiles/local/.local/share/nvim/lazy/copilot.lua/copilot/lib/src/auth/copilotToken.ts:150:22)\n      at u8.fetchCopilotTokenEnvelope (/home/khel/dotfiles/local/.local/share/nvim/lazy/copilot.lua/copilot/lib/src/auth/copilotTokenManager.ts:88:29) {\n    type: 'aborted',\n    _name: 'AbortError'\n  }\n}"
[ERROR][2025-06-03 17:21:27] ...lsp/handlers.lua:562	"[lsp] Request getCompletions: HttpTimeoutError: Request to <https://api.github.com/copilot_internal/v2/token> timed out after 120000ms\n    at /home/khel/dotfiles/local/.local/share/nvim/lazy/copilot.lua/copilot/lib/src/network/helix.ts:96:19\n    at processTicksAndRejections (node:internal/process/task_queues:105:5)\n    at jT.fetch (/home/khel/dotfiles/local/.local/share/nvim/lazy/copilot.lua/copilot/lib/src/network/helix.ts:94:22)\n    ... 3 lines matching cause stack trace ...\n    at u8.fetchCopilotTokenEnvelope (/home/khel/dotfiles/local/.local/share/nvim/lazy/copilot.lua/copilot/lib/src/auth/copilotTokenManager.ts:88:29) {\n  [cause]: AbortError: The operation was aborted.\n      at fetch (/home/khel/dotfiles/local/.local/share/nvim/lazy/copilot.lua/copilot/node_modules/@adobe/helix-fetch/src/fetch/index.js:96:13)\n      at processTicksAndRejections (node:internal/process/task_queues:105:5)\n      at cachingFetch (/home/khel/dotfiles/local/.local/share/nvim/lazy/copilot.lua/copilot/node_modules/@adobe/helix-fetch/src/fetch/index.js:288:16)\n      at jT.fetch (/home/khel/dotfiles/local/.local/share/nvim/lazy/copilot.lua/copilot/lib/src/network/helix.ts:94:22)\n      at apiFetch (/home/khel/dotfiles/local/.local/share/nvim/lazy/copilot.lua/copilot/lib/src/network/github.ts:22:12)\n      at fetchCopilotToken (/home/khel/dotfiles/local/.local/share/nvim/lazy/copilot.lua/copilot/lib/src/auth/copilotToken.ts:227:16)\n      at authFromGitHubToken (/home/khel/dotfiles/local/.local/share/nvim/lazy/copilot.lua/copilot/lib/src/auth/copilotToken.ts:150:22)\n      at u8.fetchCopilotTokenEnvelope (/home/khel/dotfiles/local/.local/share/nvim/lazy/copilot.lua/copilot/lib/src/auth/copilotTokenManager.ts:88:29) {\n    type: 'aborted',\n    _name: 'AbortError'\n  }\n}"
[ERROR][2025-06-03 17:21:27] ...lsp/handlers.lua:562	"[lsp] Request getCompletions: HttpTimeoutError: Request to <https://api.github.com/copilot_internal/v2/token> timed out after 120000ms\n    at /home/khel/dotfiles/local/.local/share/nvim/lazy/copilot.lua/copilot/lib/src/network/helix.ts:96:19\n    at processTicksAndRejections (node:internal/process/task_queues:105:5)\n    at jT.fetch (/home/khel/dotfiles/local/.local/share/nvim/lazy/copilot.lua/copilot/lib/src/network/helix.ts:94:22)\n    ... 3 lines matching cause stack trace ...\n    at u8.fetchCopilotTokenEnvelope (/home/khel/dotfiles/local/.local/share/nvim/lazy/copilot.lua/copilot/lib/src/auth/copilotTokenManager.ts:88:29) {\n  [cause]: AbortError: The operation was aborted.\n      at fetch (/home/khel/dotfiles/local/.local/share/nvim/lazy/copilot.lua/copilot/node_modules/@adobe/helix-fetch/src/fetch/index.js:96:13)\n      at processTicksAndRejections (node:internal/process/task_queues:105:5)\n      at cachingFetch (/home/khel/dotfiles/local/.local/share/nvim/lazy/copilot.lua/copilot/node_modules/@adobe/helix-fetch/src/fetch/index.js:288:16)\n      at jT.fetch (/home/khel/dotfiles/local/.local/share/nvim/lazy/copilot.lua/copilot/lib/src/network/helix.ts:94:22)\n      at apiFetch (/home/khel/dotfiles/local/.local/share/nvim/lazy/copilot.lua/copilot/lib/src/network/github.ts:22:12)\n      at fetchCopilotToken (/home/khel/dotfiles/local/.local/share/nvim/lazy/copilot.lua/copilot/lib/src/auth/copilotToken.ts:227:16)\n      at authFromGitHubToken (/home/khel/dotfiles/local/.local/share/nvim/lazy/copilot.lua/copilot/lib/src/auth/copilotToken.ts:150:22)\n      at u8.fetchCopilotTokenEnvelope (/home/khel/dotfiles/local/.local/share/nvim/lazy/copilot.lua/copilot/lib/src/auth/copilotTokenManager.ts:88:29) {\n    type: 'aborted',\n    _name: 'AbortError'\n  }\n}"
[ERROR][2025-06-03 17:21:27] ...lsp/handlers.lua:562	"[lsp] Request getCompletions: HttpTimeoutError: Request to <https://api.github.com/copilot_internal/v2/token> timed out after 120000ms\n    at /home/khel/dotfiles/local/.local/share/nvim/lazy/copilot.lua/copilot/lib/src/network/helix.ts:96:19\n    at processTicksAndRejections (node:internal/process/task_queues:105:5)\n    at jT.fetch (/home/khel/dotfiles/local/.local/share/nvim/lazy/copilot.lua/copilot/lib/src/network/helix.ts:94:22)\n    ... 3 lines matching cause stack trace ...\n    at u8.fetchCopilotTokenEnvelope (/home/khel/dotfiles/local/.local/share/nvim/lazy/copilot.lua/copilot/lib/src/auth/copilotTokenManager.ts:88:29) {\n  [cause]: AbortError: The operation was aborted.\n      at fetch (/home/khel/dotfiles/local/.local/share/nvim/lazy/copilot.lua/copilot/node_modules/@adobe/helix-fetch/src/fetch/index.js:96:13)\n      at processTicksAndRejections (node:internal/process/task_queues:105:5)\n      at cachingFetch (/home/khel/dotfiles/local/.local/share/nvim/lazy/copilot.lua/copilot/node_modules/@adobe/helix-fetch/src/fetch/index.js:288:16)\n      at jT.fetch (/home/khel/dotfiles/local/.local/share/nvim/lazy/copilot.lua/copilot/lib/src/network/helix.ts:94:22)\n      at apiFetch (/home/khel/dotfiles/local/.local/share/nvim/lazy/copilot.lua/copilot/lib/src/network/github.ts:22:12)\n      at fetchCopilotToken (/home/khel/dotfiles/local/.local/share/nvim/lazy/copilot.lua/copilot/lib/src/auth/copilotToken.ts:227:16)\n      at authFromGitHubToken (/home/khel/dotfiles/local/.local/share/nvim/lazy/copilot.lua/copilot/lib/src/auth/copilotToken.ts:150:22)\n      at u8.fetchCopilotTokenEnvelope (/home/khel/dotfiles/local/.local/share/nvim/lazy/copilot.lua/copilot/lib/src/auth/copilotTokenManager.ts:88:29) {\n    type: 'aborted',\n    _name: 'AbortError'\n  }\n}"
[ERROR][2025-06-03 17:21:27] ...lsp/handlers.lua:562	"[lsp] Request getCompletions: HttpTimeoutError: Request to <https://api.github.com/copilot_internal/v2/token> timed out after 120000ms\n    at /home/khel/dotfiles/local/.local/share/nvim/lazy/copilot.lua/copilot/lib/src/network/helix.ts:96:19\n    at processTicksAndRejections (node:internal/process/task_queues:105:5)\n    at jT.fetch (/home/khel/dotfiles/local/.local/share/nvim/lazy/copilot.lua/copilot/lib/src/network/helix.ts:94:22)\n    ... 3 lines matching cause stack trace ...\n    at u8.fetchCopilotTokenEnvelope (/home/khel/dotfiles/local/.local/share/nvim/lazy/copilot.lua/copilot/lib/src/auth/copilotTokenManager.ts:88:29) {\n  [cause]: AbortError: The operation was aborted.\n      at fetch (/home/khel/dotfiles/local/.local/share/nvim/lazy/copilot.lua/copilot/node_modules/@adobe/helix-fetch/src/fetch/index.js:96:13)\n      at processTicksAndRejections (node:internal/process/task_queues:105:5)\n      at cachingFetch (/home/khel/dotfiles/local/.local/share/nvim/lazy/copilot.lua/copilot/node_modules/@adobe/helix-fetch/src/fetch/index.js:288:16)\n      at jT.fetch (/home/khel/dotfiles/local/.local/share/nvim/lazy/copilot.lua/copilot/lib/src/network/helix.ts:94:22)\n      at apiFetch (/home/khel/dotfiles/local/.local/share/nvim/lazy/copilot.lua/copilot/lib/src/network/github.ts:22:12)\n      at fetchCopilotToken (/home/khel/dotfiles/local/.local/share/nvim/lazy/copilot.lua/copilot/lib/src/auth/copilotToken.ts:227:16)\n      at authFromGitHubToken (/home/khel/dotfiles/local/.local/share/nvim/lazy/copilot.lua/copilot/lib/src/auth/copilotToken.ts:150:22)\n      at u8.fetchCopilotTokenEnvelope (/home/khel/dotfiles/local/.local/share/nvim/lazy/copilot.lua/copilot/lib/src/auth/copilotTokenManager.ts:88:29) {\n    type: 'aborted',\n    _name: 'AbortError'\n  }\n}"
[ERROR][2025-06-03 17:21:27] ...lsp/handlers.lua:562	"[lsp] Request getCompletions: HttpTimeoutError: Request to <https://api.github.com/copilot_internal/v2/token> timed out after 120000ms\n    at /home/khel/dotfiles/local/.local/share/nvim/lazy/copilot.lua/copilot/lib/src/network/helix.ts:96:19\n    at processTicksAndRejections (node:internal/process/task_queues:105:5)\n    at jT.fetch (/home/khel/dotfiles/local/.local/share/nvim/lazy/copilot.lua/copilot/lib/src/network/helix.ts:94:22)\n    ... 3 lines matching cause stack trace ...\n    at u8.fetchCopilotTokenEnvelope (/home/khel/dotfiles/local/.local/share/nvim/lazy/copilot.lua/copilot/lib/src/auth/copilotTokenManager.ts:88:29) {\n  [cause]: AbortError: The operation was aborted.\n      at fetch (/home/khel/dotfiles/local/.local/share/nvim/lazy/copilot.lua/copilot/node_modules/@adobe/helix-fetch/src/fetch/index.js:96:13)\n      at processTicksAndRejections (node:internal/process/task_queues:105:5)\n      at cachingFetch (/home/khel/dotfiles/local/.local/share/nvim/lazy/copilot.lua/copilot/node_modules/@adobe/helix-fetch/src/fetch/index.js:288:16)\n      at jT.fetch (/home/khel/dotfiles/local/.local/share/nvim/lazy/copilot.lua/copilot/lib/src/network/helix.ts:94:22)\n      at apiFetch (/home/khel/dotfiles/local/.local/share/nvim/lazy/copilot.lua/copilot/lib/src/network/github.ts:22:12)\n      at fetchCopilotToken (/home/khel/dotfiles/local/.local/share/nvim/lazy/copilot.lua/copilot/lib/src/auth/copilotToken.ts:227:16)\n      at authFromGitHubToken (/home/khel/dotfiles/local/.local/share/nvim/lazy/copilot.lua/copilot/lib/src/auth/copilotToken.ts:150:22)\n      at u8.fetchCopilotTokenEnvelope (/home/khel/dotfiles/local/.local/share/nvim/lazy/copilot.lua/copilot/lib/src/auth/copilotTokenManager.ts:88:29) {\n    type: 'aborted',\n    _name: 'AbortError'\n  }\n}"
[ERROR][2025-06-03 17:21:27] ...lsp/handlers.lua:562	"[lsp] Request getCompletions: HttpTimeoutError: Request to <https://api.github.com/copilot_internal/v2/token> timed out after 120000ms\n    at /home/khel/dotfiles/local/.local/share/nvim/lazy/copilot.lua/copilot/lib/src/network/helix.ts:96:19\n    at processTicksAndRejections (node:internal/process/task_queues:105:5)\n    at jT.fetch (/home/khel/dotfiles/local/.local/share/nvim/lazy/copilot.lua/copilot/lib/src/network/helix.ts:94:22)\n    ... 3 lines matching cause stack trace ...\n    at u8.fetchCopilotTokenEnvelope (/home/khel/dotfiles/local/.local/share/nvim/lazy/copilot.lua/copilot/lib/src/auth/copilotTokenManager.ts:88:29) {\n  [cause]: AbortError: The operation was aborted.\n      at fetch (/home/khel/dotfiles/local/.local/share/nvim/lazy/copilot.lua/copilot/node_modules/@adobe/helix-fetch/src/fetch/index.js:96:13)\n      at processTicksAndRejections (node:internal/process/task_queues:105:5)\n      at cachingFetch (/home/khel/dotfiles/local/.local/share/nvim/lazy/copilot.lua/copilot/node_modules/@adobe/helix-fetch/src/fetch/index.js:288:16)\n      at jT.fetch (/home/khel/dotfiles/local/.local/share/nvim/lazy/copilot.lua/copilot/lib/src/network/helix.ts:94:22)\n      at apiFetch (/home/khel/dotfiles/local/.local/share/nvim/lazy/copilot.lua/copilot/lib/src/network/github.ts:22:12)\n      at fetchCopilotToken (/home/khel/dotfiles/local/.local/share/nvim/lazy/copilot.lua/copilot/lib/src/auth/copilotToken.ts:227:16)\n      at authFromGitHubToken (/home/khel/dotfiles/local/.local/share/nvim/lazy/copilot.lua/copilot/lib/src/auth/copilotToken.ts:150:22)\n      at u8.fetchCopilotTokenEnvelope (/home/khel/dotfiles/local/.local/share/nvim/lazy/copilot.lua/copilot/lib/src/auth/copilotTokenManager.ts:88:29) {\n    type: 'aborted',\n    _name: 'AbortError'\n  }\n}"
[ERROR][2025-06-03 17:21:27] ...lsp/handlers.lua:562	"[lsp] Request getCompletions: HttpTimeoutError: Request to <https://api.github.com/copilot_internal/v2/token> timed out after 120000ms\n    at /home/khel/dotfiles/local/.local/share/nvim/lazy/copilot.lua/copilot/lib/src/network/helix.ts:96:19\n    at processTicksAndRejections (node:internal/process/task_queues:105:5)\n    at jT.fetch (/home/khel/dotfiles/local/.local/share/nvim/lazy/copilot.lua/copilot/lib/src/network/helix.ts:94:22)\n    ... 3 lines matching cause stack trace ...\n    at u8.fetchCopilotTokenEnvelope (/home/khel/dotfiles/local/.local/share/nvim/lazy/copilot.lua/copilot/lib/src/auth/copilotTokenManager.ts:88:29) {\n  [cause]: AbortError: The operation was aborted.\n      at fetch (/home/khel/dotfiles/local/.local/share/nvim/lazy/copilot.lua/copilot/node_modules/@adobe/helix-fetch/src/fetch/index.js:96:13)\n      at processTicksAndRejections (node:internal/process/task_queues:105:5)\n      at cachingFetch (/home/khel/dotfiles/local/.local/share/nvim/lazy/copilot.lua/copilot/node_modules/@adobe/helix-fetch/src/fetch/index.js:288:16)\n      at jT.fetch (/home/khel/dotfiles/local/.local/share/nvim/lazy/copilot.lua/copilot/lib/src/network/helix.ts:94:22)\n      at apiFetch (/home/khel/dotfiles/local/.local/share/nvim/lazy/copilot.lua/copilot/lib/src/network/github.ts:22:12)\n      at fetchCopilotToken (/home/khel/dotfiles/local/.local/share/nvim/lazy/copilot.lua/copilot/lib/src/auth/copilotToken.ts:227:16)\n      at authFromGitHubToken (/home/khel/dotfiles/local/.local/share/nvim/lazy/copilot.lua/copilot/lib/src/auth/copilotToken.ts:150:22)\n      at u8.fetchCopilotTokenEnvelope (/home/khel/dotfiles/local/.local/share/nvim/lazy/copilot.lua/copilot/lib/src/auth/copilotTokenManager.ts:88:29) {\n    type: 'aborted',\n    _name: 'AbortError'\n  }\n}"
[ERROR][2025-06-03 17:21:27] ...lsp/handlers.lua:562	"[lsp] Request getCompletions: HttpTimeoutError: Request to <https://api.github.com/copilot_internal/v2/token> timed out after 120000ms\n    at /home/khel/dotfiles/local/.local/share/nvim/lazy/copilot.lua/copilot/lib/src/network/helix.ts:96:19\n    at processTicksAndRejections (node:internal/process/task_queues:105:5)\n    at jT.fetch (/home/khel/dotfiles/local/.local/share/nvim/lazy/copilot.lua/copilot/lib/src/network/helix.ts:94:22)\n    ... 3 lines matching cause stack trace ...\n    at u8.fetchCopilotTokenEnvelope (/home/khel/dotfiles/local/.local/share/nvim/lazy/copilot.lua/copilot/lib/src/auth/copilotTokenManager.ts:88:29) {\n  [cause]: AbortError: The operation was aborted.\n      at fetch (/home/khel/dotfiles/local/.local/share/nvim/lazy/copilot.lua/copilot/node_modules/@adobe/helix-fetch/src/fetch/index.js:96:13)\n      at processTicksAndRejections (node:internal/process/task_queues:105:5)\n      at cachingFetch (/home/khel/dotfiles/local/.local/share/nvim/lazy/copilot.lua/copilot/node_modules/@adobe/helix-fetch/src/fetch/index.js:288:16)\n      at jT.fetch (/home/khel/dotfiles/local/.local/share/nvim/lazy/copilot.lua/copilot/lib/src/network/helix.ts:94:22)\n      at apiFetch (/home/khel/dotfiles/local/.local/share/nvim/lazy/copilot.lua/copilot/lib/src/network/github.ts:22:12)\n      at fetchCopilotToken (/home/khel/dotfiles/local/.local/share/nvim/lazy/copilot.lua/copilot/lib/src/auth/copilotToken.ts:227:16)\n      at authFromGitHubToken (/home/khel/dotfiles/local/.local/share/nvim/lazy/copilot.lua/copilot/lib/src/auth/copilotToken.ts:150:22)\n      at u8.fetchCopilotTokenEnvelope (/home/khel/dotfiles/local/.local/share/nvim/lazy/copilot.lua/copilot/lib/src/auth/copilotTokenManager.ts:88:29) {\n    type: 'aborted',\n    _name: 'AbortError'\n  }\n}"
[ERROR][2025-06-03 17:21:27] ...lsp/handlers.lua:562	"[lsp] Request getCompletions: HttpTimeoutError: Request to <https://api.github.com/copilot_internal/v2/token> timed out after 120000ms\n    at /home/khel/dotfiles/local/.local/share/nvim/lazy/copilot.lua/copilot/lib/src/network/helix.ts:96:19\n    at processTicksAndRejections (node:internal/process/task_queues:105:5)\n    at jT.fetch (/home/khel/dotfiles/local/.local/share/nvim/lazy/copilot.lua/copilot/lib/src/network/helix.ts:94:22)\n    ... 3 lines matching cause stack trace ...\n    at u8.fetchCopilotTokenEnvelope (/home/khel/dotfiles/local/.local/share/nvim/lazy/copilot.lua/copilot/lib/src/auth/copilotTokenManager.ts:88:29) {\n  [cause]: AbortError: The operation was aborted.\n      at fetch (/home/khel/dotfiles/local/.local/share/nvim/lazy/copilot.lua/copilot/node_modules/@adobe/helix-fetch/src/fetch/index.js:96:13)\n      at processTicksAndRejections (node:internal/process/task_queues:105:5)\n      at cachingFetch (/home/khel/dotfiles/local/.local/share/nvim/lazy/copilot.lua/copilot/node_modules/@adobe/helix-fetch/src/fetch/index.js:288:16)\n      at jT.fetch (/home/khel/dotfiles/local/.local/share/nvim/lazy/copilot.lua/copilot/lib/src/network/helix.ts:94:22)\n      at apiFetch (/home/khel/dotfiles/local/.local/share/nvim/lazy/copilot.lua/copilot/lib/src/network/github.ts:22:12)\n      at fetchCopilotToken (/home/khel/dotfiles/local/.local/share/nvim/lazy/copilot.lua/copilot/lib/src/auth/copilotToken.ts:227:16)\n      at authFromGitHubToken (/home/khel/dotfiles/local/.local/share/nvim/lazy/copilot.lua/copilot/lib/src/auth/copilotToken.ts:150:22)\n      at u8.fetchCopilotTokenEnvelope (/home/khel/dotfiles/local/.local/share/nvim/lazy/copilot.lua/copilot/lib/src/auth/copilotTokenManager.ts:88:29) {\n    type: 'aborted',\n    _name: 'AbortError'\n  }\n}"
[ERROR][2025-06-03 17:21:27] ...lsp/handlers.lua:562	"[lsp] Request getCompletions: HttpTimeoutError: Request to <https://api.github.com/copilot_internal/v2/token> timed out after 120000ms\n    at /home/khel/dotfiles/local/.local/share/nvim/lazy/copilot.lua/copilot/lib/src/network/helix.ts:96:19\n    at processTicksAndRejections (node:internal/process/task_queues:105:5)\n    at jT.fetch (/home/khel/dotfiles/local/.local/share/nvim/lazy/copilot.lua/copilot/lib/src/network/helix.ts:94:22)\n    ... 3 lines matching cause stack trace ...\n    at u8.fetchCopilotTokenEnvelope (/home/khel/dotfiles/local/.local/share/nvim/lazy/copilot.lua/copilot/lib/src/auth/copilotTokenManager.ts:88:29) {\n  [cause]: AbortError: The operation was aborted.\n      at fetch (/home/khel/dotfiles/local/.local/share/nvim/lazy/copilot.lua/copilot/node_modules/@adobe/helix-fetch/src/fetch/index.js:96:13)\n      at processTicksAndRejections (node:internal/process/task_queues:105:5)\n      at cachingFetch (/home/khel/dotfiles/local/.local/share/nvim/lazy/copilot.lua/copilot/node_modules/@adobe/helix-fetch/src/fetch/index.js:288:16)\n      at jT.fetch (/home/khel/dotfiles/local/.local/share/nvim/lazy/copilot.lua/copilot/lib/src/network/helix.ts:94:22)\n      at apiFetch (/home/khel/dotfiles/local/.local/share/nvim/lazy/copilot.lua/copilot/lib/src/network/github.ts:22:12)\n      at fetchCopilotToken (/home/khel/dotfiles/local/.local/share/nvim/lazy/copilot.lua/copilot/lib/src/auth/copilotToken.ts:227:16)\n      at authFromGitHubToken (/home/khel/dotfiles/local/.local/share/nvim/lazy/copilot.lua/copilot/lib/src/auth/copilotToken.ts:150:22)\n      at u8.fetchCopilotTokenEnvelope (/home/khel/dotfiles/local/.local/share/nvim/lazy/copilot.lua/copilot/lib/src/auth/copilotTokenManager.ts:88:29) {\n    type: 'aborted',\n    _name: 'AbortError'\n  }\n}"
[ERROR][2025-06-03 17:21:27] ...lsp/handlers.lua:562	"[lsp] Request getCompletions: HttpTimeoutError: Request to <https://api.github.com/copilot_internal/v2/token> timed out after 120000ms\n    at /home/khel/dotfiles/local/.local/share/nvim/lazy/copilot.lua/copilot/lib/src/network/helix.ts:96:19\n    at processTicksAndRejections (node:internal/process/task_queues:105:5)\n    at jT.fetch (/home/khel/dotfiles/local/.local/share/nvim/lazy/copilot.lua/copilot/lib/src/network/helix.ts:94:22)\n    ... 3 lines matching cause stack trace ...\n    at u8.fetchCopilotTokenEnvelope (/home/khel/dotfiles/local/.local/share/nvim/lazy/copilot.lua/copilot/lib/src/auth/copilotTokenManager.ts:88:29) {\n  [cause]: AbortError: The operation was aborted.\n      at fetch (/home/khel/dotfiles/local/.local/share/nvim/lazy/copilot.lua/copilot/node_modules/@adobe/helix-fetch/src/fetch/index.js:96:13)\n      at processTicksAndRejections (node:internal/process/task_queues:105:5)\n      at cachingFetch (/home/khel/dotfiles/local/.local/share/nvim/lazy/copilot.lua/copilot/node_modules/@adobe/helix-fetch/src/fetch/index.js:288:16)\n      at jT.fetch (/home/khel/dotfiles/local/.local/share/nvim/lazy/copilot.lua/copilot/lib/src/network/helix.ts:94:22)\n      at apiFetch (/home/khel/dotfiles/local/.local/share/nvim/lazy/copilot.lua/copilot/lib/src/network/github.ts:22:12)\n      at fetchCopilotToken (/home/khel/dotfiles/local/.local/share/nvim/lazy/copilot.lua/copilot/lib/src/auth/copilotToken.ts:227:16)\n      at authFromGitHubToken (/home/khel/dotfiles/local/.local/share/nvim/lazy/copilot.lua/copilot/lib/src/auth/copilotToken.ts:150:22)\n      at u8.fetchCopilotTokenEnvelope (/home/khel/dotfiles/local/.local/share/nvim/lazy/copilot.lua/copilot/lib/src/auth/copilotTokenManager.ts:88:29) {\n    type: 'aborted',\n    _name: 'AbortError'\n  }\n}"
[ERROR][2025-06-03 17:21:27] ...lsp/handlers.lua:562	"[lsp] Request getCompletions: HttpTimeoutError: Request to <https://api.github.com/copilot_internal/v2/token> timed out after 120000ms\n    at /home/khel/dotfiles/local/.local/share/nvim/lazy/copilot.lua/copilot/lib/src/network/helix.ts:96:19\n    at processTicksAndRejections (node:internal/process/task_queues:105:5)\n    at jT.fetch (/home/khel/dotfiles/local/.local/share/nvim/lazy/copilot.lua/copilot/lib/src/network/helix.ts:94:22)\n    ... 3 lines matching cause stack trace ...\n    at u8.fetchCopilotTokenEnvelope (/home/khel/dotfiles/local/.local/share/nvim/lazy/copilot.lua/copilot/lib/src/auth/copilotTokenManager.ts:88:29) {\n  [cause]: AbortError: The operation was aborted.\n      at fetch (/home/khel/dotfiles/local/.local/share/nvim/lazy/copilot.lua/copilot/node_modules/@adobe/helix-fetch/src/fetch/index.js:96:13)\n      at processTicksAndRejections (node:internal/process/task_queues:105:5)\n      at cachingFetch (/home/khel/dotfiles/local/.local/share/nvim/lazy/copilot.lua/copilot/node_modules/@adobe/helix-fetch/src/fetch/index.js:288:16)\n      at jT.fetch (/home/khel/dotfiles/local/.local/share/nvim/lazy/copilot.lua/copilot/lib/src/network/helix.ts:94:22)\n      at apiFetch (/home/khel/dotfiles/local/.local/share/nvim/lazy/copilot.lua/copilot/lib/src/network/github.ts:22:12)\n      at fetchCopilotToken (/home/khel/dotfiles/local/.local/share/nvim/lazy/copilot.lua/copilot/lib/src/auth/copilotToken.ts:227:16)\n      at authFromGitHubToken (/home/khel/dotfiles/local/.local/share/nvim/lazy/copilot.lua/copilot/lib/src/auth/copilotToken.ts:150:22)\n      at u8.fetchCopilotTokenEnvelope (/home/khel/dotfiles/local/.local/share/nvim/lazy/copilot.lua/copilot/lib/src/auth/copilotTokenManager.ts:88:29) {\n    type: 'aborted',\n    _name: 'AbortError'\n  }\n}"
[ERROR][2025-06-03 17:21:27] ...lsp/handlers.lua:562	"[lsp] Request getCompletions: HttpTimeoutError: Request to <https://api.github.com/copilot_internal/v2/token> timed out after 120000ms\n    at /home/khel/dotfiles/local/.local/share/nvim/lazy/copilot.lua/copilot/lib/src/network/helix.ts:96:19\n    at processTicksAndRejections (node:internal/process/task_queues:105:5)\n    at jT.fetch (/home/khel/dotfiles/local/.local/share/nvim/lazy/copilot.lua/copilot/lib/src/network/helix.ts:94:22)\n    ... 3 lines matching cause stack trace ...\n    at u8.fetchCopilotTokenEnvelope (/home/khel/dotfiles/local/.local/share/nvim/lazy/copilot.lua/copilot/lib/src/auth/copilotTokenManager.ts:88:29) {\n  [cause]: AbortError: The operation was aborted.\n      at fetch (/home/khel/dotfiles/local/.local/share/nvim/lazy/copilot.lua/copilot/node_modules/@adobe/helix-fetch/src/fetch/index.js:96:13)\n      at processTicksAndRejections (node:internal/process/task_queues:105:5)\n      at cachingFetch (/home/khel/dotfiles/local/.local/share/nvim/lazy/copilot.lua/copilot/node_modules/@adobe/helix-fetch/src/fetch/index.js:288:16)\n      at jT.fetch (/home/khel/dotfiles/local/.local/share/nvim/lazy/copilot.lua/copilot/lib/src/network/helix.ts:94:22)\n      at apiFetch (/home/khel/dotfiles/local/.local/share/nvim/lazy/copilot.lua/copilot/lib/src/network/github.ts:22:12)\n      at fetchCopilotToken (/home/khel/dotfiles/local/.local/share/nvim/lazy/copilot.lua/copilot/lib/src/auth/copilotToken.ts:227:16)\n      at authFromGitHubToken (/home/khel/dotfiles/local/.local/share/nvim/lazy/copilot.lua/copilot/lib/src/auth/copilotToken.ts:150:22)\n      at u8.fetchCopilotTokenEnvelope (/home/khel/dotfiles/local/.local/share/nvim/lazy/copilot.lua/copilot/lib/src/auth/copilotTokenManager.ts:88:29) {\n    type: 'aborted',\n    _name: 'AbortError'\n  }\n}"
[ERROR][2025-06-03 17:21:27] ...lsp/handlers.lua:562	"[lsp] Request getCompletions: HttpTimeoutError: Request to <https://api.github.com/copilot_internal/v2/token> timed out after 120000ms\n    at /home/khel/dotfiles/local/.local/share/nvim/lazy/copilot.lua/copilot/lib/src/network/helix.ts:96:19\n    at processTicksAndRejections (node:internal/process/task_queues:105:5)\n    at jT.fetch (/home/khel/dotfiles/local/.local/share/nvim/lazy/copilot.lua/copilot/lib/src/network/helix.ts:94:22)\n    ... 3 lines matching cause stack trace ...\n    at u8.fetchCopilotTokenEnvelope (/home/khel/dotfiles/local/.local/share/nvim/lazy/copilot.lua/copilot/lib/src/auth/copilotTokenManager.ts:88:29) {\n  [cause]: AbortError: The operation was aborted.\n      at fetch (/home/khel/dotfiles/local/.local/share/nvim/lazy/copilot.lua/copilot/node_modules/@adobe/helix-fetch/src/fetch/index.js:96:13)\n      at processTicksAndRejections (node:internal/process/task_queues:105:5)\n      at cachingFetch (/home/khel/dotfiles/local/.local/share/nvim/lazy/copilot.lua/copilot/node_modules/@adobe/helix-fetch/src/fetch/index.js:288:16)\n      at jT.fetch (/home/khel/dotfiles/local/.local/share/nvim/lazy/copilot.lua/copilot/lib/src/network/helix.ts:94:22)\n      at apiFetch (/home/khel/dotfiles/local/.local/share/nvim/lazy/copilot.lua/copilot/lib/src/network/github.ts:22:12)\n      at fetchCopilotToken (/home/khel/dotfiles/local/.local/share/nvim/lazy/copilot.lua/copilot/lib/src/auth/copilotToken.ts:227:16)\n      at authFromGitHubToken (/home/khel/dotfiles/local/.local/share/nvim/lazy/copilot.lua/copilot/lib/src/auth/copilotToken.ts:150:22)\n      at u8.fetchCopilotTokenEnvelope (/home/khel/dotfiles/local/.local/share/nvim/lazy/copilot.lua/copilot/lib/src/auth/copilotTokenManager.ts:88:29) {\n    type: 'aborted',\n    _name: 'AbortError'\n  }\n}"
[ERROR][2025-06-03 17:21:27] ...lsp/handlers.lua:562	"[lsp] Request getCompletions: HttpTimeoutError: Request to <https://api.github.com/copilot_internal/v2/token> timed out after 120000ms\n    at /home/khel/dotfiles/local/.local/share/nvim/lazy/copilot.lua/copilot/lib/src/network/helix.ts:96:19\n    at processTicksAndRejections (node:internal/process/task_queues:105:5)\n    at jT.fetch (/home/khel/dotfiles/local/.local/share/nvim/lazy/copilot.lua/copilot/lib/src/network/helix.ts:94:22)\n    ... 3 lines matching cause stack trace ...\n    at u8.fetchCopilotTokenEnvelope (/home/khel/dotfiles/local/.local/share/nvim/lazy/copilot.lua/copilot/lib/src/auth/copilotTokenManager.ts:88:29) {\n  [cause]: AbortError: The operation was aborted.\n      at fetch (/home/khel/dotfiles/local/.local/share/nvim/lazy/copilot.lua/copilot/node_modules/@adobe/helix-fetch/src/fetch/index.js:96:13)\n      at processTicksAndRejections (node:internal/process/task_queues:105:5)\n      at cachingFetch (/home/khel/dotfiles/local/.local/share/nvim/lazy/copilot.lua/copilot/node_modules/@adobe/helix-fetch/src/fetch/index.js:288:16)\n      at jT.fetch (/home/khel/dotfiles/local/.local/share/nvim/lazy/copilot.lua/copilot/lib/src/network/helix.ts:94:22)\n      at apiFetch (/home/khel/dotfiles/local/.local/share/nvim/lazy/copilot.lua/copilot/lib/src/network/github.ts:22:12)\n      at fetchCopilotToken (/home/khel/dotfiles/local/.local/share/nvim/lazy/copilot.lua/copilot/lib/src/auth/copilotToken.ts:227:16)\n      at authFromGitHubToken (/home/khel/dotfiles/local/.local/share/nvim/lazy/copilot.lua/copilot/lib/src/auth/copilotToken.ts:150:22)\n      at u8.fetchCopilotTokenEnvelope (/home/khel/dotfiles/local/.local/share/nvim/lazy/copilot.lua/copilot/lib/src/auth/copilotTokenManager.ts:88:29) {\n    type: 'aborted',\n    _name: 'AbortError'\n  }\n}"
[ERROR][2025-06-03 17:21:27] ...lsp/handlers.lua:562	"[lsp] Request getCompletions: HttpTimeoutError: Request to <https://api.github.com/copilot_internal/v2/token> timed out after 120000ms\n    at /home/khel/dotfiles/local/.local/share/nvim/lazy/copilot.lua/copilot/lib/src/network/helix.ts:96:19\n    at processTicksAndRejections (node:internal/process/task_queues:105:5)\n    at jT.fetch (/home/khel/dotfiles/local/.local/share/nvim/lazy/copilot.lua/copilot/lib/src/network/helix.ts:94:22)\n    ... 3 lines matching cause stack trace ...\n    at u8.fetchCopilotTokenEnvelope (/home/khel/dotfiles/local/.local/share/nvim/lazy/copilot.lua/copilot/lib/src/auth/copilotTokenManager.ts:88:29) {\n  [cause]: AbortError: The operation was aborted.\n      at fetch (/home/khel/dotfiles/local/.local/share/nvim/lazy/copilot.lua/copilot/node_modules/@adobe/helix-fetch/src/fetch/index.js:96:13)\n      at processTicksAndRejections (node:internal/process/task_queues:105:5)\n      at cachingFetch (/home/khel/dotfiles/local/.local/share/nvim/lazy/copilot.lua/copilot/node_modules/@adobe/helix-fetch/src/fetch/index.js:288:16)\n      at jT.fetch (/home/khel/dotfiles/local/.local/share/nvim/lazy/copilot.lua/copilot/lib/src/network/helix.ts:94:22)\n      at apiFetch (/home/khel/dotfiles/local/.local/share/nvim/lazy/copilot.lua/copilot/lib/src/network/github.ts:22:12)\n      at fetchCopilotToken (/home/khel/dotfiles/local/.local/share/nvim/lazy/copilot.lua/copilot/lib/src/auth/copilotToken.ts:227:16)\n      at authFromGitHubToken (/home/khel/dotfiles/local/.local/share/nvim/lazy/copilot.lua/copilot/lib/src/auth/copilotToken.ts:150:22)\n      at u8.fetchCopilotTokenEnvelope (/home/khel/dotfiles/local/.local/share/nvim/lazy/copilot.lua/copilot/lib/src/auth/copilotTokenManager.ts:88:29) {\n    type: 'aborted',\n    _name: 'AbortError'\n  }\n}"
[ERROR][2025-06-03 17:21:27] ...lsp/handlers.lua:562	"[lsp] Request getCompletions: HttpTimeoutError: Request to <https://api.github.com/copilot_internal/v2/token> timed out after 120000ms\n    at /home/khel/dotfiles/local/.local/share/nvim/lazy/copilot.lua/copilot/lib/src/network/helix.ts:96:19\n    at processTicksAndRejections (node:internal/process/task_queues:105:5)\n    at jT.fetch (/home/khel/dotfiles/local/.local/share/nvim/lazy/copilot.lua/copilot/lib/src/network/helix.ts:94:22)\n    ... 3 lines matching cause stack trace ...\n    at u8.fetchCopilotTokenEnvelope (/home/khel/dotfiles/local/.local/share/nvim/lazy/copilot.lua/copilot/lib/src/auth/copilotTokenManager.ts:88:29) {\n  [cause]: AbortError: The operation was aborted.\n      at fetch (/home/khel/dotfiles/local/.local/share/nvim/lazy/copilot.lua/copilot/node_modules/@adobe/helix-fetch/src/fetch/index.js:96:13)\n      at processTicksAndRejections (node:internal/process/task_queues:105:5)\n      at cachingFetch (/home/khel/dotfiles/local/.local/share/nvim/lazy/copilot.lua/copilot/node_modules/@adobe/helix-fetch/src/fetch/index.js:288:16)\n      at jT.fetch (/home/khel/dotfiles/local/.local/share/nvim/lazy/copilot.lua/copilot/lib/src/network/helix.ts:94:22)\n      at apiFetch (/home/khel/dotfiles/local/.local/share/nvim/lazy/copilot.lua/copilot/lib/src/network/github.ts:22:12)\n      at fetchCopilotToken (/home/khel/dotfiles/local/.local/share/nvim/lazy/copilot.lua/copilot/lib/src/auth/copilotToken.ts:227:16)\n      at authFromGitHubToken (/home/khel/dotfiles/local/.local/share/nvim/lazy/copilot.lua/copilot/lib/src/auth/copilotToken.ts:150:22)\n      at u8.fetchCopilotTokenEnvelope (/home/khel/dotfiles/local/.local/share/nvim/lazy/copilot.lua/copilot/lib/src/auth/copilotTokenManager.ts:88:29) {\n    type: 'aborted',\n    _name: 'AbortError'\n  }\n}"
[ERROR][2025-06-03 17:21:27] ...lsp/handlers.lua:562	"[lsp] Request getCompletions: HttpTimeoutError: Request to <https://api.github.com/copilot_internal/v2/token> timed out after 120000ms\n    at /home/khel/dotfiles/local/.local/share/nvim/lazy/copilot.lua/copilot/lib/src/network/helix.ts:96:19\n    at processTicksAndRejections (node:internal/process/task_queues:105:5)\n    at jT.fetch (/home/khel/dotfiles/local/.local/share/nvim/lazy/copilot.lua/copilot/lib/src/network/helix.ts:94:22)\n    ... 3 lines matching cause stack trace ...\n    at u8.fetchCopilotTokenEnvelope (/home/khel/dotfiles/local/.local/share/nvim/lazy/copilot.lua/copilot/lib/src/auth/copilotTokenManager.ts:88:29) {\n  [cause]: AbortError: The operation was aborted.\n      at fetch (/home/khel/dotfiles/local/.local/share/nvim/lazy/copilot.lua/copilot/node_modules/@adobe/helix-fetch/src/fetch/index.js:96:13)\n      at processTicksAndRejections (node:internal/process/task_queues:105:5)\n      at cachingFetch (/home/khel/dotfiles/local/.local/share/nvim/lazy/copilot.lua/copilot/node_modules/@adobe/helix-fetch/src/fetch/index.js:288:16)\n      at jT.fetch (/home/khel/dotfiles/local/.local/share/nvim/lazy/copilot.lua/copilot/lib/src/network/helix.ts:94:22)\n      at apiFetch (/home/khel/dotfiles/local/.local/share/nvim/lazy/copilot.lua/copilot/lib/src/network/github.ts:22:12)\n      at fetchCopilotToken (/home/khel/dotfiles/local/.local/share/nvim/lazy/copilot.lua/copilot/lib/src/auth/copilotToken.ts:227:16)\n      at authFromGitHubToken (/home/khel/dotfiles/local/.local/share/nvim/lazy/copilot.lua/copilot/lib/src/auth/copilotToken.ts:150:22)\n      at u8.fetchCopilotTokenEnvelope (/home/khel/dotfiles/local/.local/share/nvim/lazy/copilot.lua/copilot/lib/src/auth/copilotTokenManager.ts:88:29) {\n    type: 'aborted',\n    _name: 'AbortError'\n  }\n}"
[ERROR][2025-06-03 17:21:27] ...lsp/handlers.lua:562	"[lsp] Request getCompletions: HttpTimeoutError: Request to <https://api.github.com/copilot_internal/v2/token> timed out after 120000ms\n    at /home/khel/dotfiles/local/.local/share/nvim/lazy/copilot.lua/copilot/lib/src/network/helix.ts:96:19\n    at processTicksAndRejections (node:internal/process/task_queues:105:5)\n    at jT.fetch (/home/khel/dotfiles/local/.local/share/nvim/lazy/copilot.lua/copilot/lib/src/network/helix.ts:94:22)\n    ... 3 lines matching cause stack trace ...\n    at u8.fetchCopilotTokenEnvelope (/home/khel/dotfiles/local/.local/share/nvim/lazy/copilot.lua/copilot/lib/src/auth/copilotTokenManager.ts:88:29) {\n  [cause]: AbortError: The operation was aborted.\n      at fetch (/home/khel/dotfiles/local/.local/share/nvim/lazy/copilot.lua/copilot/node_modules/@adobe/helix-fetch/src/fetch/index.js:96:13)\n      at processTicksAndRejections (node:internal/process/task_queues:105:5)\n      at cachingFetch (/home/khel/dotfiles/local/.local/share/nvim/lazy/copilot.lua/copilot/node_modules/@adobe/helix-fetch/src/fetch/index.js:288:16)\n      at jT.fetch (/home/khel/dotfiles/local/.local/share/nvim/lazy/copilot.lua/copilot/lib/src/network/helix.ts:94:22)\n      at apiFetch (/home/khel/dotfiles/local/.local/share/nvim/lazy/copilot.lua/copilot/lib/src/network/github.ts:22:12)\n      at fetchCopilotToken (/home/khel/dotfiles/local/.local/share/nvim/lazy/copilot.lua/copilot/lib/src/auth/copilotToken.ts:227:16)\n      at authFromGitHubToken (/home/khel/dotfiles/local/.local/share/nvim/lazy/copilot.lua/copilot/lib/src/auth/copilotToken.ts:150:22)\n      at u8.fetchCopilotTokenEnvelope (/home/khel/dotfiles/local/.local/share/nvim/lazy/copilot.lua/copilot/lib/src/auth/copilotTokenManager.ts:88:29) {\n    type: 'aborted',\n    _name: 'AbortError'\n  }\n}"
[ERROR][2025-06-03 17:21:27] ...lsp/handlers.lua:562	"[lsp] Request getCompletions: HttpTimeoutError: Request to <https://api.github.com/copilot_internal/v2/token> timed out after 120000ms\n    at /home/khel/dotfiles/local/.local/share/nvim/lazy/copilot.lua/copilot/lib/src/network/helix.ts:96:19\n    at processTicksAndRejections (node:internal/process/task_queues:105:5)\n    at jT.fetch (/home/khel/dotfiles/local/.local/share/nvim/lazy/copilot.lua/copilot/lib/src/network/helix.ts:94:22)\n    ... 3 lines matching cause stack trace ...\n    at u8.fetchCopilotTokenEnvelope (/home/khel/dotfiles/local/.local/share/nvim/lazy/copilot.lua/copilot/lib/src/auth/copilotTokenManager.ts:88:29) {\n  [cause]: AbortError: The operation was aborted.\n      at fetch (/home/khel/dotfiles/local/.local/share/nvim/lazy/copilot.lua/copilot/node_modules/@adobe/helix-fetch/src/fetch/index.js:96:13)\n      at processTicksAndRejections (node:internal/process/task_queues:105:5)\n      at cachingFetch (/home/khel/dotfiles/local/.local/share/nvim/lazy/copilot.lua/copilot/node_modules/@adobe/helix-fetch/src/fetch/index.js:288:16)\n      at jT.fetch (/home/khel/dotfiles/local/.local/share/nvim/lazy/copilot.lua/copilot/lib/src/network/helix.ts:94:22)\n      at apiFetch (/home/khel/dotfiles/local/.local/share/nvim/lazy/copilot.lua/copilot/lib/src/network/github.ts:22:12)\n      at fetchCopilotToken (/home/khel/dotfiles/local/.local/share/nvim/lazy/copilot.lua/copilot/lib/src/auth/copilotToken.ts:227:16)\n      at authFromGitHubToken (/home/khel/dotfiles/local/.local/share/nvim/lazy/copilot.lua/copilot/lib/src/auth/copilotToken.ts:150:22)\n      at u8.fetchCopilotTokenEnvelope (/home/khel/dotfiles/local/.local/share/nvim/lazy/copilot.lua/copilot/lib/src/auth/copilotTokenManager.ts:88:29) {\n    type: 'aborted',\n    _name: 'AbortError'\n  }\n}"
[ERROR][2025-06-03 17:21:27] ...lsp/handlers.lua:562	"[lsp] Request getCompletions: HttpTimeoutError: Request to <https://api.github.com/copilot_internal/v2/token> timed out after 120000ms\n    at /home/khel/dotfiles/local/.local/share/nvim/lazy/copilot.lua/copilot/lib/src/network/helix.ts:96:19\n    at processTicksAndRejections (node:internal/process/task_queues:105:5)\n    at jT.fetch (/home/khel/dotfiles/local/.local/share/nvim/lazy/copilot.lua/copilot/lib/src/network/helix.ts:94:22)\n    ... 3 lines matching cause stack trace ...\n    at u8.fetchCopilotTokenEnvelope (/home/khel/dotfiles/local/.local/share/nvim/lazy/copilot.lua/copilot/lib/src/auth/copilotTokenManager.ts:88:29) {\n  [cause]: AbortError: The operation was aborted.\n      at fetch (/home/khel/dotfiles/local/.local/share/nvim/lazy/copilot.lua/copilot/node_modules/@adobe/helix-fetch/src/fetch/index.js:96:13)\n      at processTicksAndRejections (node:internal/process/task_queues:105:5)\n      at cachingFetch (/home/khel/dotfiles/local/.local/share/nvim/lazy/copilot.lua/copilot/node_modules/@adobe/helix-fetch/src/fetch/index.js:288:16)\n      at jT.fetch (/home/khel/dotfiles/local/.local/share/nvim/lazy/copilot.lua/copilot/lib/src/network/helix.ts:94:22)\n      at apiFetch (/home/khel/dotfiles/local/.local/share/nvim/lazy/copilot.lua/copilot/lib/src/network/github.ts:22:12)\n      at fetchCopilotToken (/home/khel/dotfiles/local/.local/share/nvim/lazy/copilot.lua/copilot/lib/src/auth/copilotToken.ts:227:16)\n      at authFromGitHubToken (/home/khel/dotfiles/local/.local/share/nvim/lazy/copilot.lua/copilot/lib/src/auth/copilotToken.ts:150:22)\n      at u8.fetchCopilotTokenEnvelope (/home/khel/dotfiles/local/.local/share/nvim/lazy/copilot.lua/copilot/lib/src/auth/copilotTokenManager.ts:88:29) {\n    type: 'aborted',\n    _name: 'AbortError'\n  }\n}"
[ERROR][2025-06-03 17:21:27] ...lsp/handlers.lua:562	"[lsp] Request getCompletions: HttpTimeoutError: Request to <https://api.github.com/copilot_internal/v2/token> timed out after 120000ms\n    at /home/khel/dotfiles/local/.local/share/nvim/lazy/copilot.lua/copilot/lib/src/network/helix.ts:96:19\n    at processTicksAndRejections (node:internal/process/task_queues:105:5)\n    at jT.fetch (/home/khel/dotfiles/local/.local/share/nvim/lazy/copilot.lua/copilot/lib/src/network/helix.ts:94:22)\n    ... 3 lines matching cause stack trace ...\n    at u8.fetchCopilotTokenEnvelope (/home/khel/dotfiles/local/.local/share/nvim/lazy/copilot.lua/copilot/lib/src/auth/copilotTokenManager.ts:88:29) {\n  [cause]: AbortError: The operation was aborted.\n      at fetch (/home/khel/dotfiles/local/.local/share/nvim/lazy/copilot.lua/copilot/node_modules/@adobe/helix-fetch/src/fetch/index.js:96:13)\n      at processTicksAndRejections (node:internal/process/task_queues:105:5)\n      at cachingFetch (/home/khel/dotfiles/local/.local/share/nvim/lazy/copilot.lua/copilot/node_modules/@adobe/helix-fetch/src/fetch/index.js:288:16)\n      at jT.fetch (/home/khel/dotfiles/local/.local/share/nvim/lazy/copilot.lua/copilot/lib/src/network/helix.ts:94:22)\n      at apiFetch (/home/khel/dotfiles/local/.local/share/nvim/lazy/copilot.lua/copilot/lib/src/network/github.ts:22:12)\n      at fetchCopilotToken (/home/khel/dotfiles/local/.local/share/nvim/lazy/copilot.lua/copilot/lib/src/auth/copilotToken.ts:227:16)\n      at authFromGitHubToken (/home/khel/dotfiles/local/.local/share/nvim/lazy/copilot.lua/copilot/lib/src/auth/copilotToken.ts:150:22)\n      at u8.fetchCopilotTokenEnvelope (/home/khel/dotfiles/local/.local/share/nvim/lazy/copilot.lua/copilot/lib/src/auth/copilotTokenManager.ts:88:29) {\n    type: 'aborted',\n    _name: 'AbortError'\n  }\n}"
[ERROR][2025-06-03 17:21:27] ...lsp/handlers.lua:562	"[lsp] Request getCompletions: HttpTimeoutError: Request to <https://api.github.com/copilot_internal/v2/token> timed out after 120000ms\n    at /home/khel/dotfiles/local/.local/share/nvim/lazy/copilot.lua/copilot/lib/src/network/helix.ts:96:19\n    at processTicksAndRejections (node:internal/process/task_queues:105:5)\n    at jT.fetch (/home/khel/dotfiles/local/.local/share/nvim/lazy/copilot.lua/copilot/lib/src/network/helix.ts:94:22)\n    ... 3 lines matching cause stack trace ...\n    at u8.fetchCopilotTokenEnvelope (/home/khel/dotfiles/local/.local/share/nvim/lazy/copilot.lua/copilot/lib/src/auth/copilotTokenManager.ts:88:29) {\n  [cause]: AbortError: The operation was aborted.\n      at fetch (/home/khel/dotfiles/local/.local/share/nvim/lazy/copilot.lua/copilot/node_modules/@adobe/helix-fetch/src/fetch/index.js:96:13)\n      at processTicksAndRejections (node:internal/process/task_queues:105:5)\n      at cachingFetch (/home/khel/dotfiles/local/.local/share/nvim/lazy/copilot.lua/copilot/node_modules/@adobe/helix-fetch/src/fetch/index.js:288:16)\n      at jT.fetch (/home/khel/dotfiles/local/.local/share/nvim/lazy/copilot.lua/copilot/lib/src/network/helix.ts:94:22)\n      at apiFetch (/home/khel/dotfiles/local/.local/share/nvim/lazy/copilot.lua/copilot/lib/src/network/github.ts:22:12)\n      at fetchCopilotToken (/home/khel/dotfiles/local/.local/share/nvim/lazy/copilot.lua/copilot/lib/src/auth/copilotToken.ts:227:16)\n      at authFromGitHubToken (/home/khel/dotfiles/local/.local/share/nvim/lazy/copilot.lua/copilot/lib/src/auth/copilotToken.ts:150:22)\n      at u8.fetchCopilotTokenEnvelope (/home/khel/dotfiles/local/.local/share/nvim/lazy/copilot.lua/copilot/lib/src/auth/copilotTokenManager.ts:88:29) {\n    type: 'aborted',\n    _name: 'AbortError'\n  }\n}"
[ERROR][2025-06-03 17:21:27] ...lsp/handlers.lua:562	"[lsp] Request getCompletions: HttpTimeoutError: Request to <https://api.github.com/copilot_internal/v2/token> timed out after 120000ms\n    at /home/khel/dotfiles/local/.local/share/nvim/lazy/copilot.lua/copilot/lib/src/network/helix.ts:96:19\n    at processTicksAndRejections (node:internal/process/task_queues:105:5)\n    at jT.fetch (/home/khel/dotfiles/local/.local/share/nvim/lazy/copilot.lua/copilot/lib/src/network/helix.ts:94:22)\n    ... 3 lines matching cause stack trace ...\n    at u8.fetchCopilotTokenEnvelope (/home/khel/dotfiles/local/.local/share/nvim/lazy/copilot.lua/copilot/lib/src/auth/copilotTokenManager.ts:88:29) {\n  [cause]: AbortError: The operation was aborted.\n      at fetch (/home/khel/dotfiles/local/.local/share/nvim/lazy/copilot.lua/copilot/node_modules/@adobe/helix-fetch/src/fetch/index.js:96:13)\n      at processTicksAndRejections (node:internal/process/task_queues:105:5)\n      at cachingFetch (/home/khel/dotfiles/local/.local/share/nvim/lazy/copilot.lua/copilot/node_modules/@adobe/helix-fetch/src/fetch/index.js:288:16)\n      at jT.fetch (/home/khel/dotfiles/local/.local/share/nvim/lazy/copilot.lua/copilot/lib/src/network/helix.ts:94:22)\n      at apiFetch (/home/khel/dotfiles/local/.local/share/nvim/lazy/copilot.lua/copilot/lib/src/network/github.ts:22:12)\n      at fetchCopilotToken (/home/khel/dotfiles/local/.local/share/nvim/lazy/copilot.lua/copilot/lib/src/auth/copilotToken.ts:227:16)\n      at authFromGitHubToken (/home/khel/dotfiles/local/.local/share/nvim/lazy/copilot.lua/copilot/lib/src/auth/copilotToken.ts:150:22)\n      at u8.fetchCopilotTokenEnvelope (/home/khel/dotfiles/local/.local/share/nvim/lazy/copilot.lua/copilot/lib/src/auth/copilotTokenManager.ts:88:29) {\n    type: 'aborted',\n    _name: 'AbortError'\n  }\n}"
[ERROR][2025-06-03 17:21:27] ...lsp/handlers.lua:562	"[lsp] Request getCompletions: HttpTimeoutError: Request to <https://api.github.com/copilot_internal/v2/token> timed out after 120000ms\n    at /home/khel/dotfiles/local/.local/share/nvim/lazy/copilot.lua/copilot/lib/src/network/helix.ts:96:19\n    at processTicksAndRejections (node:internal/process/task_queues:105:5)\n    at jT.fetch (/home/khel/dotfiles/local/.local/share/nvim/lazy/copilot.lua/copilot/lib/src/network/helix.ts:94:22)\n    ... 3 lines matching cause stack trace ...\n    at u8.fetchCopilotTokenEnvelope (/home/khel/dotfiles/local/.local/share/nvim/lazy/copilot.lua/copilot/lib/src/auth/copilotTokenManager.ts:88:29) {\n  [cause]: AbortError: The operation was aborted.\n      at fetch (/home/khel/dotfiles/local/.local/share/nvim/lazy/copilot.lua/copilot/node_modules/@adobe/helix-fetch/src/fetch/index.js:96:13)\n      at processTicksAndRejections (node:internal/process/task_queues:105:5)\n      at cachingFetch (/home/khel/dotfiles/local/.local/share/nvim/lazy/copilot.lua/copilot/node_modules/@adobe/helix-fetch/src/fetch/index.js:288:16)\n      at jT.fetch (/home/khel/dotfiles/local/.local/share/nvim/lazy/copilot.lua/copilot/lib/src/network/helix.ts:94:22)\n      at apiFetch (/home/khel/dotfiles/local/.local/share/nvim/lazy/copilot.lua/copilot/lib/src/network/github.ts:22:12)\n      at fetchCopilotToken (/home/khel/dotfiles/local/.local/share/nvim/lazy/copilot.lua/copilot/lib/src/auth/copilotToken.ts:227:16)\n      at authFromGitHubToken (/home/khel/dotfiles/local/.local/share/nvim/lazy/copilot.lua/copilot/lib/src/auth/copilotToken.ts:150:22)\n      at u8.fetchCopilotTokenEnvelope (/home/khel/dotfiles/local/.local/share/nvim/lazy/copilot.lua/copilot/lib/src/auth/copilotTokenManager.ts:88:29) {\n    type: 'aborted',\n    _name: 'AbortError'\n  }\n}"
[ERROR][2025-06-03 17:21:27] ...lsp/handlers.lua:562	"[lsp] Request getCompletions: HttpTimeoutError: Request to <https://api.github.com/copilot_internal/v2/token> timed out after 120000ms\n    at /home/khel/dotfiles/local/.local/share/nvim/lazy/copilot.lua/copilot/lib/src/network/helix.ts:96:19\n    at processTicksAndRejections (node:internal/process/task_queues:105:5)\n    at jT.fetch (/home/khel/dotfiles/local/.local/share/nvim/lazy/copilot.lua/copilot/lib/src/network/helix.ts:94:22)\n    ... 3 lines matching cause stack trace ...\n    at u8.fetchCopilotTokenEnvelope (/home/khel/dotfiles/local/.local/share/nvim/lazy/copilot.lua/copilot/lib/src/auth/copilotTokenManager.ts:88:29) {\n  [cause]: AbortError: The operation was aborted.\n      at fetch (/home/khel/dotfiles/local/.local/share/nvim/lazy/copilot.lua/copilot/node_modules/@adobe/helix-fetch/src/fetch/index.js:96:13)\n      at processTicksAndRejections (node:internal/process/task_queues:105:5)\n      at cachingFetch (/home/khel/dotfiles/local/.local/share/nvim/lazy/copilot.lua/copilot/node_modules/@adobe/helix-fetch/src/fetch/index.js:288:16)\n      at jT.fetch (/home/khel/dotfiles/local/.local/share/nvim/lazy/copilot.lua/copilot/lib/src/network/helix.ts:94:22)\n      at apiFetch (/home/khel/dotfiles/local/.local/share/nvim/lazy/copilot.lua/copilot/lib/src/network/github.ts:22:12)\n      at fetchCopilotToken (/home/khel/dotfiles/local/.local/share/nvim/lazy/copilot.lua/copilot/lib/src/auth/copilotToken.ts:227:16)\n      at authFromGitHubToken (/home/khel/dotfiles/local/.local/share/nvim/lazy/copilot.lua/copilot/lib/src/auth/copilotToken.ts:150:22)\n      at u8.fetchCopilotTokenEnvelope (/home/khel/dotfiles/local/.local/share/nvim/lazy/copilot.lua/copilot/lib/src/auth/copilotTokenManager.ts:88:29) {\n    type: 'aborted',\n    _name: 'AbortError'\n  }\n}"
[ERROR][2025-06-03 17:21:27] ...lsp/handlers.lua:562	"[lsp] Request getCompletions: HttpTimeoutError: Request to <https://api.github.com/copilot_internal/v2/token> timed out after 120000ms\n    at /home/khel/dotfiles/local/.local/share/nvim/lazy/copilot.lua/copilot/lib/src/network/helix.ts:96:19\n    at processTicksAndRejections (node:internal/process/task_queues:105:5)\n    at jT.fetch (/home/khel/dotfiles/local/.local/share/nvim/lazy/copilot.lua/copilot/lib/src/network/helix.ts:94:22)\n    ... 3 lines matching cause stack trace ...\n    at u8.fetchCopilotTokenEnvelope (/home/khel/dotfiles/local/.local/share/nvim/lazy/copilot.lua/copilot/lib/src/auth/copilotTokenManager.ts:88:29) {\n  [cause]: AbortError: The operation was aborted.\n      at fetch (/home/khel/dotfiles/local/.local/share/nvim/lazy/copilot.lua/copilot/node_modules/@adobe/helix-fetch/src/fetch/index.js:96:13)\n      at processTicksAndRejections (node:internal/process/task_queues:105:5)\n      at cachingFetch (/home/khel/dotfiles/local/.local/share/nvim/lazy/copilot.lua/copilot/node_modules/@adobe/helix-fetch/src/fetch/index.js:288:16)\n      at jT.fetch (/home/khel/dotfiles/local/.local/share/nvim/lazy/copilot.lua/copilot/lib/src/network/helix.ts:94:22)\n      at apiFetch (/home/khel/dotfiles/local/.local/share/nvim/lazy/copilot.lua/copilot/lib/src/network/github.ts:22:12)\n      at fetchCopilotToken (/home/khel/dotfiles/local/.local/share/nvim/lazy/copilot.lua/copilot/lib/src/auth/copilotToken.ts:227:16)\n      at authFromGitHubToken (/home/khel/dotfiles/local/.local/share/nvim/lazy/copilot.lua/copilot/lib/src/auth/copilotToken.ts:150:22)\n      at u8.fetchCopilotTokenEnvelope (/home/khel/dotfiles/local/.local/share/nvim/lazy/copilot.lua/copilot/lib/src/auth/copilotTokenManager.ts:88:29) {\n    type: 'aborted',\n    _name: 'AbortError'\n  }\n}"
[ERROR][2025-06-03 17:21:27] ...lsp/handlers.lua:562	"[lsp] Request getCompletions: HttpTimeoutError: Request to <https://api.github.com/copilot_internal/v2/token> timed out after 120000ms\n    at /home/khel/dotfiles/local/.local/share/nvim/lazy/copilot.lua/copilot/lib/src/network/helix.ts:96:19\n    at processTicksAndRejections (node:internal/process/task_queues:105:5)\n    at jT.fetch (/home/khel/dotfiles/local/.local/share/nvim/lazy/copilot.lua/copilot/lib/src/network/helix.ts:94:22)\n    ... 3 lines matching cause stack trace ...\n    at u8.fetchCopilotTokenEnvelope (/home/khel/dotfiles/local/.local/share/nvim/lazy/copilot.lua/copilot/lib/src/auth/copilotTokenManager.ts:88:29) {\n  [cause]: AbortError: The operation was aborted.\n      at fetch (/home/khel/dotfiles/local/.local/share/nvim/lazy/copilot.lua/copilot/node_modules/@adobe/helix-fetch/src/fetch/index.js:96:13)\n      at processTicksAndRejections (node:internal/process/task_queues:105:5)\n      at cachingFetch (/home/khel/dotfiles/local/.local/share/nvim/lazy/copilot.lua/copilot/node_modules/@adobe/helix-fetch/src/fetch/index.js:288:16)\n      at jT.fetch (/home/khel/dotfiles/local/.local/share/nvim/lazy/copilot.lua/copilot/lib/src/network/helix.ts:94:22)\n      at apiFetch (/home/khel/dotfiles/local/.local/share/nvim/lazy/copilot.lua/copilot/lib/src/network/github.ts:22:12)\n      at fetchCopilotToken (/home/khel/dotfiles/local/.local/share/nvim/lazy/copilot.lua/copilot/lib/src/auth/copilotToken.ts:227:16)\n      at authFromGitHubToken (/home/khel/dotfiles/local/.local/share/nvim/lazy/copilot.lua/copilot/lib/src/auth/copilotToken.ts:150:22)\n      at u8.fetchCopilotTokenEnvelope (/home/khel/dotfiles/local/.local/share/nvim/lazy/copilot.lua/copilot/lib/src/auth/copilotTokenManager.ts:88:29) {\n    type: 'aborted',\n    _name: 'AbortError'\n  }\n}"
[ERROR][2025-06-03 17:21:27] ...lsp/handlers.lua:562	"[lsp] Request getCompletions: HttpTimeoutError: Request to <https://api.github.com/copilot_internal/v2/token> timed out after 120000ms\n    at /home/khel/dotfiles/local/.local/share/nvim/lazy/copilot.lua/copilot/lib/src/network/helix.ts:96:19\n    at processTicksAndRejections (node:internal/process/task_queues:105:5)\n    at jT.fetch (/home/khel/dotfiles/local/.local/share/nvim/lazy/copilot.lua/copilot/lib/src/network/helix.ts:94:22)\n    ... 3 lines matching cause stack trace ...\n    at u8.fetchCopilotTokenEnvelope (/home/khel/dotfiles/local/.local/share/nvim/lazy/copilot.lua/copilot/lib/src/auth/copilotTokenManager.ts:88:29) {\n  [cause]: AbortError: The operation was aborted.\n      at fetch (/home/khel/dotfiles/local/.local/share/nvim/lazy/copilot.lua/copilot/node_modules/@adobe/helix-fetch/src/fetch/index.js:96:13)\n      at processTicksAndRejections (node:internal/process/task_queues:105:5)\n      at cachingFetch (/home/khel/dotfiles/local/.local/share/nvim/lazy/copilot.lua/copilot/node_modules/@adobe/helix-fetch/src/fetch/index.js:288:16)\n      at jT.fetch (/home/khel/dotfiles/local/.local/share/nvim/lazy/copilot.lua/copilot/lib/src/network/helix.ts:94:22)\n      at apiFetch (/home/khel/dotfiles/local/.local/share/nvim/lazy/copilot.lua/copilot/lib/src/network/github.ts:22:12)\n      at fetchCopilotToken (/home/khel/dotfiles/local/.local/share/nvim/lazy/copilot.lua/copilot/lib/src/auth/copilotToken.ts:227:16)\n      at authFromGitHubToken (/home/khel/dotfiles/local/.local/share/nvim/lazy/copilot.lua/copilot/lib/src/auth/copilotToken.ts:150:22)\n      at u8.fetchCopilotTokenEnvelope (/home/khel/dotfiles/local/.local/share/nvim/lazy/copilot.lua/copilot/lib/src/auth/copilotTokenManager.ts:88:29) {\n    type: 'aborted',\n    _name: 'AbortError'\n  }\n}"
[ERROR][2025-06-03 17:21:27] ...lsp/handlers.lua:562	"[lsp] Request getCompletions: HttpTimeoutError: Request to <https://api.github.com/copilot_internal/v2/token> timed out after 120000ms\n    at /home/khel/dotfiles/local/.local/share/nvim/lazy/copilot.lua/copilot/lib/src/network/helix.ts:96:19\n    at processTicksAndRejections (node:internal/process/task_queues:105:5)\n    at jT.fetch (/home/khel/dotfiles/local/.local/share/nvim/lazy/copilot.lua/copilot/lib/src/network/helix.ts:94:22)\n    ... 3 lines matching cause stack trace ...\n    at u8.fetchCopilotTokenEnvelope (/home/khel/dotfiles/local/.local/share/nvim/lazy/copilot.lua/copilot/lib/src/auth/copilotTokenManager.ts:88:29) {\n  [cause]: AbortError: The operation was aborted.\n      at fetch (/home/khel/dotfiles/local/.local/share/nvim/lazy/copilot.lua/copilot/node_modules/@adobe/helix-fetch/src/fetch/index.js:96:13)\n      at processTicksAndRejections (node:internal/process/task_queues:105:5)\n      at cachingFetch (/home/khel/dotfiles/local/.local/share/nvim/lazy/copilot.lua/copilot/node_modules/@adobe/helix-fetch/src/fetch/index.js:288:16)\n      at jT.fetch (/home/khel/dotfiles/local/.local/share/nvim/lazy/copilot.lua/copilot/lib/src/network/helix.ts:94:22)\n      at apiFetch (/home/khel/dotfiles/local/.local/share/nvim/lazy/copilot.lua/copilot/lib/src/network/github.ts:22:12)\n      at fetchCopilotToken (/home/khel/dotfiles/local/.local/share/nvim/lazy/copilot.lua/copilot/lib/src/auth/copilotToken.ts:227:16)\n      at authFromGitHubToken (/home/khel/dotfiles/local/.local/share/nvim/lazy/copilot.lua/copilot/lib/src/auth/copilotToken.ts:150:22)\n      at u8.fetchCopilotTokenEnvelope (/home/khel/dotfiles/local/.local/share/nvim/lazy/copilot.lua/copilot/lib/src/auth/copilotTokenManager.ts:88:29) {\n    type: 'aborted',\n    _name: 'AbortError'\n  }\n}"
[ERROR][2025-06-03 17:21:27] ...lsp/handlers.lua:562	"[lsp] Request getCompletions: HttpTimeoutError: Request to <https://api.github.com/copilot_internal/v2/token> timed out after 120000ms\n    at /home/khel/dotfiles/local/.local/share/nvim/lazy/copilot.lua/copilot/lib/src/network/helix.ts:96:19\n    at processTicksAndRejections (node:internal/process/task_queues:105:5)\n    at jT.fetch (/home/khel/dotfiles/local/.local/share/nvim/lazy/copilot.lua/copilot/lib/src/network/helix.ts:94:22)\n    ... 3 lines matching cause stack trace ...\n    at u8.fetchCopilotTokenEnvelope (/home/khel/dotfiles/local/.local/share/nvim/lazy/copilot.lua/copilot/lib/src/auth/copilotTokenManager.ts:88:29) {\n  [cause]: AbortError: The operation was aborted.\n      at fetch (/home/khel/dotfiles/local/.local/share/nvim/lazy/copilot.lua/copilot/node_modules/@adobe/helix-fetch/src/fetch/index.js:96:13)\n      at processTicksAndRejections (node:internal/process/task_queues:105:5)\n      at cachingFetch (/home/khel/dotfiles/local/.local/share/nvim/lazy/copilot.lua/copilot/node_modules/@adobe/helix-fetch/src/fetch/index.js:288:16)\n      at jT.fetch (/home/khel/dotfiles/local/.local/share/nvim/lazy/copilot.lua/copilot/lib/src/network/helix.ts:94:22)\n      at apiFetch (/home/khel/dotfiles/local/.local/share/nvim/lazy/copilot.lua/copilot/lib/src/network/github.ts:22:12)\n      at fetchCopilotToken (/home/khel/dotfiles/local/.local/share/nvim/lazy/copilot.lua/copilot/lib/src/auth/copilotToken.ts:227:16)\n      at authFromGitHubToken (/home/khel/dotfiles/local/.local/share/nvim/lazy/copilot.lua/copilot/lib/src/auth/copilotToken.ts:150:22)\n      at u8.fetchCopilotTokenEnvelope (/home/khel/dotfiles/local/.local/share/nvim/lazy/copilot.lua/copilot/lib/src/auth/copilotTokenManager.ts:88:29) {\n    type: 'aborted',\n    _name: 'AbortError'\n  }\n}"
[ERROR][2025-06-03 17:21:27] ...lsp/handlers.lua:562	"[lsp] Request getCompletions: HttpTimeoutError: Request to <https://api.github.com/copilot_internal/v2/token> timed out after 120000ms\n    at /home/khel/dotfiles/local/.local/share/nvim/lazy/copilot.lua/copilot/lib/src/network/helix.ts:96:19\n    at processTicksAndRejections (node:internal/process/task_queues:105:5)\n    at jT.fetch (/home/khel/dotfiles/local/.local/share/nvim/lazy/copilot.lua/copilot/lib/src/network/helix.ts:94:22)\n    ... 3 lines matching cause stack trace ...\n    at u8.fetchCopilotTokenEnvelope (/home/khel/dotfiles/local/.local/share/nvim/lazy/copilot.lua/copilot/lib/src/auth/copilotTokenManager.ts:88:29) {\n  [cause]: AbortError: The operation was aborted.\n      at fetch (/home/khel/dotfiles/local/.local/share/nvim/lazy/copilot.lua/copilot/node_modules/@adobe/helix-fetch/src/fetch/index.js:96:13)\n      at processTicksAndRejections (node:internal/process/task_queues:105:5)\n      at cachingFetch (/home/khel/dotfiles/local/.local/share/nvim/lazy/copilot.lua/copilot/node_modules/@adobe/helix-fetch/src/fetch/index.js:288:16)\n      at jT.fetch (/home/khel/dotfiles/local/.local/share/nvim/lazy/copilot.lua/copilot/lib/src/network/helix.ts:94:22)\n      at apiFetch (/home/khel/dotfiles/local/.local/share/nvim/lazy/copilot.lua/copilot/lib/src/network/github.ts:22:12)\n      at fetchCopilotToken (/home/khel/dotfiles/local/.local/share/nvim/lazy/copilot.lua/copilot/lib/src/auth/copilotToken.ts:227:16)\n      at authFromGitHubToken (/home/khel/dotfiles/local/.local/share/nvim/lazy/copilot.lua/copilot/lib/src/auth/copilotToken.ts:150:22)\n      at u8.fetchCopilotTokenEnvelope (/home/khel/dotfiles/local/.local/share/nvim/lazy/copilot.lua/copilot/lib/src/auth/copilotTokenManager.ts:88:29) {\n    type: 'aborted',\n    _name: 'AbortError'\n  }\n}"
[ERROR][2025-06-03 17:21:27] ...lsp/handlers.lua:562	"[lsp] Request getCompletions: HttpTimeoutError: Request to <https://api.github.com/copilot_internal/v2/token> timed out after 120000ms\n    at /home/khel/dotfiles/local/.local/share/nvim/lazy/copilot.lua/copilot/lib/src/network/helix.ts:96:19\n    at processTicksAndRejections (node:internal/process/task_queues:105:5)\n    at jT.fetch (/home/khel/dotfiles/local/.local/share/nvim/lazy/copilot.lua/copilot/lib/src/network/helix.ts:94:22)\n    ... 3 lines matching cause stack trace ...\n    at u8.fetchCopilotTokenEnvelope (/home/khel/dotfiles/local/.local/share/nvim/lazy/copilot.lua/copilot/lib/src/auth/copilotTokenManager.ts:88:29) {\n  [cause]: AbortError: The operation was aborted.\n      at fetch (/home/khel/dotfiles/local/.local/share/nvim/lazy/copilot.lua/copilot/node_modules/@adobe/helix-fetch/src/fetch/index.js:96:13)\n      at processTicksAndRejections (node:internal/process/task_queues:105:5)\n      at cachingFetch (/home/khel/dotfiles/local/.local/share/nvim/lazy/copilot.lua/copilot/node_modules/@adobe/helix-fetch/src/fetch/index.js:288:16)\n      at jT.fetch (/home/khel/dotfiles/local/.local/share/nvim/lazy/copilot.lua/copilot/lib/src/network/helix.ts:94:22)\n      at apiFetch (/home/khel/dotfiles/local/.local/share/nvim/lazy/copilot.lua/copilot/lib/src/network/github.ts:22:12)\n      at fetchCopilotToken (/home/khel/dotfiles/local/.local/share/nvim/lazy/copilot.lua/copilot/lib/src/auth/copilotToken.ts:227:16)\n      at authFromGitHubToken (/home/khel/dotfiles/local/.local/share/nvim/lazy/copilot.lua/copilot/lib/src/auth/copilotToken.ts:150:22)\n      at u8.fetchCopilotTokenEnvelope (/home/khel/dotfiles/local/.local/share/nvim/lazy/copilot.lua/copilot/lib/src/auth/copilotTokenManager.ts:88:29) {\n    type: 'aborted',\n    _name: 'AbortError'\n  }\n}"
[ERROR][2025-06-03 17:21:27] ...lsp/handlers.lua:562	"[lsp] Request getCompletions: HttpTimeoutError: Request to <https://api.github.com/copilot_internal/v2/token> timed out after 120000ms\n    at /home/khel/dotfiles/local/.local/share/nvim/lazy/copilot.lua/copilot/lib/src/network/helix.ts:96:19\n    at processTicksAndRejections (node:internal/process/task_queues:105:5)\n    at jT.fetch (/home/khel/dotfiles/local/.local/share/nvim/lazy/copilot.lua/copilot/lib/src/network/helix.ts:94:22)\n    ... 3 lines matching cause stack trace ...\n    at u8.fetchCopilotTokenEnvelope (/home/khel/dotfiles/local/.local/share/nvim/lazy/copilot.lua/copilot/lib/src/auth/copilotTokenManager.ts:88:29) {\n  [cause]: AbortError: The operation was aborted.\n      at fetch (/home/khel/dotfiles/local/.local/share/nvim/lazy/copilot.lua/copilot/node_modules/@adobe/helix-fetch/src/fetch/index.js:96:13)\n      at processTicksAndRejections (node:internal/process/task_queues:105:5)\n      at cachingFetch (/home/khel/dotfiles/local/.local/share/nvim/lazy/copilot.lua/copilot/node_modules/@adobe/helix-fetch/src/fetch/index.js:288:16)\n      at jT.fetch (/home/khel/dotfiles/local/.local/share/nvim/lazy/copilot.lua/copilot/lib/src/network/helix.ts:94:22)\n      at apiFetch (/home/khel/dotfiles/local/.local/share/nvim/lazy/copilot.lua/copilot/lib/src/network/github.ts:22:12)\n      at fetchCopilotToken (/home/khel/dotfiles/local/.local/share/nvim/lazy/copilot.lua/copilot/lib/src/auth/copilotToken.ts:227:16)\n      at authFromGitHubToken (/home/khel/dotfiles/local/.local/share/nvim/lazy/copilot.lua/copilot/lib/src/auth/copilotToken.ts:150:22)\n      at u8.fetchCopilotTokenEnvelope (/home/khel/dotfiles/local/.local/share/nvim/lazy/copilot.lua/copilot/lib/src/auth/copilotTokenManager.ts:88:29) {\n    type: 'aborted',\n    _name: 'AbortError'\n  }\n}"
[ERROR][2025-06-03 17:21:27] ...lsp/handlers.lua:562	"[lsp] Request getCompletions: HttpTimeoutError: Request to <https://api.github.com/copilot_internal/v2/token> timed out after 120000ms\n    at /home/khel/dotfiles/local/.local/share/nvim/lazy/copilot.lua/copilot/lib/src/network/helix.ts:96:19\n    at processTicksAndRejections (node:internal/process/task_queues:105:5)\n    at jT.fetch (/home/khel/dotfiles/local/.local/share/nvim/lazy/copilot.lua/copilot/lib/src/network/helix.ts:94:22)\n    ... 3 lines matching cause stack trace ...\n    at u8.fetchCopilotTokenEnvelope (/home/khel/dotfiles/local/.local/share/nvim/lazy/copilot.lua/copilot/lib/src/auth/copilotTokenManager.ts:88:29) {\n  [cause]: AbortError: The operation was aborted.\n      at fetch (/home/khel/dotfiles/local/.local/share/nvim/lazy/copilot.lua/copilot/node_modules/@adobe/helix-fetch/src/fetch/index.js:96:13)\n      at processTicksAndRejections (node:internal/process/task_queues:105:5)\n      at cachingFetch (/home/khel/dotfiles/local/.local/share/nvim/lazy/copilot.lua/copilot/node_modules/@adobe/helix-fetch/src/fetch/index.js:288:16)\n      at jT.fetch (/home/khel/dotfiles/local/.local/share/nvim/lazy/copilot.lua/copilot/lib/src/network/helix.ts:94:22)\n      at apiFetch (/home/khel/dotfiles/local/.local/share/nvim/lazy/copilot.lua/copilot/lib/src/network/github.ts:22:12)\n      at fetchCopilotToken (/home/khel/dotfiles/local/.local/share/nvim/lazy/copilot.lua/copilot/lib/src/auth/copilotToken.ts:227:16)\n      at authFromGitHubToken (/home/khel/dotfiles/local/.local/share/nvim/lazy/copilot.lua/copilot/lib/src/auth/copilotToken.ts:150:22)\n      at u8.fetchCopilotTokenEnvelope (/home/khel/dotfiles/local/.local/share/nvim/lazy/copilot.lua/copilot/lib/src/auth/copilotTokenManager.ts:88:29) {\n    type: 'aborted',\n    _name: 'AbortError'\n  }\n}"
[ERROR][2025-06-03 17:21:27] ...lsp/handlers.lua:562	"[lsp] Request getCompletions: HttpTimeoutError: Request to <https://api.github.com/copilot_internal/v2/token> timed out after 120000ms\n    at /home/khel/dotfiles/local/.local/share/nvim/lazy/copilot.lua/copilot/lib/src/network/helix.ts:96:19\n    at processTicksAndRejections (node:internal/process/task_queues:105:5)\n    at jT.fetch (/home/khel/dotfiles/local/.local/share/nvim/lazy/copilot.lua/copilot/lib/src/network/helix.ts:94:22)\n    ... 3 lines matching cause stack trace ...\n    at u8.fetchCopilotTokenEnvelope (/home/khel/dotfiles/local/.local/share/nvim/lazy/copilot.lua/copilot/lib/src/auth/copilotTokenManager.ts:88:29) {\n  [cause]: AbortError: The operation was aborted.\n      at fetch (/home/khel/dotfiles/local/.local/share/nvim/lazy/copilot.lua/copilot/node_modules/@adobe/helix-fetch/src/fetch/index.js:96:13)\n      at processTicksAndRejections (node:internal/process/task_queues:105:5)\n      at cachingFetch (/home/khel/dotfiles/local/.local/share/nvim/lazy/copilot.lua/copilot/node_modules/@adobe/helix-fetch/src/fetch/index.js:288:16)\n      at jT.fetch (/home/khel/dotfiles/local/.local/share/nvim/lazy/copilot.lua/copilot/lib/src/network/helix.ts:94:22)\n      at apiFetch (/home/khel/dotfiles/local/.local/share/nvim/lazy/copilot.lua/copilot/lib/src/network/github.ts:22:12)\n      at fetchCopilotToken (/home/khel/dotfiles/local/.local/share/nvim/lazy/copilot.lua/copilot/lib/src/auth/copilotToken.ts:227:16)\n      at authFromGitHubToken (/home/khel/dotfiles/local/.local/share/nvim/lazy/copilot.lua/copilot/lib/src/auth/copilotToken.ts:150:22)\n      at u8.fetchCopilotTokenEnvelope (/home/khel/dotfiles/local/.local/share/nvim/lazy/copilot.lua/copilot/lib/src/auth/copilotTokenManager.ts:88:29) {\n    type: 'aborted',\n    _name: 'AbortError'\n  }\n}"
[ERROR][2025-06-03 17:21:27] ...lsp/handlers.lua:562	"[lsp] Request getCompletions: HttpTimeoutError: Request to <https://api.github.com/copilot_internal/v2/token> timed out after 120000ms\n    at /home/khel/dotfiles/local/.local/share/nvim/lazy/copilot.lua/copilot/lib/src/network/helix.ts:96:19\n    at processTicksAndRejections (node:internal/process/task_queues:105:5)\n    at jT.fetch (/home/khel/dotfiles/local/.local/share/nvim/lazy/copilot.lua/copilot/lib/src/network/helix.ts:94:22)\n    ... 3 lines matching cause stack trace ...\n    at u8.fetchCopilotTokenEnvelope (/home/khel/dotfiles/local/.local/share/nvim/lazy/copilot.lua/copilot/lib/src/auth/copilotTokenManager.ts:88:29) {\n  [cause]: AbortError: The operation was aborted.\n      at fetch (/home/khel/dotfiles/local/.local/share/nvim/lazy/copilot.lua/copilot/node_modules/@adobe/helix-fetch/src/fetch/index.js:96:13)\n      at processTicksAndRejections (node:internal/process/task_queues:105:5)\n      at cachingFetch (/home/khel/dotfiles/local/.local/share/nvim/lazy/copilot.lua/copilot/node_modules/@adobe/helix-fetch/src/fetch/index.js:288:16)\n      at jT.fetch (/home/khel/dotfiles/local/.local/share/nvim/lazy/copilot.lua/copilot/lib/src/network/helix.ts:94:22)\n      at apiFetch (/home/khel/dotfiles/local/.local/share/nvim/lazy/copilot.lua/copilot/lib/src/network/github.ts:22:12)\n      at fetchCopilotToken (/home/khel/dotfiles/local/.local/share/nvim/lazy/copilot.lua/copilot/lib/src/auth/copilotToken.ts:227:16)\n      at authFromGitHubToken (/home/khel/dotfiles/local/.local/share/nvim/lazy/copilot.lua/copilot/lib/src/auth/copilotToken.ts:150:22)\n      at u8.fetchCopilotTokenEnvelope (/home/khel/dotfiles/local/.local/share/nvim/lazy/copilot.lua/copilot/lib/src/auth/copilotTokenManager.ts:88:29) {\n    type: 'aborted',\n    _name: 'AbortError'\n  }\n}"
[ERROR][2025-06-03 17:21:27] ...lsp/handlers.lua:562	"[lsp] Request getCompletions: HttpTimeoutError: Request to <https://api.github.com/copilot_internal/v2/token> timed out after 120000ms\n    at /home/khel/dotfiles/local/.local/share/nvim/lazy/copilot.lua/copilot/lib/src/network/helix.ts:96:19\n    at processTicksAndRejections (node:internal/process/task_queues:105:5)\n    at jT.fetch (/home/khel/dotfiles/local/.local/share/nvim/lazy/copilot.lua/copilot/lib/src/network/helix.ts:94:22)\n    ... 3 lines matching cause stack trace ...\n    at u8.fetchCopilotTokenEnvelope (/home/khel/dotfiles/local/.local/share/nvim/lazy/copilot.lua/copilot/lib/src/auth/copilotTokenManager.ts:88:29) {\n  [cause]: AbortError: The operation was aborted.\n      at fetch (/home/khel/dotfiles/local/.local/share/nvim/lazy/copilot.lua/copilot/node_modules/@adobe/helix-fetch/src/fetch/index.js:96:13)\n      at processTicksAndRejections (node:internal/process/task_queues:105:5)\n      at cachingFetch (/home/khel/dotfiles/local/.local/share/nvim/lazy/copilot.lua/copilot/node_modules/@adobe/helix-fetch/src/fetch/index.js:288:16)\n      at jT.fetch (/home/khel/dotfiles/local/.local/share/nvim/lazy/copilot.lua/copilot/lib/src/network/helix.ts:94:22)\n      at apiFetch (/home/khel/dotfiles/local/.local/share/nvim/lazy/copilot.lua/copilot/lib/src/network/github.ts:22:12)\n      at fetchCopilotToken (/home/khel/dotfiles/local/.local/share/nvim/lazy/copilot.lua/copilot/lib/src/auth/copilotToken.ts:227:16)\n      at authFromGitHubToken (/home/khel/dotfiles/local/.local/share/nvim/lazy/copilot.lua/copilot/lib/src/auth/copilotToken.ts:150:22)\n      at u8.fetchCopilotTokenEnvelope (/home/khel/dotfiles/local/.local/share/nvim/lazy/copilot.lua/copilot/lib/src/auth/copilotTokenManager.ts:88:29) {\n    type: 'aborted',\n    _name: 'AbortError'\n  }\n}"
[ERROR][2025-06-03 17:21:27] ...lsp/handlers.lua:562	"[lsp] Request getCompletions: HttpTimeoutError: Request to <https://api.github.com/copilot_internal/v2/token> timed out after 120000ms\n    at /home/khel/dotfiles/local/.local/share/nvim/lazy/copilot.lua/copilot/lib/src/network/helix.ts:96:19\n    at processTicksAndRejections (node:internal/process/task_queues:105:5)\n    at jT.fetch (/home/khel/dotfiles/local/.local/share/nvim/lazy/copilot.lua/copilot/lib/src/network/helix.ts:94:22)\n    ... 3 lines matching cause stack trace ...\n    at u8.fetchCopilotTokenEnvelope (/home/khel/dotfiles/local/.local/share/nvim/lazy/copilot.lua/copilot/lib/src/auth/copilotTokenManager.ts:88:29) {\n  [cause]: AbortError: The operation was aborted.\n      at fetch (/home/khel/dotfiles/local/.local/share/nvim/lazy/copilot.lua/copilot/node_modules/@adobe/helix-fetch/src/fetch/index.js:96:13)\n      at processTicksAndRejections (node:internal/process/task_queues:105:5)\n      at cachingFetch (/home/khel/dotfiles/local/.local/share/nvim/lazy/copilot.lua/copilot/node_modules/@adobe/helix-fetch/src/fetch/index.js:288:16)\n      at jT.fetch (/home/khel/dotfiles/local/.local/share/nvim/lazy/copilot.lua/copilot/lib/src/network/helix.ts:94:22)\n      at apiFetch (/home/khel/dotfiles/local/.local/share/nvim/lazy/copilot.lua/copilot/lib/src/network/github.ts:22:12)\n      at fetchCopilotToken (/home/khel/dotfiles/local/.local/share/nvim/lazy/copilot.lua/copilot/lib/src/auth/copilotToken.ts:227:16)\n      at authFromGitHubToken (/home/khel/dotfiles/local/.local/share/nvim/lazy/copilot.lua/copilot/lib/src/auth/copilotToken.ts:150:22)\n      at u8.fetchCopilotTokenEnvelope (/home/khel/dotfiles/local/.local/share/nvim/lazy/copilot.lua/copilot/lib/src/auth/copilotTokenManager.ts:88:29) {\n    type: 'aborted',\n    _name: 'AbortError'\n  }\n}"
[ERROR][2025-06-03 17:21:27] ...lsp/handlers.lua:562	"[lsp] Request getCompletions: HttpTimeoutError: Request to <https://api.github.com/copilot_internal/v2/token> timed out after 120000ms\n    at /home/khel/dotfiles/local/.local/share/nvim/lazy/copilot.lua/copilot/lib/src/network/helix.ts:96:19\n    at processTicksAndRejections (node:internal/process/task_queues:105:5)\n    at jT.fetch (/home/khel/dotfiles/local/.local/share/nvim/lazy/copilot.lua/copilot/lib/src/network/helix.ts:94:22)\n    ... 3 lines matching cause stack trace ...\n    at u8.fetchCopilotTokenEnvelope (/home/khel/dotfiles/local/.local/share/nvim/lazy/copilot.lua/copilot/lib/src/auth/copilotTokenManager.ts:88:29) {\n  [cause]: AbortError: The operation was aborted.\n      at fetch (/home/khel/dotfiles/local/.local/share/nvim/lazy/copilot.lua/copilot/node_modules/@adobe/helix-fetch/src/fetch/index.js:96:13)\n      at processTicksAndRejections (node:internal/process/task_queues:105:5)\n      at cachingFetch (/home/khel/dotfiles/local/.local/share/nvim/lazy/copilot.lua/copilot/node_modules/@adobe/helix-fetch/src/fetch/index.js:288:16)\n      at jT.fetch (/home/khel/dotfiles/local/.local/share/nvim/lazy/copilot.lua/copilot/lib/src/network/helix.ts:94:22)\n      at apiFetch (/home/khel/dotfiles/local/.local/share/nvim/lazy/copilot.lua/copilot/lib/src/network/github.ts:22:12)\n      at fetchCopilotToken (/home/khel/dotfiles/local/.local/share/nvim/lazy/copilot.lua/copilot/lib/src/auth/copilotToken.ts:227:16)\n      at authFromGitHubToken (/home/khel/dotfiles/local/.local/share/nvim/lazy/copilot.lua/copilot/lib/src/auth/copilotToken.ts:150:22)\n      at u8.fetchCopilotTokenEnvelope (/home/khel/dotfiles/local/.local/share/nvim/lazy/copilot.lua/copilot/lib/src/auth/copilotTokenManager.ts:88:29) {\n    type: 'aborted',\n    _name: 'AbortError'\n  }\n}"
[ERROR][2025-06-03 17:21:27] ...lsp/handlers.lua:562	"[lsp] Request getCompletions: HttpTimeoutError: Request to <https://api.github.com/copilot_internal/v2/token> timed out after 120000ms\n    at /home/khel/dotfiles/local/.local/share/nvim/lazy/copilot.lua/copilot/lib/src/network/helix.ts:96:19\n    at processTicksAndRejections (node:internal/process/task_queues:105:5)\n    at jT.fetch (/home/khel/dotfiles/local/.local/share/nvim/lazy/copilot.lua/copilot/lib/src/network/helix.ts:94:22)\n    ... 3 lines matching cause stack trace ...\n    at u8.fetchCopilotTokenEnvelope (/home/khel/dotfiles/local/.local/share/nvim/lazy/copilot.lua/copilot/lib/src/auth/copilotTokenManager.ts:88:29) {\n  [cause]: AbortError: The operation was aborted.\n      at fetch (/home/khel/dotfiles/local/.local/share/nvim/lazy/copilot.lua/copilot/node_modules/@adobe/helix-fetch/src/fetch/index.js:96:13)\n      at processTicksAndRejections (node:internal/process/task_queues:105:5)\n      at cachingFetch (/home/khel/dotfiles/local/.local/share/nvim/lazy/copilot.lua/copilot/node_modules/@adobe/helix-fetch/src/fetch/index.js:288:16)\n      at jT.fetch (/home/khel/dotfiles/local/.local/share/nvim/lazy/copilot.lua/copilot/lib/src/network/helix.ts:94:22)\n      at apiFetch (/home/khel/dotfiles/local/.local/share/nvim/lazy/copilot.lua/copilot/lib/src/network/github.ts:22:12)\n      at fetchCopilotToken (/home/khel/dotfiles/local/.local/share/nvim/lazy/copilot.lua/copilot/lib/src/auth/copilotToken.ts:227:16)\n      at authFromGitHubToken (/home/khel/dotfiles/local/.local/share/nvim/lazy/copilot.lua/copilot/lib/src/auth/copilotToken.ts:150:22)\n      at u8.fetchCopilotTokenEnvelope (/home/khel/dotfiles/local/.local/share/nvim/lazy/copilot.lua/copilot/lib/src/auth/copilotTokenManager.ts:88:29) {\n    type: 'aborted',\n    _name: 'AbortError'\n  }\n}"
[ERROR][2025-06-03 17:21:27] ...lsp/handlers.lua:562	"[lsp] Request getCompletions: HttpTimeoutError: Request to <https://api.github.com/copilot_internal/v2/token> timed out after 120000ms\n    at /home/khel/dotfiles/local/.local/share/nvim/lazy/copilot.lua/copilot/lib/src/network/helix.ts:96:19\n    at processTicksAndRejections (node:internal/process/task_queues:105:5)\n    at jT.fetch (/home/khel/dotfiles/local/.local/share/nvim/lazy/copilot.lua/copilot/lib/src/network/helix.ts:94:22)\n    ... 3 lines matching cause stack trace ...\n    at u8.fetchCopilotTokenEnvelope (/home/khel/dotfiles/local/.local/share/nvim/lazy/copilot.lua/copilot/lib/src/auth/copilotTokenManager.ts:88:29) {\n  [cause]: AbortError: The operation was aborted.\n      at fetch (/home/khel/dotfiles/local/.local/share/nvim/lazy/copilot.lua/copilot/node_modules/@adobe/helix-fetch/src/fetch/index.js:96:13)\n      at processTicksAndRejections (node:internal/process/task_queues:105:5)\n      at cachingFetch (/home/khel/dotfiles/local/.local/share/nvim/lazy/copilot.lua/copilot/node_modules/@adobe/helix-fetch/src/fetch/index.js:288:16)\n      at jT.fetch (/home/khel/dotfiles/local/.local/share/nvim/lazy/copilot.lua/copilot/lib/src/network/helix.ts:94:22)\n      at apiFetch (/home/khel/dotfiles/local/.local/share/nvim/lazy/copilot.lua/copilot/lib/src/network/github.ts:22:12)\n      at fetchCopilotToken (/home/khel/dotfiles/local/.local/share/nvim/lazy/copilot.lua/copilot/lib/src/auth/copilotToken.ts:227:16)\n      at authFromGitHubToken (/home/khel/dotfiles/local/.local/share/nvim/lazy/copilot.lua/copilot/lib/src/auth/copilotToken.ts:150:22)\n      at u8.fetchCopilotTokenEnvelope (/home/khel/dotfiles/local/.local/share/nvim/lazy/copilot.lua/copilot/lib/src/auth/copilotTokenManager.ts:88:29) {\n    type: 'aborted',\n    _name: 'AbortError'\n  }\n}"
[ERROR][2025-06-03 17:52:50] ...lsp/handlers.lua:562	"[lsp] Request getCompletions: HttpTimeoutError: Request to <https://api.github.com/copilot_internal/v2/token> timed out after 120000ms\n    at /home/khel/dotfiles/local/.local/share/nvim/lazy/copilot.lua/copilot/lib/src/network/helix.ts:96:19\n    at processTicksAndRejections (node:internal/process/task_queues:105:5)\n    at jT.fetch (/home/khel/dotfiles/local/.local/share/nvim/lazy/copilot.lua/copilot/lib/src/network/helix.ts:94:22)\n    ... 3 lines matching cause stack trace ...\n    at u8.fetchCopilotTokenEnvelope (/home/khel/dotfiles/local/.local/share/nvim/lazy/copilot.lua/copilot/lib/src/auth/copilotTokenManager.ts:88:29) {\n  [cause]: AbortError: The operation was aborted.\n      at fetch (/home/khel/dotfiles/local/.local/share/nvim/lazy/copilot.lua/copilot/node_modules/@adobe/helix-fetch/src/fetch/index.js:96:13)\n      at processTicksAndRejections (node:internal/process/task_queues:105:5)\n      at cachingFetch (/home/khel/dotfiles/local/.local/share/nvim/lazy/copilot.lua/copilot/node_modules/@adobe/helix-fetch/src/fetch/index.js:288:16)\n      at jT.fetch (/home/khel/dotfiles/local/.local/share/nvim/lazy/copilot.lua/copilot/lib/src/network/helix.ts:94:22)\n      at apiFetch (/home/khel/dotfiles/local/.local/share/nvim/lazy/copilot.lua/copilot/lib/src/network/github.ts:22:12)\n      at fetchCopilotToken (/home/khel/dotfiles/local/.local/share/nvim/lazy/copilot.lua/copilot/lib/src/auth/copilotToken.ts:227:16)\n      at authFromGitHubToken (/home/khel/dotfiles/local/.local/share/nvim/lazy/copilot.lua/copilot/lib/src/auth/copilotToken.ts:150:22)\n      at u8.fetchCopilotTokenEnvelope (/home/khel/dotfiles/local/.local/share/nvim/lazy/copilot.lua/copilot/lib/src/auth/copilotTokenManager.ts:88:29) {\n    type: 'aborted',\n    _name: 'AbortError'\n  }\n}"
[ERROR][2025-06-03 17:52:50] ...lsp/handlers.lua:562	"[lsp] Request getCompletions: HttpTimeoutError: Request to <https://api.github.com/copilot_internal/v2/token> timed out after 120000ms\n    at /home/khel/dotfiles/local/.local/share/nvim/lazy/copilot.lua/copilot/lib/src/network/helix.ts:96:19\n    at processTicksAndRejections (node:internal/process/task_queues:105:5)\n    at jT.fetch (/home/khel/dotfiles/local/.local/share/nvim/lazy/copilot.lua/copilot/lib/src/network/helix.ts:94:22)\n    ... 3 lines matching cause stack trace ...\n    at u8.fetchCopilotTokenEnvelope (/home/khel/dotfiles/local/.local/share/nvim/lazy/copilot.lua/copilot/lib/src/auth/copilotTokenManager.ts:88:29) {\n  [cause]: AbortError: The operation was aborted.\n      at fetch (/home/khel/dotfiles/local/.local/share/nvim/lazy/copilot.lua/copilot/node_modules/@adobe/helix-fetch/src/fetch/index.js:96:13)\n      at processTicksAndRejections (node:internal/process/task_queues:105:5)\n      at cachingFetch (/home/khel/dotfiles/local/.local/share/nvim/lazy/copilot.lua/copilot/node_modules/@adobe/helix-fetch/src/fetch/index.js:288:16)\n      at jT.fetch (/home/khel/dotfiles/local/.local/share/nvim/lazy/copilot.lua/copilot/lib/src/network/helix.ts:94:22)\n      at apiFetch (/home/khel/dotfiles/local/.local/share/nvim/lazy/copilot.lua/copilot/lib/src/network/github.ts:22:12)\n      at fetchCopilotToken (/home/khel/dotfiles/local/.local/share/nvim/lazy/copilot.lua/copilot/lib/src/auth/copilotToken.ts:227:16)\n      at authFromGitHubToken (/home/khel/dotfiles/local/.local/share/nvim/lazy/copilot.lua/copilot/lib/src/auth/copilotToken.ts:150:22)\n      at u8.fetchCopilotTokenEnvelope (/home/khel/dotfiles/local/.local/share/nvim/lazy/copilot.lua/copilot/lib/src/auth/copilotTokenManager.ts:88:29) {\n    type: 'aborted',\n    _name: 'AbortError'\n  }\n}"
[ERROR][2025-06-03 17:52:50] ...lsp/handlers.lua:562	"[lsp] Request getCompletions: HttpTimeoutError: Request to <https://api.github.com/copilot_internal/v2/token> timed out after 120000ms\n    at /home/khel/dotfiles/local/.local/share/nvim/lazy/copilot.lua/copilot/lib/src/network/helix.ts:96:19\n    at processTicksAndRejections (node:internal/process/task_queues:105:5)\n    at jT.fetch (/home/khel/dotfiles/local/.local/share/nvim/lazy/copilot.lua/copilot/lib/src/network/helix.ts:94:22)\n    ... 3 lines matching cause stack trace ...\n    at u8.fetchCopilotTokenEnvelope (/home/khel/dotfiles/local/.local/share/nvim/lazy/copilot.lua/copilot/lib/src/auth/copilotTokenManager.ts:88:29) {\n  [cause]: AbortError: The operation was aborted.\n      at fetch (/home/khel/dotfiles/local/.local/share/nvim/lazy/copilot.lua/copilot/node_modules/@adobe/helix-fetch/src/fetch/index.js:96:13)\n      at processTicksAndRejections (node:internal/process/task_queues:105:5)\n      at cachingFetch (/home/khel/dotfiles/local/.local/share/nvim/lazy/copilot.lua/copilot/node_modules/@adobe/helix-fetch/src/fetch/index.js:288:16)\n      at jT.fetch (/home/khel/dotfiles/local/.local/share/nvim/lazy/copilot.lua/copilot/lib/src/network/helix.ts:94:22)\n      at apiFetch (/home/khel/dotfiles/local/.local/share/nvim/lazy/copilot.lua/copilot/lib/src/network/github.ts:22:12)\n      at fetchCopilotToken (/home/khel/dotfiles/local/.local/share/nvim/lazy/copilot.lua/copilot/lib/src/auth/copilotToken.ts:227:16)\n      at authFromGitHubToken (/home/khel/dotfiles/local/.local/share/nvim/lazy/copilot.lua/copilot/lib/src/auth/copilotToken.ts:150:22)\n      at u8.fetchCopilotTokenEnvelope (/home/khel/dotfiles/local/.local/share/nvim/lazy/copilot.lua/copilot/lib/src/auth/copilotTokenManager.ts:88:29) {\n    type: 'aborted',\n    _name: 'AbortError'\n  }\n}"
[ERROR][2025-06-03 17:52:50] ...lsp/handlers.lua:562	"[lsp] Request getCompletions: HttpTimeoutError: Request to <https://api.github.com/copilot_internal/v2/token> timed out after 120000ms\n    at /home/khel/dotfiles/local/.local/share/nvim/lazy/copilot.lua/copilot/lib/src/network/helix.ts:96:19\n    at processTicksAndRejections (node:internal/process/task_queues:105:5)\n    at jT.fetch (/home/khel/dotfiles/local/.local/share/nvim/lazy/copilot.lua/copilot/lib/src/network/helix.ts:94:22)\n    ... 3 lines matching cause stack trace ...\n    at u8.fetchCopilotTokenEnvelope (/home/khel/dotfiles/local/.local/share/nvim/lazy/copilot.lua/copilot/lib/src/auth/copilotTokenManager.ts:88:29) {\n  [cause]: AbortError: The operation was aborted.\n      at fetch (/home/khel/dotfiles/local/.local/share/nvim/lazy/copilot.lua/copilot/node_modules/@adobe/helix-fetch/src/fetch/index.js:96:13)\n      at processTicksAndRejections (node:internal/process/task_queues:105:5)\n      at cachingFetch (/home/khel/dotfiles/local/.local/share/nvim/lazy/copilot.lua/copilot/node_modules/@adobe/helix-fetch/src/fetch/index.js:288:16)\n      at jT.fetch (/home/khel/dotfiles/local/.local/share/nvim/lazy/copilot.lua/copilot/lib/src/network/helix.ts:94:22)\n      at apiFetch (/home/khel/dotfiles/local/.local/share/nvim/lazy/copilot.lua/copilot/lib/src/network/github.ts:22:12)\n      at fetchCopilotToken (/home/khel/dotfiles/local/.local/share/nvim/lazy/copilot.lua/copilot/lib/src/auth/copilotToken.ts:227:16)\n      at authFromGitHubToken (/home/khel/dotfiles/local/.local/share/nvim/lazy/copilot.lua/copilot/lib/src/auth/copilotToken.ts:150:22)\n      at u8.fetchCopilotTokenEnvelope (/home/khel/dotfiles/local/.local/share/nvim/lazy/copilot.lua/copilot/lib/src/auth/copilotTokenManager.ts:88:29) {\n    type: 'aborted',\n    _name: 'AbortError'\n  }\n}"
[ERROR][2025-06-03 17:52:50] ...lsp/handlers.lua:562	"[lsp] Request getCompletions: HttpTimeoutError: Request to <https://api.github.com/copilot_internal/v2/token> timed out after 120000ms\n    at /home/khel/dotfiles/local/.local/share/nvim/lazy/copilot.lua/copilot/lib/src/network/helix.ts:96:19\n    at processTicksAndRejections (node:internal/process/task_queues:105:5)\n    at jT.fetch (/home/khel/dotfiles/local/.local/share/nvim/lazy/copilot.lua/copilot/lib/src/network/helix.ts:94:22)\n    ... 3 lines matching cause stack trace ...\n    at u8.fetchCopilotTokenEnvelope (/home/khel/dotfiles/local/.local/share/nvim/lazy/copilot.lua/copilot/lib/src/auth/copilotTokenManager.ts:88:29) {\n  [cause]: AbortError: The operation was aborted.\n      at fetch (/home/khel/dotfiles/local/.local/share/nvim/lazy/copilot.lua/copilot/node_modules/@adobe/helix-fetch/src/fetch/index.js:96:13)\n      at processTicksAndRejections (node:internal/process/task_queues:105:5)\n      at cachingFetch (/home/khel/dotfiles/local/.local/share/nvim/lazy/copilot.lua/copilot/node_modules/@adobe/helix-fetch/src/fetch/index.js:288:16)\n      at jT.fetch (/home/khel/dotfiles/local/.local/share/nvim/lazy/copilot.lua/copilot/lib/src/network/helix.ts:94:22)\n      at apiFetch (/home/khel/dotfiles/local/.local/share/nvim/lazy/copilot.lua/copilot/lib/src/network/github.ts:22:12)\n      at fetchCopilotToken (/home/khel/dotfiles/local/.local/share/nvim/lazy/copilot.lua/copilot/lib/src/auth/copilotToken.ts:227:16)\n      at authFromGitHubToken (/home/khel/dotfiles/local/.local/share/nvim/lazy/copilot.lua/copilot/lib/src/auth/copilotToken.ts:150:22)\n      at u8.fetchCopilotTokenEnvelope (/home/khel/dotfiles/local/.local/share/nvim/lazy/copilot.lua/copilot/lib/src/auth/copilotTokenManager.ts:88:29) {\n    type: 'aborted',\n    _name: 'AbortError'\n  }\n}"
[ERROR][2025-06-03 17:52:50] ...lsp/handlers.lua:562	"[lsp] Request getCompletions: HttpTimeoutError: Request to <https://api.github.com/copilot_internal/v2/token> timed out after 120000ms\n    at /home/khel/dotfiles/local/.local/share/nvim/lazy/copilot.lua/copilot/lib/src/network/helix.ts:96:19\n    at processTicksAndRejections (node:internal/process/task_queues:105:5)\n    at jT.fetch (/home/khel/dotfiles/local/.local/share/nvim/lazy/copilot.lua/copilot/lib/src/network/helix.ts:94:22)\n    ... 3 lines matching cause stack trace ...\n    at u8.fetchCopilotTokenEnvelope (/home/khel/dotfiles/local/.local/share/nvim/lazy/copilot.lua/copilot/lib/src/auth/copilotTokenManager.ts:88:29) {\n  [cause]: AbortError: The operation was aborted.\n      at fetch (/home/khel/dotfiles/local/.local/share/nvim/lazy/copilot.lua/copilot/node_modules/@adobe/helix-fetch/src/fetch/index.js:96:13)\n      at processTicksAndRejections (node:internal/process/task_queues:105:5)\n      at cachingFetch (/home/khel/dotfiles/local/.local/share/nvim/lazy/copilot.lua/copilot/node_modules/@adobe/helix-fetch/src/fetch/index.js:288:16)\n      at jT.fetch (/home/khel/dotfiles/local/.local/share/nvim/lazy/copilot.lua/copilot/lib/src/network/helix.ts:94:22)\n      at apiFetch (/home/khel/dotfiles/local/.local/share/nvim/lazy/copilot.lua/copilot/lib/src/network/github.ts:22:12)\n      at fetchCopilotToken (/home/khel/dotfiles/local/.local/share/nvim/lazy/copilot.lua/copilot/lib/src/auth/copilotToken.ts:227:16)\n      at authFromGitHubToken (/home/khel/dotfiles/local/.local/share/nvim/lazy/copilot.lua/copilot/lib/src/auth/copilotToken.ts:150:22)\n      at u8.fetchCopilotTokenEnvelope (/home/khel/dotfiles/local/.local/share/nvim/lazy/copilot.lua/copilot/lib/src/auth/copilotTokenManager.ts:88:29) {\n    type: 'aborted',\n    _name: 'AbortError'\n  }\n}"
[ERROR][2025-06-03 17:52:50] ...lsp/handlers.lua:562	"[lsp] Request getCompletions: HttpTimeoutError: Request to <https://api.github.com/copilot_internal/v2/token> timed out after 120000ms\n    at /home/khel/dotfiles/local/.local/share/nvim/lazy/copilot.lua/copilot/lib/src/network/helix.ts:96:19\n    at processTicksAndRejections (node:internal/process/task_queues:105:5)\n    at jT.fetch (/home/khel/dotfiles/local/.local/share/nvim/lazy/copilot.lua/copilot/lib/src/network/helix.ts:94:22)\n    ... 3 lines matching cause stack trace ...\n    at u8.fetchCopilotTokenEnvelope (/home/khel/dotfiles/local/.local/share/nvim/lazy/copilot.lua/copilot/lib/src/auth/copilotTokenManager.ts:88:29) {\n  [cause]: AbortError: The operation was aborted.\n      at fetch (/home/khel/dotfiles/local/.local/share/nvim/lazy/copilot.lua/copilot/node_modules/@adobe/helix-fetch/src/fetch/index.js:96:13)\n      at processTicksAndRejections (node:internal/process/task_queues:105:5)\n      at cachingFetch (/home/khel/dotfiles/local/.local/share/nvim/lazy/copilot.lua/copilot/node_modules/@adobe/helix-fetch/src/fetch/index.js:288:16)\n      at jT.fetch (/home/khel/dotfiles/local/.local/share/nvim/lazy/copilot.lua/copilot/lib/src/network/helix.ts:94:22)\n      at apiFetch (/home/khel/dotfiles/local/.local/share/nvim/lazy/copilot.lua/copilot/lib/src/network/github.ts:22:12)\n      at fetchCopilotToken (/home/khel/dotfiles/local/.local/share/nvim/lazy/copilot.lua/copilot/lib/src/auth/copilotToken.ts:227:16)\n      at authFromGitHubToken (/home/khel/dotfiles/local/.local/share/nvim/lazy/copilot.lua/copilot/lib/src/auth/copilotToken.ts:150:22)\n      at u8.fetchCopilotTokenEnvelope (/home/khel/dotfiles/local/.local/share/nvim/lazy/copilot.lua/copilot/lib/src/auth/copilotTokenManager.ts:88:29) {\n    type: 'aborted',\n    _name: 'AbortError'\n  }\n}"
[ERROR][2025-06-03 17:52:50] ...lsp/handlers.lua:562	"[lsp] Request getCompletions: HttpTimeoutError: Request to <https://api.github.com/copilot_internal/v2/token> timed out after 120000ms\n    at /home/khel/dotfiles/local/.local/share/nvim/lazy/copilot.lua/copilot/lib/src/network/helix.ts:96:19\n    at processTicksAndRejections (node:internal/process/task_queues:105:5)\n    at jT.fetch (/home/khel/dotfiles/local/.local/share/nvim/lazy/copilot.lua/copilot/lib/src/network/helix.ts:94:22)\n    ... 3 lines matching cause stack trace ...\n    at u8.fetchCopilotTokenEnvelope (/home/khel/dotfiles/local/.local/share/nvim/lazy/copilot.lua/copilot/lib/src/auth/copilotTokenManager.ts:88:29) {\n  [cause]: AbortError: The operation was aborted.\n      at fetch (/home/khel/dotfiles/local/.local/share/nvim/lazy/copilot.lua/copilot/node_modules/@adobe/helix-fetch/src/fetch/index.js:96:13)\n      at processTicksAndRejections (node:internal/process/task_queues:105:5)\n      at cachingFetch (/home/khel/dotfiles/local/.local/share/nvim/lazy/copilot.lua/copilot/node_modules/@adobe/helix-fetch/src/fetch/index.js:288:16)\n      at jT.fetch (/home/khel/dotfiles/local/.local/share/nvim/lazy/copilot.lua/copilot/lib/src/network/helix.ts:94:22)\n      at apiFetch (/home/khel/dotfiles/local/.local/share/nvim/lazy/copilot.lua/copilot/lib/src/network/github.ts:22:12)\n      at fetchCopilotToken (/home/khel/dotfiles/local/.local/share/nvim/lazy/copilot.lua/copilot/lib/src/auth/copilotToken.ts:227:16)\n      at authFromGitHubToken (/home/khel/dotfiles/local/.local/share/nvim/lazy/copilot.lua/copilot/lib/src/auth/copilotToken.ts:150:22)\n      at u8.fetchCopilotTokenEnvelope (/home/khel/dotfiles/local/.local/share/nvim/lazy/copilot.lua/copilot/lib/src/auth/copilotTokenManager.ts:88:29) {\n    type: 'aborted',\n    _name: 'AbortError'\n  }\n}"
[ERROR][2025-06-03 17:52:50] ...lsp/handlers.lua:562	"[lsp] Request getCompletions: HttpTimeoutError: Request to <https://api.github.com/copilot_internal/v2/token> timed out after 120000ms\n    at /home/khel/dotfiles/local/.local/share/nvim/lazy/copilot.lua/copilot/lib/src/network/helix.ts:96:19\n    at processTicksAndRejections (node:internal/process/task_queues:105:5)\n    at jT.fetch (/home/khel/dotfiles/local/.local/share/nvim/lazy/copilot.lua/copilot/lib/src/network/helix.ts:94:22)\n    ... 3 lines matching cause stack trace ...\n    at u8.fetchCopilotTokenEnvelope (/home/khel/dotfiles/local/.local/share/nvim/lazy/copilot.lua/copilot/lib/src/auth/copilotTokenManager.ts:88:29) {\n  [cause]: AbortError: The operation was aborted.\n      at fetch (/home/khel/dotfiles/local/.local/share/nvim/lazy/copilot.lua/copilot/node_modules/@adobe/helix-fetch/src/fetch/index.js:96:13)\n      at processTicksAndRejections (node:internal/process/task_queues:105:5)\n      at cachingFetch (/home/khel/dotfiles/local/.local/share/nvim/lazy/copilot.lua/copilot/node_modules/@adobe/helix-fetch/src/fetch/index.js:288:16)\n      at jT.fetch (/home/khel/dotfiles/local/.local/share/nvim/lazy/copilot.lua/copilot/lib/src/network/helix.ts:94:22)\n      at apiFetch (/home/khel/dotfiles/local/.local/share/nvim/lazy/copilot.lua/copilot/lib/src/network/github.ts:22:12)\n      at fetchCopilotToken (/home/khel/dotfiles/local/.local/share/nvim/lazy/copilot.lua/copilot/lib/src/auth/copilotToken.ts:227:16)\n      at authFromGitHubToken (/home/khel/dotfiles/local/.local/share/nvim/lazy/copilot.lua/copilot/lib/src/auth/copilotToken.ts:150:22)\n      at u8.fetchCopilotTokenEnvelope (/home/khel/dotfiles/local/.local/share/nvim/lazy/copilot.lua/copilot/lib/src/auth/copilotTokenManager.ts:88:29) {\n    type: 'aborted',\n    _name: 'AbortError'\n  }\n}"
[ERROR][2025-06-03 17:52:50] ...lsp/handlers.lua:562	"[lsp] Request getCompletions: HttpTimeoutError: Request to <https://api.github.com/copilot_internal/v2/token> timed out after 120000ms\n    at /home/khel/dotfiles/local/.local/share/nvim/lazy/copilot.lua/copilot/lib/src/network/helix.ts:96:19\n    at processTicksAndRejections (node:internal/process/task_queues:105:5)\n    at jT.fetch (/home/khel/dotfiles/local/.local/share/nvim/lazy/copilot.lua/copilot/lib/src/network/helix.ts:94:22)\n    ... 3 lines matching cause stack trace ...\n    at u8.fetchCopilotTokenEnvelope (/home/khel/dotfiles/local/.local/share/nvim/lazy/copilot.lua/copilot/lib/src/auth/copilotTokenManager.ts:88:29) {\n  [cause]: AbortError: The operation was aborted.\n      at fetch (/home/khel/dotfiles/local/.local/share/nvim/lazy/copilot.lua/copilot/node_modules/@adobe/helix-fetch/src/fetch/index.js:96:13)\n      at processTicksAndRejections (node:internal/process/task_queues:105:5)\n      at cachingFetch (/home/khel/dotfiles/local/.local/share/nvim/lazy/copilot.lua/copilot/node_modules/@adobe/helix-fetch/src/fetch/index.js:288:16)\n      at jT.fetch (/home/khel/dotfiles/local/.local/share/nvim/lazy/copilot.lua/copilot/lib/src/network/helix.ts:94:22)\n      at apiFetch (/home/khel/dotfiles/local/.local/share/nvim/lazy/copilot.lua/copilot/lib/src/network/github.ts:22:12)\n      at fetchCopilotToken (/home/khel/dotfiles/local/.local/share/nvim/lazy/copilot.lua/copilot/lib/src/auth/copilotToken.ts:227:16)\n      at authFromGitHubToken (/home/khel/dotfiles/local/.local/share/nvim/lazy/copilot.lua/copilot/lib/src/auth/copilotToken.ts:150:22)\n      at u8.fetchCopilotTokenEnvelope (/home/khel/dotfiles/local/.local/share/nvim/lazy/copilot.lua/copilot/lib/src/auth/copilotTokenManager.ts:88:29) {\n    type: 'aborted',\n    _name: 'AbortError'\n  }\n}"
[ERROR][2025-06-03 17:52:50] ...lsp/handlers.lua:562	"[lsp] Request getCompletions: HttpTimeoutError: Request to <https://api.github.com/copilot_internal/v2/token> timed out after 120000ms\n    at /home/khel/dotfiles/local/.local/share/nvim/lazy/copilot.lua/copilot/lib/src/network/helix.ts:96:19\n    at processTicksAndRejections (node:internal/process/task_queues:105:5)\n    at jT.fetch (/home/khel/dotfiles/local/.local/share/nvim/lazy/copilot.lua/copilot/lib/src/network/helix.ts:94:22)\n    ... 3 lines matching cause stack trace ...\n    at u8.fetchCopilotTokenEnvelope (/home/khel/dotfiles/local/.local/share/nvim/lazy/copilot.lua/copilot/lib/src/auth/copilotTokenManager.ts:88:29) {\n  [cause]: AbortError: The operation was aborted.\n      at fetch (/home/khel/dotfiles/local/.local/share/nvim/lazy/copilot.lua/copilot/node_modules/@adobe/helix-fetch/src/fetch/index.js:96:13)\n      at processTicksAndRejections (node:internal/process/task_queues:105:5)\n      at cachingFetch (/home/khel/dotfiles/local/.local/share/nvim/lazy/copilot.lua/copilot/node_modules/@adobe/helix-fetch/src/fetch/index.js:288:16)\n      at jT.fetch (/home/khel/dotfiles/local/.local/share/nvim/lazy/copilot.lua/copilot/lib/src/network/helix.ts:94:22)\n      at apiFetch (/home/khel/dotfiles/local/.local/share/nvim/lazy/copilot.lua/copilot/lib/src/network/github.ts:22:12)\n      at fetchCopilotToken (/home/khel/dotfiles/local/.local/share/nvim/lazy/copilot.lua/copilot/lib/src/auth/copilotToken.ts:227:16)\n      at authFromGitHubToken (/home/khel/dotfiles/local/.local/share/nvim/lazy/copilot.lua/copilot/lib/src/auth/copilotToken.ts:150:22)\n      at u8.fetchCopilotTokenEnvelope (/home/khel/dotfiles/local/.local/share/nvim/lazy/copilot.lua/copilot/lib/src/auth/copilotTokenManager.ts:88:29) {\n    type: 'aborted',\n    _name: 'AbortError'\n  }\n}"
[ERROR][2025-06-03 17:52:50] ...lsp/handlers.lua:562	"[lsp] Request getCompletions: HttpTimeoutError: Request to <https://api.github.com/copilot_internal/v2/token> timed out after 120000ms\n    at /home/khel/dotfiles/local/.local/share/nvim/lazy/copilot.lua/copilot/lib/src/network/helix.ts:96:19\n    at processTicksAndRejections (node:internal/process/task_queues:105:5)\n    at jT.fetch (/home/khel/dotfiles/local/.local/share/nvim/lazy/copilot.lua/copilot/lib/src/network/helix.ts:94:22)\n    ... 3 lines matching cause stack trace ...\n    at u8.fetchCopilotTokenEnvelope (/home/khel/dotfiles/local/.local/share/nvim/lazy/copilot.lua/copilot/lib/src/auth/copilotTokenManager.ts:88:29) {\n  [cause]: AbortError: The operation was aborted.\n      at fetch (/home/khel/dotfiles/local/.local/share/nvim/lazy/copilot.lua/copilot/node_modules/@adobe/helix-fetch/src/fetch/index.js:96:13)\n      at processTicksAndRejections (node:internal/process/task_queues:105:5)\n      at cachingFetch (/home/khel/dotfiles/local/.local/share/nvim/lazy/copilot.lua/copilot/node_modules/@adobe/helix-fetch/src/fetch/index.js:288:16)\n      at jT.fetch (/home/khel/dotfiles/local/.local/share/nvim/lazy/copilot.lua/copilot/lib/src/network/helix.ts:94:22)\n      at apiFetch (/home/khel/dotfiles/local/.local/share/nvim/lazy/copilot.lua/copilot/lib/src/network/github.ts:22:12)\n      at fetchCopilotToken (/home/khel/dotfiles/local/.local/share/nvim/lazy/copilot.lua/copilot/lib/src/auth/copilotToken.ts:227:16)\n      at authFromGitHubToken (/home/khel/dotfiles/local/.local/share/nvim/lazy/copilot.lua/copilot/lib/src/auth/copilotToken.ts:150:22)\n      at u8.fetchCopilotTokenEnvelope (/home/khel/dotfiles/local/.local/share/nvim/lazy/copilot.lua/copilot/lib/src/auth/copilotTokenManager.ts:88:29) {\n    type: 'aborted',\n    _name: 'AbortError'\n  }\n}"
[ERROR][2025-06-03 17:52:50] ...lsp/handlers.lua:562	"[lsp] Request getCompletions: HttpTimeoutError: Request to <https://api.github.com/copilot_internal/v2/token> timed out after 120000ms\n    at /home/khel/dotfiles/local/.local/share/nvim/lazy/copilot.lua/copilot/lib/src/network/helix.ts:96:19\n    at processTicksAndRejections (node:internal/process/task_queues:105:5)\n    at jT.fetch (/home/khel/dotfiles/local/.local/share/nvim/lazy/copilot.lua/copilot/lib/src/network/helix.ts:94:22)\n    ... 3 lines matching cause stack trace ...\n    at u8.fetchCopilotTokenEnvelope (/home/khel/dotfiles/local/.local/share/nvim/lazy/copilot.lua/copilot/lib/src/auth/copilotTokenManager.ts:88:29) {\n  [cause]: AbortError: The operation was aborted.\n      at fetch (/home/khel/dotfiles/local/.local/share/nvim/lazy/copilot.lua/copilot/node_modules/@adobe/helix-fetch/src/fetch/index.js:96:13)\n      at processTicksAndRejections (node:internal/process/task_queues:105:5)\n      at cachingFetch (/home/khel/dotfiles/local/.local/share/nvim/lazy/copilot.lua/copilot/node_modules/@adobe/helix-fetch/src/fetch/index.js:288:16)\n      at jT.fetch (/home/khel/dotfiles/local/.local/share/nvim/lazy/copilot.lua/copilot/lib/src/network/helix.ts:94:22)\n      at apiFetch (/home/khel/dotfiles/local/.local/share/nvim/lazy/copilot.lua/copilot/lib/src/network/github.ts:22:12)\n      at fetchCopilotToken (/home/khel/dotfiles/local/.local/share/nvim/lazy/copilot.lua/copilot/lib/src/auth/copilotToken.ts:227:16)\n      at authFromGitHubToken (/home/khel/dotfiles/local/.local/share/nvim/lazy/copilot.lua/copilot/lib/src/auth/copilotToken.ts:150:22)\n      at u8.fetchCopilotTokenEnvelope (/home/khel/dotfiles/local/.local/share/nvim/lazy/copilot.lua/copilot/lib/src/auth/copilotTokenManager.ts:88:29) {\n    type: 'aborted',\n    _name: 'AbortError'\n  }\n}"
[ERROR][2025-06-03 17:52:50] ...lsp/handlers.lua:562	"[lsp] Request getCompletions: HttpTimeoutError: Request to <https://api.github.com/copilot_internal/v2/token> timed out after 120000ms\n    at /home/khel/dotfiles/local/.local/share/nvim/lazy/copilot.lua/copilot/lib/src/network/helix.ts:96:19\n    at processTicksAndRejections (node:internal/process/task_queues:105:5)\n    at jT.fetch (/home/khel/dotfiles/local/.local/share/nvim/lazy/copilot.lua/copilot/lib/src/network/helix.ts:94:22)\n    ... 3 lines matching cause stack trace ...\n    at u8.fetchCopilotTokenEnvelope (/home/khel/dotfiles/local/.local/share/nvim/lazy/copilot.lua/copilot/lib/src/auth/copilotTokenManager.ts:88:29) {\n  [cause]: AbortError: The operation was aborted.\n      at fetch (/home/khel/dotfiles/local/.local/share/nvim/lazy/copilot.lua/copilot/node_modules/@adobe/helix-fetch/src/fetch/index.js:96:13)\n      at processTicksAndRejections (node:internal/process/task_queues:105:5)\n      at cachingFetch (/home/khel/dotfiles/local/.local/share/nvim/lazy/copilot.lua/copilot/node_modules/@adobe/helix-fetch/src/fetch/index.js:288:16)\n      at jT.fetch (/home/khel/dotfiles/local/.local/share/nvim/lazy/copilot.lua/copilot/lib/src/network/helix.ts:94:22)\n      at apiFetch (/home/khel/dotfiles/local/.local/share/nvim/lazy/copilot.lua/copilot/lib/src/network/github.ts:22:12)\n      at fetchCopilotToken (/home/khel/dotfiles/local/.local/share/nvim/lazy/copilot.lua/copilot/lib/src/auth/copilotToken.ts:227:16)\n      at authFromGitHubToken (/home/khel/dotfiles/local/.local/share/nvim/lazy/copilot.lua/copilot/lib/src/auth/copilotToken.ts:150:22)\n      at u8.fetchCopilotTokenEnvelope (/home/khel/dotfiles/local/.local/share/nvim/lazy/copilot.lua/copilot/lib/src/auth/copilotTokenManager.ts:88:29) {\n    type: 'aborted',\n    _name: 'AbortError'\n  }\n}"
[ERROR][2025-06-03 17:52:50] ...lsp/handlers.lua:562	"[lsp] Request getCompletions: HttpTimeoutError: Request to <https://api.github.com/copilot_internal/v2/token> timed out after 120000ms\n    at /home/khel/dotfiles/local/.local/share/nvim/lazy/copilot.lua/copilot/lib/src/network/helix.ts:96:19\n    at processTicksAndRejections (node:internal/process/task_queues:105:5)\n    at jT.fetch (/home/khel/dotfiles/local/.local/share/nvim/lazy/copilot.lua/copilot/lib/src/network/helix.ts:94:22)\n    ... 3 lines matching cause stack trace ...\n    at u8.fetchCopilotTokenEnvelope (/home/khel/dotfiles/local/.local/share/nvim/lazy/copilot.lua/copilot/lib/src/auth/copilotTokenManager.ts:88:29) {\n  [cause]: AbortError: The operation was aborted.\n      at fetch (/home/khel/dotfiles/local/.local/share/nvim/lazy/copilot.lua/copilot/node_modules/@adobe/helix-fetch/src/fetch/index.js:96:13)\n      at processTicksAndRejections (node:internal/process/task_queues:105:5)\n      at cachingFetch (/home/khel/dotfiles/local/.local/share/nvim/lazy/copilot.lua/copilot/node_modules/@adobe/helix-fetch/src/fetch/index.js:288:16)\n      at jT.fetch (/home/khel/dotfiles/local/.local/share/nvim/lazy/copilot.lua/copilot/lib/src/network/helix.ts:94:22)\n      at apiFetch (/home/khel/dotfiles/local/.local/share/nvim/lazy/copilot.lua/copilot/lib/src/network/github.ts:22:12)\n      at fetchCopilotToken (/home/khel/dotfiles/local/.local/share/nvim/lazy/copilot.lua/copilot/lib/src/auth/copilotToken.ts:227:16)\n      at authFromGitHubToken (/home/khel/dotfiles/local/.local/share/nvim/lazy/copilot.lua/copilot/lib/src/auth/copilotToken.ts:150:22)\n      at u8.fetchCopilotTokenEnvelope (/home/khel/dotfiles/local/.local/share/nvim/lazy/copilot.lua/copilot/lib/src/auth/copilotTokenManager.ts:88:29) {\n    type: 'aborted',\n    _name: 'AbortError'\n  }\n}"
[ERROR][2025-06-03 17:52:50] ...lsp/handlers.lua:562	"[lsp] Request getCompletions: HttpTimeoutError: Request to <https://api.github.com/copilot_internal/v2/token> timed out after 120000ms\n    at /home/khel/dotfiles/local/.local/share/nvim/lazy/copilot.lua/copilot/lib/src/network/helix.ts:96:19\n    at processTicksAndRejections (node:internal/process/task_queues:105:5)\n    at jT.fetch (/home/khel/dotfiles/local/.local/share/nvim/lazy/copilot.lua/copilot/lib/src/network/helix.ts:94:22)\n    ... 3 lines matching cause stack trace ...\n    at u8.fetchCopilotTokenEnvelope (/home/khel/dotfiles/local/.local/share/nvim/lazy/copilot.lua/copilot/lib/src/auth/copilotTokenManager.ts:88:29) {\n  [cause]: AbortError: The operation was aborted.\n      at fetch (/home/khel/dotfiles/local/.local/share/nvim/lazy/copilot.lua/copilot/node_modules/@adobe/helix-fetch/src/fetch/index.js:96:13)\n      at processTicksAndRejections (node:internal/process/task_queues:105:5)\n      at cachingFetch (/home/khel/dotfiles/local/.local/share/nvim/lazy/copilot.lua/copilot/node_modules/@adobe/helix-fetch/src/fetch/index.js:288:16)\n      at jT.fetch (/home/khel/dotfiles/local/.local/share/nvim/lazy/copilot.lua/copilot/lib/src/network/helix.ts:94:22)\n      at apiFetch (/home/khel/dotfiles/local/.local/share/nvim/lazy/copilot.lua/copilot/lib/src/network/github.ts:22:12)\n      at fetchCopilotToken (/home/khel/dotfiles/local/.local/share/nvim/lazy/copilot.lua/copilot/lib/src/auth/copilotToken.ts:227:16)\n      at authFromGitHubToken (/home/khel/dotfiles/local/.local/share/nvim/lazy/copilot.lua/copilot/lib/src/auth/copilotToken.ts:150:22)\n      at u8.fetchCopilotTokenEnvelope (/home/khel/dotfiles/local/.local/share/nvim/lazy/copilot.lua/copilot/lib/src/auth/copilotTokenManager.ts:88:29) {\n    type: 'aborted',\n    _name: 'AbortError'\n  }\n}"
[ERROR][2025-06-03 17:52:50] ...lsp/handlers.lua:562	"[lsp] Request getCompletions: HttpTimeoutError: Request to <https://api.github.com/copilot_internal/v2/token> timed out after 120000ms\n    at /home/khel/dotfiles/local/.local/share/nvim/lazy/copilot.lua/copilot/lib/src/network/helix.ts:96:19\n    at processTicksAndRejections (node:internal/process/task_queues:105:5)\n    at jT.fetch (/home/khel/dotfiles/local/.local/share/nvim/lazy/copilot.lua/copilot/lib/src/network/helix.ts:94:22)\n    ... 3 lines matching cause stack trace ...\n    at u8.fetchCopilotTokenEnvelope (/home/khel/dotfiles/local/.local/share/nvim/lazy/copilot.lua/copilot/lib/src/auth/copilotTokenManager.ts:88:29) {\n  [cause]: AbortError: The operation was aborted.\n      at fetch (/home/khel/dotfiles/local/.local/share/nvim/lazy/copilot.lua/copilot/node_modules/@adobe/helix-fetch/src/fetch/index.js:96:13)\n      at processTicksAndRejections (node:internal/process/task_queues:105:5)\n      at cachingFetch (/home/khel/dotfiles/local/.local/share/nvim/lazy/copilot.lua/copilot/node_modules/@adobe/helix-fetch/src/fetch/index.js:288:16)\n      at jT.fetch (/home/khel/dotfiles/local/.local/share/nvim/lazy/copilot.lua/copilot/lib/src/network/helix.ts:94:22)\n      at apiFetch (/home/khel/dotfiles/local/.local/share/nvim/lazy/copilot.lua/copilot/lib/src/network/github.ts:22:12)\n      at fetchCopilotToken (/home/khel/dotfiles/local/.local/share/nvim/lazy/copilot.lua/copilot/lib/src/auth/copilotToken.ts:227:16)\n      at authFromGitHubToken (/home/khel/dotfiles/local/.local/share/nvim/lazy/copilot.lua/copilot/lib/src/auth/copilotToken.ts:150:22)\n      at u8.fetchCopilotTokenEnvelope (/home/khel/dotfiles/local/.local/share/nvim/lazy/copilot.lua/copilot/lib/src/auth/copilotTokenManager.ts:88:29) {\n    type: 'aborted',\n    _name: 'AbortError'\n  }\n}"
[ERROR][2025-06-03 17:52:50] ...lsp/handlers.lua:562	"[lsp] Request getCompletions: HttpTimeoutError: Request to <https://api.github.com/copilot_internal/v2/token> timed out after 120000ms\n    at /home/khel/dotfiles/local/.local/share/nvim/lazy/copilot.lua/copilot/lib/src/network/helix.ts:96:19\n    at processTicksAndRejections (node:internal/process/task_queues:105:5)\n    at jT.fetch (/home/khel/dotfiles/local/.local/share/nvim/lazy/copilot.lua/copilot/lib/src/network/helix.ts:94:22)\n    ... 3 lines matching cause stack trace ...\n    at u8.fetchCopilotTokenEnvelope (/home/khel/dotfiles/local/.local/share/nvim/lazy/copilot.lua/copilot/lib/src/auth/copilotTokenManager.ts:88:29) {\n  [cause]: AbortError: The operation was aborted.\n      at fetch (/home/khel/dotfiles/local/.local/share/nvim/lazy/copilot.lua/copilot/node_modules/@adobe/helix-fetch/src/fetch/index.js:96:13)\n      at processTicksAndRejections (node:internal/process/task_queues:105:5)\n      at cachingFetch (/home/khel/dotfiles/local/.local/share/nvim/lazy/copilot.lua/copilot/node_modules/@adobe/helix-fetch/src/fetch/index.js:288:16)\n      at jT.fetch (/home/khel/dotfiles/local/.local/share/nvim/lazy/copilot.lua/copilot/lib/src/network/helix.ts:94:22)\n      at apiFetch (/home/khel/dotfiles/local/.local/share/nvim/lazy/copilot.lua/copilot/lib/src/network/github.ts:22:12)\n      at fetchCopilotToken (/home/khel/dotfiles/local/.local/share/nvim/lazy/copilot.lua/copilot/lib/src/auth/copilotToken.ts:227:16)\n      at authFromGitHubToken (/home/khel/dotfiles/local/.local/share/nvim/lazy/copilot.lua/copilot/lib/src/auth/copilotToken.ts:150:22)\n      at u8.fetchCopilotTokenEnvelope (/home/khel/dotfiles/local/.local/share/nvim/lazy/copilot.lua/copilot/lib/src/auth/copilotTokenManager.ts:88:29) {\n    type: 'aborted',\n    _name: 'AbortError'\n  }\n}"
[ERROR][2025-06-03 17:52:50] ...lsp/handlers.lua:562	"[lsp] Request getCompletions: HttpTimeoutError: Request to <https://api.github.com/copilot_internal/v2/token> timed out after 120000ms\n    at /home/khel/dotfiles/local/.local/share/nvim/lazy/copilot.lua/copilot/lib/src/network/helix.ts:96:19\n    at processTicksAndRejections (node:internal/process/task_queues:105:5)\n    at jT.fetch (/home/khel/dotfiles/local/.local/share/nvim/lazy/copilot.lua/copilot/lib/src/network/helix.ts:94:22)\n    ... 3 lines matching cause stack trace ...\n    at u8.fetchCopilotTokenEnvelope (/home/khel/dotfiles/local/.local/share/nvim/lazy/copilot.lua/copilot/lib/src/auth/copilotTokenManager.ts:88:29) {\n  [cause]: AbortError: The operation was aborted.\n      at fetch (/home/khel/dotfiles/local/.local/share/nvim/lazy/copilot.lua/copilot/node_modules/@adobe/helix-fetch/src/fetch/index.js:96:13)\n      at processTicksAndRejections (node:internal/process/task_queues:105:5)\n      at cachingFetch (/home/khel/dotfiles/local/.local/share/nvim/lazy/copilot.lua/copilot/node_modules/@adobe/helix-fetch/src/fetch/index.js:288:16)\n      at jT.fetch (/home/khel/dotfiles/local/.local/share/nvim/lazy/copilot.lua/copilot/lib/src/network/helix.ts:94:22)\n      at apiFetch (/home/khel/dotfiles/local/.local/share/nvim/lazy/copilot.lua/copilot/lib/src/network/github.ts:22:12)\n      at fetchCopilotToken (/home/khel/dotfiles/local/.local/share/nvim/lazy/copilot.lua/copilot/lib/src/auth/copilotToken.ts:227:16)\n      at authFromGitHubToken (/home/khel/dotfiles/local/.local/share/nvim/lazy/copilot.lua/copilot/lib/src/auth/copilotToken.ts:150:22)\n      at u8.fetchCopilotTokenEnvelope (/home/khel/dotfiles/local/.local/share/nvim/lazy/copilot.lua/copilot/lib/src/auth/copilotTokenManager.ts:88:29) {\n    type: 'aborted',\n    _name: 'AbortError'\n  }\n}"
[ERROR][2025-06-03 17:52:50] ...lsp/handlers.lua:562	"[lsp] Request getCompletions: HttpTimeoutError: Request to <https://api.github.com/copilot_internal/v2/token> timed out after 120000ms\n    at /home/khel/dotfiles/local/.local/share/nvim/lazy/copilot.lua/copilot/lib/src/network/helix.ts:96:19\n    at processTicksAndRejections (node:internal/process/task_queues:105:5)\n    at jT.fetch (/home/khel/dotfiles/local/.local/share/nvim/lazy/copilot.lua/copilot/lib/src/network/helix.ts:94:22)\n    ... 3 lines matching cause stack trace ...\n    at u8.fetchCopilotTokenEnvelope (/home/khel/dotfiles/local/.local/share/nvim/lazy/copilot.lua/copilot/lib/src/auth/copilotTokenManager.ts:88:29) {\n  [cause]: AbortError: The operation was aborted.\n      at fetch (/home/khel/dotfiles/local/.local/share/nvim/lazy/copilot.lua/copilot/node_modules/@adobe/helix-fetch/src/fetch/index.js:96:13)\n      at processTicksAndRejections (node:internal/process/task_queues:105:5)\n      at cachingFetch (/home/khel/dotfiles/local/.local/share/nvim/lazy/copilot.lua/copilot/node_modules/@adobe/helix-fetch/src/fetch/index.js:288:16)\n      at jT.fetch (/home/khel/dotfiles/local/.local/share/nvim/lazy/copilot.lua/copilot/lib/src/network/helix.ts:94:22)\n      at apiFetch (/home/khel/dotfiles/local/.local/share/nvim/lazy/copilot.lua/copilot/lib/src/network/github.ts:22:12)\n      at fetchCopilotToken (/home/khel/dotfiles/local/.local/share/nvim/lazy/copilot.lua/copilot/lib/src/auth/copilotToken.ts:227:16)\n      at authFromGitHubToken (/home/khel/dotfiles/local/.local/share/nvim/lazy/copilot.lua/copilot/lib/src/auth/copilotToken.ts:150:22)\n      at u8.fetchCopilotTokenEnvelope (/home/khel/dotfiles/local/.local/share/nvim/lazy/copilot.lua/copilot/lib/src/auth/copilotTokenManager.ts:88:29) {\n    type: 'aborted',\n    _name: 'AbortError'\n  }\n}"
[ERROR][2025-06-03 17:52:50] ...lsp/handlers.lua:562	"[lsp] Request getCompletions: HttpTimeoutError: Request to <https://api.github.com/copilot_internal/v2/token> timed out after 120000ms\n    at /home/khel/dotfiles/local/.local/share/nvim/lazy/copilot.lua/copilot/lib/src/network/helix.ts:96:19\n    at processTicksAndRejections (node:internal/process/task_queues:105:5)\n    at jT.fetch (/home/khel/dotfiles/local/.local/share/nvim/lazy/copilot.lua/copilot/lib/src/network/helix.ts:94:22)\n    ... 3 lines matching cause stack trace ...\n    at u8.fetchCopilotTokenEnvelope (/home/khel/dotfiles/local/.local/share/nvim/lazy/copilot.lua/copilot/lib/src/auth/copilotTokenManager.ts:88:29) {\n  [cause]: AbortError: The operation was aborted.\n      at fetch (/home/khel/dotfiles/local/.local/share/nvim/lazy/copilot.lua/copilot/node_modules/@adobe/helix-fetch/src/fetch/index.js:96:13)\n      at processTicksAndRejections (node:internal/process/task_queues:105:5)\n      at cachingFetch (/home/khel/dotfiles/local/.local/share/nvim/lazy/copilot.lua/copilot/node_modules/@adobe/helix-fetch/src/fetch/index.js:288:16)\n      at jT.fetch (/home/khel/dotfiles/local/.local/share/nvim/lazy/copilot.lua/copilot/lib/src/network/helix.ts:94:22)\n      at apiFetch (/home/khel/dotfiles/local/.local/share/nvim/lazy/copilot.lua/copilot/lib/src/network/github.ts:22:12)\n      at fetchCopilotToken (/home/khel/dotfiles/local/.local/share/nvim/lazy/copilot.lua/copilot/lib/src/auth/copilotToken.ts:227:16)\n      at authFromGitHubToken (/home/khel/dotfiles/local/.local/share/nvim/lazy/copilot.lua/copilot/lib/src/auth/copilotToken.ts:150:22)\n      at u8.fetchCopilotTokenEnvelope (/home/khel/dotfiles/local/.local/share/nvim/lazy/copilot.lua/copilot/lib/src/auth/copilotTokenManager.ts:88:29) {\n    type: 'aborted',\n    _name: 'AbortError'\n  }\n}"
[ERROR][2025-06-03 17:52:50] ...lsp/handlers.lua:562	"[lsp] Request getCompletions: HttpTimeoutError: Request to <https://api.github.com/copilot_internal/v2/token> timed out after 120000ms\n    at /home/khel/dotfiles/local/.local/share/nvim/lazy/copilot.lua/copilot/lib/src/network/helix.ts:96:19\n    at processTicksAndRejections (node:internal/process/task_queues:105:5)\n    at jT.fetch (/home/khel/dotfiles/local/.local/share/nvim/lazy/copilot.lua/copilot/lib/src/network/helix.ts:94:22)\n    ... 3 lines matching cause stack trace ...\n    at u8.fetchCopilotTokenEnvelope (/home/khel/dotfiles/local/.local/share/nvim/lazy/copilot.lua/copilot/lib/src/auth/copilotTokenManager.ts:88:29) {\n  [cause]: AbortError: The operation was aborted.\n      at fetch (/home/khel/dotfiles/local/.local/share/nvim/lazy/copilot.lua/copilot/node_modules/@adobe/helix-fetch/src/fetch/index.js:96:13)\n      at processTicksAndRejections (node:internal/process/task_queues:105:5)\n      at cachingFetch (/home/khel/dotfiles/local/.local/share/nvim/lazy/copilot.lua/copilot/node_modules/@adobe/helix-fetch/src/fetch/index.js:288:16)\n      at jT.fetch (/home/khel/dotfiles/local/.local/share/nvim/lazy/copilot.lua/copilot/lib/src/network/helix.ts:94:22)\n      at apiFetch (/home/khel/dotfiles/local/.local/share/nvim/lazy/copilot.lua/copilot/lib/src/network/github.ts:22:12)\n      at fetchCopilotToken (/home/khel/dotfiles/local/.local/share/nvim/lazy/copilot.lua/copilot/lib/src/auth/copilotToken.ts:227:16)\n      at authFromGitHubToken (/home/khel/dotfiles/local/.local/share/nvim/lazy/copilot.lua/copilot/lib/src/auth/copilotToken.ts:150:22)\n      at u8.fetchCopilotTokenEnvelope (/home/khel/dotfiles/local/.local/share/nvim/lazy/copilot.lua/copilot/lib/src/auth/copilotTokenManager.ts:88:29) {\n    type: 'aborted',\n    _name: 'AbortError'\n  }\n}"
[ERROR][2025-06-03 17:52:50] ...lsp/handlers.lua:562	"[lsp] Request getCompletions: HttpTimeoutError: Request to <https://api.github.com/copilot_internal/v2/token> timed out after 120000ms\n    at /home/khel/dotfiles/local/.local/share/nvim/lazy/copilot.lua/copilot/lib/src/network/helix.ts:96:19\n    at processTicksAndRejections (node:internal/process/task_queues:105:5)\n    at jT.fetch (/home/khel/dotfiles/local/.local/share/nvim/lazy/copilot.lua/copilot/lib/src/network/helix.ts:94:22)\n    ... 3 lines matching cause stack trace ...\n    at u8.fetchCopilotTokenEnvelope (/home/khel/dotfiles/local/.local/share/nvim/lazy/copilot.lua/copilot/lib/src/auth/copilotTokenManager.ts:88:29) {\n  [cause]: AbortError: The operation was aborted.\n      at fetch (/home/khel/dotfiles/local/.local/share/nvim/lazy/copilot.lua/copilot/node_modules/@adobe/helix-fetch/src/fetch/index.js:96:13)\n      at processTicksAndRejections (node:internal/process/task_queues:105:5)\n      at cachingFetch (/home/khel/dotfiles/local/.local/share/nvim/lazy/copilot.lua/copilot/node_modules/@adobe/helix-fetch/src/fetch/index.js:288:16)\n      at jT.fetch (/home/khel/dotfiles/local/.local/share/nvim/lazy/copilot.lua/copilot/lib/src/network/helix.ts:94:22)\n      at apiFetch (/home/khel/dotfiles/local/.local/share/nvim/lazy/copilot.lua/copilot/lib/src/network/github.ts:22:12)\n      at fetchCopilotToken (/home/khel/dotfiles/local/.local/share/nvim/lazy/copilot.lua/copilot/lib/src/auth/copilotToken.ts:227:16)\n      at authFromGitHubToken (/home/khel/dotfiles/local/.local/share/nvim/lazy/copilot.lua/copilot/lib/src/auth/copilotToken.ts:150:22)\n      at u8.fetchCopilotTokenEnvelope (/home/khel/dotfiles/local/.local/share/nvim/lazy/copilot.lua/copilot/lib/src/auth/copilotTokenManager.ts:88:29) {\n    type: 'aborted',\n    _name: 'AbortError'\n  }\n}"
[ERROR][2025-06-03 17:52:50] ...lsp/handlers.lua:562	"[lsp] Request getCompletions: HttpTimeoutError: Request to <https://api.github.com/copilot_internal/v2/token> timed out after 120000ms\n    at /home/khel/dotfiles/local/.local/share/nvim/lazy/copilot.lua/copilot/lib/src/network/helix.ts:96:19\n    at processTicksAndRejections (node:internal/process/task_queues:105:5)\n    at jT.fetch (/home/khel/dotfiles/local/.local/share/nvim/lazy/copilot.lua/copilot/lib/src/network/helix.ts:94:22)\n    ... 3 lines matching cause stack trace ...\n    at u8.fetchCopilotTokenEnvelope (/home/khel/dotfiles/local/.local/share/nvim/lazy/copilot.lua/copilot/lib/src/auth/copilotTokenManager.ts:88:29) {\n  [cause]: AbortError: The operation was aborted.\n      at fetch (/home/khel/dotfiles/local/.local/share/nvim/lazy/copilot.lua/copilot/node_modules/@adobe/helix-fetch/src/fetch/index.js:96:13)\n      at processTicksAndRejections (node:internal/process/task_queues:105:5)\n      at cachingFetch (/home/khel/dotfiles/local/.local/share/nvim/lazy/copilot.lua/copilot/node_modules/@adobe/helix-fetch/src/fetch/index.js:288:16)\n      at jT.fetch (/home/khel/dotfiles/local/.local/share/nvim/lazy/copilot.lua/copilot/lib/src/network/helix.ts:94:22)\n      at apiFetch (/home/khel/dotfiles/local/.local/share/nvim/lazy/copilot.lua/copilot/lib/src/network/github.ts:22:12)\n      at fetchCopilotToken (/home/khel/dotfiles/local/.local/share/nvim/lazy/copilot.lua/copilot/lib/src/auth/copilotToken.ts:227:16)\n      at authFromGitHubToken (/home/khel/dotfiles/local/.local/share/nvim/lazy/copilot.lua/copilot/lib/src/auth/copilotToken.ts:150:22)\n      at u8.fetchCopilotTokenEnvelope (/home/khel/dotfiles/local/.local/share/nvim/lazy/copilot.lua/copilot/lib/src/auth/copilotTokenManager.ts:88:29) {\n    type: 'aborted',\n    _name: 'AbortError'\n  }\n}"
[ERROR][2025-06-03 17:52:50] ...lsp/handlers.lua:562	"[lsp] Request getCompletions: HttpTimeoutError: Request to <https://api.github.com/copilot_internal/v2/token> timed out after 120000ms\n    at /home/khel/dotfiles/local/.local/share/nvim/lazy/copilot.lua/copilot/lib/src/network/helix.ts:96:19\n    at processTicksAndRejections (node:internal/process/task_queues:105:5)\n    at jT.fetch (/home/khel/dotfiles/local/.local/share/nvim/lazy/copilot.lua/copilot/lib/src/network/helix.ts:94:22)\n    ... 3 lines matching cause stack trace ...\n    at u8.fetchCopilotTokenEnvelope (/home/khel/dotfiles/local/.local/share/nvim/lazy/copilot.lua/copilot/lib/src/auth/copilotTokenManager.ts:88:29) {\n  [cause]: AbortError: The operation was aborted.\n      at fetch (/home/khel/dotfiles/local/.local/share/nvim/lazy/copilot.lua/copilot/node_modules/@adobe/helix-fetch/src/fetch/index.js:96:13)\n      at processTicksAndRejections (node:internal/process/task_queues:105:5)\n      at cachingFetch (/home/khel/dotfiles/local/.local/share/nvim/lazy/copilot.lua/copilot/node_modules/@adobe/helix-fetch/src/fetch/index.js:288:16)\n      at jT.fetch (/home/khel/dotfiles/local/.local/share/nvim/lazy/copilot.lua/copilot/lib/src/network/helix.ts:94:22)\n      at apiFetch (/home/khel/dotfiles/local/.local/share/nvim/lazy/copilot.lua/copilot/lib/src/network/github.ts:22:12)\n      at fetchCopilotToken (/home/khel/dotfiles/local/.local/share/nvim/lazy/copilot.lua/copilot/lib/src/auth/copilotToken.ts:227:16)\n      at authFromGitHubToken (/home/khel/dotfiles/local/.local/share/nvim/lazy/copilot.lua/copilot/lib/src/auth/copilotToken.ts:150:22)\n      at u8.fetchCopilotTokenEnvelope (/home/khel/dotfiles/local/.local/share/nvim/lazy/copilot.lua/copilot/lib/src/auth/copilotTokenManager.ts:88:29) {\n    type: 'aborted',\n    _name: 'AbortError'\n  }\n}"
[ERROR][2025-06-03 17:52:50] ...lsp/handlers.lua:562	"[lsp] Request getCompletions: HttpTimeoutError: Request to <https://api.github.com/copilot_internal/v2/token> timed out after 120000ms\n    at /home/khel/dotfiles/local/.local/share/nvim/lazy/copilot.lua/copilot/lib/src/network/helix.ts:96:19\n    at processTicksAndRejections (node:internal/process/task_queues:105:5)\n    at jT.fetch (/home/khel/dotfiles/local/.local/share/nvim/lazy/copilot.lua/copilot/lib/src/network/helix.ts:94:22)\n    ... 3 lines matching cause stack trace ...\n    at u8.fetchCopilotTokenEnvelope (/home/khel/dotfiles/local/.local/share/nvim/lazy/copilot.lua/copilot/lib/src/auth/copilotTokenManager.ts:88:29) {\n  [cause]: AbortError: The operation was aborted.\n      at fetch (/home/khel/dotfiles/local/.local/share/nvim/lazy/copilot.lua/copilot/node_modules/@adobe/helix-fetch/src/fetch/index.js:96:13)\n      at processTicksAndRejections (node:internal/process/task_queues:105:5)\n      at cachingFetch (/home/khel/dotfiles/local/.local/share/nvim/lazy/copilot.lua/copilot/node_modules/@adobe/helix-fetch/src/fetch/index.js:288:16)\n      at jT.fetch (/home/khel/dotfiles/local/.local/share/nvim/lazy/copilot.lua/copilot/lib/src/network/helix.ts:94:22)\n      at apiFetch (/home/khel/dotfiles/local/.local/share/nvim/lazy/copilot.lua/copilot/lib/src/network/github.ts:22:12)\n      at fetchCopilotToken (/home/khel/dotfiles/local/.local/share/nvim/lazy/copilot.lua/copilot/lib/src/auth/copilotToken.ts:227:16)\n      at authFromGitHubToken (/home/khel/dotfiles/local/.local/share/nvim/lazy/copilot.lua/copilot/lib/src/auth/copilotToken.ts:150:22)\n      at u8.fetchCopilotTokenEnvelope (/home/khel/dotfiles/local/.local/share/nvim/lazy/copilot.lua/copilot/lib/src/auth/copilotTokenManager.ts:88:29) {\n    type: 'aborted',\n    _name: 'AbortError'\n  }\n}"
[ERROR][2025-06-03 17:52:50] ...lsp/handlers.lua:562	"[lsp] Request getCompletions: HttpTimeoutError: Request to <https://api.github.com/copilot_internal/v2/token> timed out after 120000ms\n    at /home/khel/dotfiles/local/.local/share/nvim/lazy/copilot.lua/copilot/lib/src/network/helix.ts:96:19\n    at processTicksAndRejections (node:internal/process/task_queues:105:5)\n    at jT.fetch (/home/khel/dotfiles/local/.local/share/nvim/lazy/copilot.lua/copilot/lib/src/network/helix.ts:94:22)\n    ... 3 lines matching cause stack trace ...\n    at u8.fetchCopilotTokenEnvelope (/home/khel/dotfiles/local/.local/share/nvim/lazy/copilot.lua/copilot/lib/src/auth/copilotTokenManager.ts:88:29) {\n  [cause]: AbortError: The operation was aborted.\n      at fetch (/home/khel/dotfiles/local/.local/share/nvim/lazy/copilot.lua/copilot/node_modules/@adobe/helix-fetch/src/fetch/index.js:96:13)\n      at processTicksAndRejections (node:internal/process/task_queues:105:5)\n      at cachingFetch (/home/khel/dotfiles/local/.local/share/nvim/lazy/copilot.lua/copilot/node_modules/@adobe/helix-fetch/src/fetch/index.js:288:16)\n      at jT.fetch (/home/khel/dotfiles/local/.local/share/nvim/lazy/copilot.lua/copilot/lib/src/network/helix.ts:94:22)\n      at apiFetch (/home/khel/dotfiles/local/.local/share/nvim/lazy/copilot.lua/copilot/lib/src/network/github.ts:22:12)\n      at fetchCopilotToken (/home/khel/dotfiles/local/.local/share/nvim/lazy/copilot.lua/copilot/lib/src/auth/copilotToken.ts:227:16)\n      at authFromGitHubToken (/home/khel/dotfiles/local/.local/share/nvim/lazy/copilot.lua/copilot/lib/src/auth/copilotToken.ts:150:22)\n      at u8.fetchCopilotTokenEnvelope (/home/khel/dotfiles/local/.local/share/nvim/lazy/copilot.lua/copilot/lib/src/auth/copilotTokenManager.ts:88:29) {\n    type: 'aborted',\n    _name: 'AbortError'\n  }\n}"
[ERROR][2025-06-03 17:52:50] ...lsp/handlers.lua:562	"[lsp] Request getCompletions: HttpTimeoutError: Request to <https://api.github.com/copilot_internal/v2/token> timed out after 120000ms\n    at /home/khel/dotfiles/local/.local/share/nvim/lazy/copilot.lua/copilot/lib/src/network/helix.ts:96:19\n    at processTicksAndRejections (node:internal/process/task_queues:105:5)\n    at jT.fetch (/home/khel/dotfiles/local/.local/share/nvim/lazy/copilot.lua/copilot/lib/src/network/helix.ts:94:22)\n    ... 3 lines matching cause stack trace ...\n    at u8.fetchCopilotTokenEnvelope (/home/khel/dotfiles/local/.local/share/nvim/lazy/copilot.lua/copilot/lib/src/auth/copilotTokenManager.ts:88:29) {\n  [cause]: AbortError: The operation was aborted.\n      at fetch (/home/khel/dotfiles/local/.local/share/nvim/lazy/copilot.lua/copilot/node_modules/@adobe/helix-fetch/src/fetch/index.js:96:13)\n      at processTicksAndRejections (node:internal/process/task_queues:105:5)\n      at cachingFetch (/home/khel/dotfiles/local/.local/share/nvim/lazy/copilot.lua/copilot/node_modules/@adobe/helix-fetch/src/fetch/index.js:288:16)\n      at jT.fetch (/home/khel/dotfiles/local/.local/share/nvim/lazy/copilot.lua/copilot/lib/src/network/helix.ts:94:22)\n      at apiFetch (/home/khel/dotfiles/local/.local/share/nvim/lazy/copilot.lua/copilot/lib/src/network/github.ts:22:12)\n      at fetchCopilotToken (/home/khel/dotfiles/local/.local/share/nvim/lazy/copilot.lua/copilot/lib/src/auth/copilotToken.ts:227:16)\n      at authFromGitHubToken (/home/khel/dotfiles/local/.local/share/nvim/lazy/copilot.lua/copilot/lib/src/auth/copilotToken.ts:150:22)\n      at u8.fetchCopilotTokenEnvelope (/home/khel/dotfiles/local/.local/share/nvim/lazy/copilot.lua/copilot/lib/src/auth/copilotTokenManager.ts:88:29) {\n    type: 'aborted',\n    _name: 'AbortError'\n  }\n}"
[ERROR][2025-06-03 17:52:50] ...lsp/handlers.lua:562	"[lsp] Request getCompletions: HttpTimeoutError: Request to <https://api.github.com/copilot_internal/v2/token> timed out after 120000ms\n    at /home/khel/dotfiles/local/.local/share/nvim/lazy/copilot.lua/copilot/lib/src/network/helix.ts:96:19\n    at processTicksAndRejections (node:internal/process/task_queues:105:5)\n    at jT.fetch (/home/khel/dotfiles/local/.local/share/nvim/lazy/copilot.lua/copilot/lib/src/network/helix.ts:94:22)\n    ... 3 lines matching cause stack trace ...\n    at u8.fetchCopilotTokenEnvelope (/home/khel/dotfiles/local/.local/share/nvim/lazy/copilot.lua/copilot/lib/src/auth/copilotTokenManager.ts:88:29) {\n  [cause]: AbortError: The operation was aborted.\n      at fetch (/home/khel/dotfiles/local/.local/share/nvim/lazy/copilot.lua/copilot/node_modules/@adobe/helix-fetch/src/fetch/index.js:96:13)\n      at processTicksAndRejections (node:internal/process/task_queues:105:5)\n      at cachingFetch (/home/khel/dotfiles/local/.local/share/nvim/lazy/copilot.lua/copilot/node_modules/@adobe/helix-fetch/src/fetch/index.js:288:16)\n      at jT.fetch (/home/khel/dotfiles/local/.local/share/nvim/lazy/copilot.lua/copilot/lib/src/network/helix.ts:94:22)\n      at apiFetch (/home/khel/dotfiles/local/.local/share/nvim/lazy/copilot.lua/copilot/lib/src/network/github.ts:22:12)\n      at fetchCopilotToken (/home/khel/dotfiles/local/.local/share/nvim/lazy/copilot.lua/copilot/lib/src/auth/copilotToken.ts:227:16)\n      at authFromGitHubToken (/home/khel/dotfiles/local/.local/share/nvim/lazy/copilot.lua/copilot/lib/src/auth/copilotToken.ts:150:22)\n      at u8.fetchCopilotTokenEnvelope (/home/khel/dotfiles/local/.local/share/nvim/lazy/copilot.lua/copilot/lib/src/auth/copilotTokenManager.ts:88:29) {\n    type: 'aborted',\n    _name: 'AbortError'\n  }\n}"
[ERROR][2025-06-03 17:52:50] ...lsp/handlers.lua:562	"[lsp] Request getCompletions: HttpTimeoutError: Request to <https://api.github.com/copilot_internal/v2/token> timed out after 120000ms\n    at /home/khel/dotfiles/local/.local/share/nvim/lazy/copilot.lua/copilot/lib/src/network/helix.ts:96:19\n    at processTicksAndRejections (node:internal/process/task_queues:105:5)\n    at jT.fetch (/home/khel/dotfiles/local/.local/share/nvim/lazy/copilot.lua/copilot/lib/src/network/helix.ts:94:22)\n    ... 3 lines matching cause stack trace ...\n    at u8.fetchCopilotTokenEnvelope (/home/khel/dotfiles/local/.local/share/nvim/lazy/copilot.lua/copilot/lib/src/auth/copilotTokenManager.ts:88:29) {\n  [cause]: AbortError: The operation was aborted.\n      at fetch (/home/khel/dotfiles/local/.local/share/nvim/lazy/copilot.lua/copilot/node_modules/@adobe/helix-fetch/src/fetch/index.js:96:13)\n      at processTicksAndRejections (node:internal/process/task_queues:105:5)\n      at cachingFetch (/home/khel/dotfiles/local/.local/share/nvim/lazy/copilot.lua/copilot/node_modules/@adobe/helix-fetch/src/fetch/index.js:288:16)\n      at jT.fetch (/home/khel/dotfiles/local/.local/share/nvim/lazy/copilot.lua/copilot/lib/src/network/helix.ts:94:22)\n      at apiFetch (/home/khel/dotfiles/local/.local/share/nvim/lazy/copilot.lua/copilot/lib/src/network/github.ts:22:12)\n      at fetchCopilotToken (/home/khel/dotfiles/local/.local/share/nvim/lazy/copilot.lua/copilot/lib/src/auth/copilotToken.ts:227:16)\n      at authFromGitHubToken (/home/khel/dotfiles/local/.local/share/nvim/lazy/copilot.lua/copilot/lib/src/auth/copilotToken.ts:150:22)\n      at u8.fetchCopilotTokenEnvelope (/home/khel/dotfiles/local/.local/share/nvim/lazy/copilot.lua/copilot/lib/src/auth/copilotTokenManager.ts:88:29) {\n    type: 'aborted',\n    _name: 'AbortError'\n  }\n}"
[ERROR][2025-06-03 17:52:50] ...lsp/handlers.lua:562	"[lsp] Request getCompletions: HttpTimeoutError: Request to <https://api.github.com/copilot_internal/v2/token> timed out after 120000ms\n    at /home/khel/dotfiles/local/.local/share/nvim/lazy/copilot.lua/copilot/lib/src/network/helix.ts:96:19\n    at processTicksAndRejections (node:internal/process/task_queues:105:5)\n    at jT.fetch (/home/khel/dotfiles/local/.local/share/nvim/lazy/copilot.lua/copilot/lib/src/network/helix.ts:94:22)\n    ... 3 lines matching cause stack trace ...\n    at u8.fetchCopilotTokenEnvelope (/home/khel/dotfiles/local/.local/share/nvim/lazy/copilot.lua/copilot/lib/src/auth/copilotTokenManager.ts:88:29) {\n  [cause]: AbortError: The operation was aborted.\n      at fetch (/home/khel/dotfiles/local/.local/share/nvim/lazy/copilot.lua/copilot/node_modules/@adobe/helix-fetch/src/fetch/index.js:96:13)\n      at processTicksAndRejections (node:internal/process/task_queues:105:5)\n      at cachingFetch (/home/khel/dotfiles/local/.local/share/nvim/lazy/copilot.lua/copilot/node_modules/@adobe/helix-fetch/src/fetch/index.js:288:16)\n      at jT.fetch (/home/khel/dotfiles/local/.local/share/nvim/lazy/copilot.lua/copilot/lib/src/network/helix.ts:94:22)\n      at apiFetch (/home/khel/dotfiles/local/.local/share/nvim/lazy/copilot.lua/copilot/lib/src/network/github.ts:22:12)\n      at fetchCopilotToken (/home/khel/dotfiles/local/.local/share/nvim/lazy/copilot.lua/copilot/lib/src/auth/copilotToken.ts:227:16)\n      at authFromGitHubToken (/home/khel/dotfiles/local/.local/share/nvim/lazy/copilot.lua/copilot/lib/src/auth/copilotToken.ts:150:22)\n      at u8.fetchCopilotTokenEnvelope (/home/khel/dotfiles/local/.local/share/nvim/lazy/copilot.lua/copilot/lib/src/auth/copilotTokenManager.ts:88:29) {\n    type: 'aborted',\n    _name: 'AbortError'\n  }\n}"
[ERROR][2025-06-03 17:52:50] ...lsp/handlers.lua:562	"[lsp] Request getCompletions: HttpTimeoutError: Request to <https://api.github.com/copilot_internal/v2/token> timed out after 120000ms\n    at /home/khel/dotfiles/local/.local/share/nvim/lazy/copilot.lua/copilot/lib/src/network/helix.ts:96:19\n    at processTicksAndRejections (node:internal/process/task_queues:105:5)\n    at jT.fetch (/home/khel/dotfiles/local/.local/share/nvim/lazy/copilot.lua/copilot/lib/src/network/helix.ts:94:22)\n    ... 3 lines matching cause stack trace ...\n    at u8.fetchCopilotTokenEnvelope (/home/khel/dotfiles/local/.local/share/nvim/lazy/copilot.lua/copilot/lib/src/auth/copilotTokenManager.ts:88:29) {\n  [cause]: AbortError: The operation was aborted.\n      at fetch (/home/khel/dotfiles/local/.local/share/nvim/lazy/copilot.lua/copilot/node_modules/@adobe/helix-fetch/src/fetch/index.js:96:13)\n      at processTicksAndRejections (node:internal/process/task_queues:105:5)\n      at cachingFetch (/home/khel/dotfiles/local/.local/share/nvim/lazy/copilot.lua/copilot/node_modules/@adobe/helix-fetch/src/fetch/index.js:288:16)\n      at jT.fetch (/home/khel/dotfiles/local/.local/share/nvim/lazy/copilot.lua/copilot/lib/src/network/helix.ts:94:22)\n      at apiFetch (/home/khel/dotfiles/local/.local/share/nvim/lazy/copilot.lua/copilot/lib/src/network/github.ts:22:12)\n      at fetchCopilotToken (/home/khel/dotfiles/local/.local/share/nvim/lazy/copilot.lua/copilot/lib/src/auth/copilotToken.ts:227:16)\n      at authFromGitHubToken (/home/khel/dotfiles/local/.local/share/nvim/lazy/copilot.lua/copilot/lib/src/auth/copilotToken.ts:150:22)\n      at u8.fetchCopilotTokenEnvelope (/home/khel/dotfiles/local/.local/share/nvim/lazy/copilot.lua/copilot/lib/src/auth/copilotTokenManager.ts:88:29) {\n    type: 'aborted',\n    _name: 'AbortError'\n  }\n}"
[ERROR][2025-06-03 17:52:50] ...lsp/handlers.lua:562	"[lsp] Request getCompletions: HttpTimeoutError: Request to <https://api.github.com/copilot_internal/v2/token> timed out after 120000ms\n    at /home/khel/dotfiles/local/.local/share/nvim/lazy/copilot.lua/copilot/lib/src/network/helix.ts:96:19\n    at processTicksAndRejections (node:internal/process/task_queues:105:5)\n    at jT.fetch (/home/khel/dotfiles/local/.local/share/nvim/lazy/copilot.lua/copilot/lib/src/network/helix.ts:94:22)\n    ... 3 lines matching cause stack trace ...\n    at u8.fetchCopilotTokenEnvelope (/home/khel/dotfiles/local/.local/share/nvim/lazy/copilot.lua/copilot/lib/src/auth/copilotTokenManager.ts:88:29) {\n  [cause]: AbortError: The operation was aborted.\n      at fetch (/home/khel/dotfiles/local/.local/share/nvim/lazy/copilot.lua/copilot/node_modules/@adobe/helix-fetch/src/fetch/index.js:96:13)\n      at processTicksAndRejections (node:internal/process/task_queues:105:5)\n      at cachingFetch (/home/khel/dotfiles/local/.local/share/nvim/lazy/copilot.lua/copilot/node_modules/@adobe/helix-fetch/src/fetch/index.js:288:16)\n      at jT.fetch (/home/khel/dotfiles/local/.local/share/nvim/lazy/copilot.lua/copilot/lib/src/network/helix.ts:94:22)\n      at apiFetch (/home/khel/dotfiles/local/.local/share/nvim/lazy/copilot.lua/copilot/lib/src/network/github.ts:22:12)\n      at fetchCopilotToken (/home/khel/dotfiles/local/.local/share/nvim/lazy/copilot.lua/copilot/lib/src/auth/copilotToken.ts:227:16)\n      at authFromGitHubToken (/home/khel/dotfiles/local/.local/share/nvim/lazy/copilot.lua/copilot/lib/src/auth/copilotToken.ts:150:22)\n      at u8.fetchCopilotTokenEnvelope (/home/khel/dotfiles/local/.local/share/nvim/lazy/copilot.lua/copilot/lib/src/auth/copilotTokenManager.ts:88:29) {\n    type: 'aborted',\n    _name: 'AbortError'\n  }\n}"
[ERROR][2025-06-03 17:52:50] ...lsp/handlers.lua:562	"[lsp] Request getCompletions: HttpTimeoutError: Request to <https://api.github.com/copilot_internal/v2/token> timed out after 120000ms\n    at /home/khel/dotfiles/local/.local/share/nvim/lazy/copilot.lua/copilot/lib/src/network/helix.ts:96:19\n    at processTicksAndRejections (node:internal/process/task_queues:105:5)\n    at jT.fetch (/home/khel/dotfiles/local/.local/share/nvim/lazy/copilot.lua/copilot/lib/src/network/helix.ts:94:22)\n    ... 3 lines matching cause stack trace ...\n    at u8.fetchCopilotTokenEnvelope (/home/khel/dotfiles/local/.local/share/nvim/lazy/copilot.lua/copilot/lib/src/auth/copilotTokenManager.ts:88:29) {\n  [cause]: AbortError: The operation was aborted.\n      at fetch (/home/khel/dotfiles/local/.local/share/nvim/lazy/copilot.lua/copilot/node_modules/@adobe/helix-fetch/src/fetch/index.js:96:13)\n      at processTicksAndRejections (node:internal/process/task_queues:105:5)\n      at cachingFetch (/home/khel/dotfiles/local/.local/share/nvim/lazy/copilot.lua/copilot/node_modules/@adobe/helix-fetch/src/fetch/index.js:288:16)\n      at jT.fetch (/home/khel/dotfiles/local/.local/share/nvim/lazy/copilot.lua/copilot/lib/src/network/helix.ts:94:22)\n      at apiFetch (/home/khel/dotfiles/local/.local/share/nvim/lazy/copilot.lua/copilot/lib/src/network/github.ts:22:12)\n      at fetchCopilotToken (/home/khel/dotfiles/local/.local/share/nvim/lazy/copilot.lua/copilot/lib/src/auth/copilotToken.ts:227:16)\n      at authFromGitHubToken (/home/khel/dotfiles/local/.local/share/nvim/lazy/copilot.lua/copilot/lib/src/auth/copilotToken.ts:150:22)\n      at u8.fetchCopilotTokenEnvelope (/home/khel/dotfiles/local/.local/share/nvim/lazy/copilot.lua/copilot/lib/src/auth/copilotTokenManager.ts:88:29) {\n    type: 'aborted',\n    _name: 'AbortError'\n  }\n}"
[ERROR][2025-06-03 17:52:50] ...lsp/handlers.lua:562	"[lsp] Request getCompletions: HttpTimeoutError: Request to <https://api.github.com/copilot_internal/v2/token> timed out after 120000ms\n    at /home/khel/dotfiles/local/.local/share/nvim/lazy/copilot.lua/copilot/lib/src/network/helix.ts:96:19\n    at processTicksAndRejections (node:internal/process/task_queues:105:5)\n    at jT.fetch (/home/khel/dotfiles/local/.local/share/nvim/lazy/copilot.lua/copilot/lib/src/network/helix.ts:94:22)\n    ... 3 lines matching cause stack trace ...\n    at u8.fetchCopilotTokenEnvelope (/home/khel/dotfiles/local/.local/share/nvim/lazy/copilot.lua/copilot/lib/src/auth/copilotTokenManager.ts:88:29) {\n  [cause]: AbortError: The operation was aborted.\n      at fetch (/home/khel/dotfiles/local/.local/share/nvim/lazy/copilot.lua/copilot/node_modules/@adobe/helix-fetch/src/fetch/index.js:96:13)\n      at processTicksAndRejections (node:internal/process/task_queues:105:5)\n      at cachingFetch (/home/khel/dotfiles/local/.local/share/nvim/lazy/copilot.lua/copilot/node_modules/@adobe/helix-fetch/src/fetch/index.js:288:16)\n      at jT.fetch (/home/khel/dotfiles/local/.local/share/nvim/lazy/copilot.lua/copilot/lib/src/network/helix.ts:94:22)\n      at apiFetch (/home/khel/dotfiles/local/.local/share/nvim/lazy/copilot.lua/copilot/lib/src/network/github.ts:22:12)\n      at fetchCopilotToken (/home/khel/dotfiles/local/.local/share/nvim/lazy/copilot.lua/copilot/lib/src/auth/copilotToken.ts:227:16)\n      at authFromGitHubToken (/home/khel/dotfiles/local/.local/share/nvim/lazy/copilot.lua/copilot/lib/src/auth/copilotToken.ts:150:22)\n      at u8.fetchCopilotTokenEnvelope (/home/khel/dotfiles/local/.local/share/nvim/lazy/copilot.lua/copilot/lib/src/auth/copilotTokenManager.ts:88:29) {\n    type: 'aborted',\n    _name: 'AbortError'\n  }\n}"
[ERROR][2025-06-03 17:52:50] ...lsp/handlers.lua:562	"[lsp] Request getCompletions: HttpTimeoutError: Request to <https://api.github.com/copilot_internal/v2/token> timed out after 120000ms\n    at /home/khel/dotfiles/local/.local/share/nvim/lazy/copilot.lua/copilot/lib/src/network/helix.ts:96:19\n    at processTicksAndRejections (node:internal/process/task_queues:105:5)\n    at jT.fetch (/home/khel/dotfiles/local/.local/share/nvim/lazy/copilot.lua/copilot/lib/src/network/helix.ts:94:22)\n    ... 3 lines matching cause stack trace ...\n    at u8.fetchCopilotTokenEnvelope (/home/khel/dotfiles/local/.local/share/nvim/lazy/copilot.lua/copilot/lib/src/auth/copilotTokenManager.ts:88:29) {\n  [cause]: AbortError: The operation was aborted.\n      at fetch (/home/khel/dotfiles/local/.local/share/nvim/lazy/copilot.lua/copilot/node_modules/@adobe/helix-fetch/src/fetch/index.js:96:13)\n      at processTicksAndRejections (node:internal/process/task_queues:105:5)\n      at cachingFetch (/home/khel/dotfiles/local/.local/share/nvim/lazy/copilot.lua/copilot/node_modules/@adobe/helix-fetch/src/fetch/index.js:288:16)\n      at jT.fetch (/home/khel/dotfiles/local/.local/share/nvim/lazy/copilot.lua/copilot/lib/src/network/helix.ts:94:22)\n      at apiFetch (/home/khel/dotfiles/local/.local/share/nvim/lazy/copilot.lua/copilot/lib/src/network/github.ts:22:12)\n      at fetchCopilotToken (/home/khel/dotfiles/local/.local/share/nvim/lazy/copilot.lua/copilot/lib/src/auth/copilotToken.ts:227:16)\n      at authFromGitHubToken (/home/khel/dotfiles/local/.local/share/nvim/lazy/copilot.lua/copilot/lib/src/auth/copilotToken.ts:150:22)\n      at u8.fetchCopilotTokenEnvelope (/home/khel/dotfiles/local/.local/share/nvim/lazy/copilot.lua/copilot/lib/src/auth/copilotTokenManager.ts:88:29) {\n    type: 'aborted',\n    _name: 'AbortError'\n  }\n}"
[ERROR][2025-06-03 17:52:50] ...lsp/handlers.lua:562	"[lsp] Request getCompletions: HttpTimeoutError: Request to <https://api.github.com/copilot_internal/v2/token> timed out after 120000ms\n    at /home/khel/dotfiles/local/.local/share/nvim/lazy/copilot.lua/copilot/lib/src/network/helix.ts:96:19\n    at processTicksAndRejections (node:internal/process/task_queues:105:5)\n    at jT.fetch (/home/khel/dotfiles/local/.local/share/nvim/lazy/copilot.lua/copilot/lib/src/network/helix.ts:94:22)\n    ... 3 lines matching cause stack trace ...\n    at u8.fetchCopilotTokenEnvelope (/home/khel/dotfiles/local/.local/share/nvim/lazy/copilot.lua/copilot/lib/src/auth/copilotTokenManager.ts:88:29) {\n  [cause]: AbortError: The operation was aborted.\n      at fetch (/home/khel/dotfiles/local/.local/share/nvim/lazy/copilot.lua/copilot/node_modules/@adobe/helix-fetch/src/fetch/index.js:96:13)\n      at processTicksAndRejections (node:internal/process/task_queues:105:5)\n      at cachingFetch (/home/khel/dotfiles/local/.local/share/nvim/lazy/copilot.lua/copilot/node_modules/@adobe/helix-fetch/src/fetch/index.js:288:16)\n      at jT.fetch (/home/khel/dotfiles/local/.local/share/nvim/lazy/copilot.lua/copilot/lib/src/network/helix.ts:94:22)\n      at apiFetch (/home/khel/dotfiles/local/.local/share/nvim/lazy/copilot.lua/copilot/lib/src/network/github.ts:22:12)\n      at fetchCopilotToken (/home/khel/dotfiles/local/.local/share/nvim/lazy/copilot.lua/copilot/lib/src/auth/copilotToken.ts:227:16)\n      at authFromGitHubToken (/home/khel/dotfiles/local/.local/share/nvim/lazy/copilot.lua/copilot/lib/src/auth/copilotToken.ts:150:22)\n      at u8.fetchCopilotTokenEnvelope (/home/khel/dotfiles/local/.local/share/nvim/lazy/copilot.lua/copilot/lib/src/auth/copilotTokenManager.ts:88:29) {\n    type: 'aborted',\n    _name: 'AbortError'\n  }\n}"
[ERROR][2025-06-03 17:52:50] ...lsp/handlers.lua:562	"[lsp] Request getCompletions: HttpTimeoutError: Request to <https://api.github.com/copilot_internal/v2/token> timed out after 120000ms\n    at /home/khel/dotfiles/local/.local/share/nvim/lazy/copilot.lua/copilot/lib/src/network/helix.ts:96:19\n    at processTicksAndRejections (node:internal/process/task_queues:105:5)\n    at jT.fetch (/home/khel/dotfiles/local/.local/share/nvim/lazy/copilot.lua/copilot/lib/src/network/helix.ts:94:22)\n    ... 3 lines matching cause stack trace ...\n    at u8.fetchCopilotTokenEnvelope (/home/khel/dotfiles/local/.local/share/nvim/lazy/copilot.lua/copilot/lib/src/auth/copilotTokenManager.ts:88:29) {\n  [cause]: AbortError: The operation was aborted.\n      at fetch (/home/khel/dotfiles/local/.local/share/nvim/lazy/copilot.lua/copilot/node_modules/@adobe/helix-fetch/src/fetch/index.js:96:13)\n      at processTicksAndRejections (node:internal/process/task_queues:105:5)\n      at cachingFetch (/home/khel/dotfiles/local/.local/share/nvim/lazy/copilot.lua/copilot/node_modules/@adobe/helix-fetch/src/fetch/index.js:288:16)\n      at jT.fetch (/home/khel/dotfiles/local/.local/share/nvim/lazy/copilot.lua/copilot/lib/src/network/helix.ts:94:22)\n      at apiFetch (/home/khel/dotfiles/local/.local/share/nvim/lazy/copilot.lua/copilot/lib/src/network/github.ts:22:12)\n      at fetchCopilotToken (/home/khel/dotfiles/local/.local/share/nvim/lazy/copilot.lua/copilot/lib/src/auth/copilotToken.ts:227:16)\n      at authFromGitHubToken (/home/khel/dotfiles/local/.local/share/nvim/lazy/copilot.lua/copilot/lib/src/auth/copilotToken.ts:150:22)\n      at u8.fetchCopilotTokenEnvelope (/home/khel/dotfiles/local/.local/share/nvim/lazy/copilot.lua/copilot/lib/src/auth/copilotTokenManager.ts:88:29) {\n    type: 'aborted',\n    _name: 'AbortError'\n  }\n}"
[ERROR][2025-06-03 17:52:50] ...lsp/handlers.lua:562	"[lsp] Request getCompletions: HttpTimeoutError: Request to <https://api.github.com/copilot_internal/v2/token> timed out after 120000ms\n    at /home/khel/dotfiles/local/.local/share/nvim/lazy/copilot.lua/copilot/lib/src/network/helix.ts:96:19\n    at processTicksAndRejections (node:internal/process/task_queues:105:5)\n    at jT.fetch (/home/khel/dotfiles/local/.local/share/nvim/lazy/copilot.lua/copilot/lib/src/network/helix.ts:94:22)\n    ... 3 lines matching cause stack trace ...\n    at u8.fetchCopilotTokenEnvelope (/home/khel/dotfiles/local/.local/share/nvim/lazy/copilot.lua/copilot/lib/src/auth/copilotTokenManager.ts:88:29) {\n  [cause]: AbortError: The operation was aborted.\n      at fetch (/home/khel/dotfiles/local/.local/share/nvim/lazy/copilot.lua/copilot/node_modules/@adobe/helix-fetch/src/fetch/index.js:96:13)\n      at processTicksAndRejections (node:internal/process/task_queues:105:5)\n      at cachingFetch (/home/khel/dotfiles/local/.local/share/nvim/lazy/copilot.lua/copilot/node_modules/@adobe/helix-fetch/src/fetch/index.js:288:16)\n      at jT.fetch (/home/khel/dotfiles/local/.local/share/nvim/lazy/copilot.lua/copilot/lib/src/network/helix.ts:94:22)\n      at apiFetch (/home/khel/dotfiles/local/.local/share/nvim/lazy/copilot.lua/copilot/lib/src/network/github.ts:22:12)\n      at fetchCopilotToken (/home/khel/dotfiles/local/.local/share/nvim/lazy/copilot.lua/copilot/lib/src/auth/copilotToken.ts:227:16)\n      at authFromGitHubToken (/home/khel/dotfiles/local/.local/share/nvim/lazy/copilot.lua/copilot/lib/src/auth/copilotToken.ts:150:22)\n      at u8.fetchCopilotTokenEnvelope (/home/khel/dotfiles/local/.local/share/nvim/lazy/copilot.lua/copilot/lib/src/auth/copilotTokenManager.ts:88:29) {\n    type: 'aborted',\n    _name: 'AbortError'\n  }\n}"
[ERROR][2025-06-03 17:52:50] ...lsp/handlers.lua:562	"[lsp] Request getCompletions: HttpTimeoutError: Request to <https://api.github.com/copilot_internal/v2/token> timed out after 120000ms\n    at /home/khel/dotfiles/local/.local/share/nvim/lazy/copilot.lua/copilot/lib/src/network/helix.ts:96:19\n    at processTicksAndRejections (node:internal/process/task_queues:105:5)\n    at jT.fetch (/home/khel/dotfiles/local/.local/share/nvim/lazy/copilot.lua/copilot/lib/src/network/helix.ts:94:22)\n    ... 3 lines matching cause stack trace ...\n    at u8.fetchCopilotTokenEnvelope (/home/khel/dotfiles/local/.local/share/nvim/lazy/copilot.lua/copilot/lib/src/auth/copilotTokenManager.ts:88:29) {\n  [cause]: AbortError: The operation was aborted.\n      at fetch (/home/khel/dotfiles/local/.local/share/nvim/lazy/copilot.lua/copilot/node_modules/@adobe/helix-fetch/src/fetch/index.js:96:13)\n      at processTicksAndRejections (node:internal/process/task_queues:105:5)\n      at cachingFetch (/home/khel/dotfiles/local/.local/share/nvim/lazy/copilot.lua/copilot/node_modules/@adobe/helix-fetch/src/fetch/index.js:288:16)\n      at jT.fetch (/home/khel/dotfiles/local/.local/share/nvim/lazy/copilot.lua/copilot/lib/src/network/helix.ts:94:22)\n      at apiFetch (/home/khel/dotfiles/local/.local/share/nvim/lazy/copilot.lua/copilot/lib/src/network/github.ts:22:12)\n      at fetchCopilotToken (/home/khel/dotfiles/local/.local/share/nvim/lazy/copilot.lua/copilot/lib/src/auth/copilotToken.ts:227:16)\n      at authFromGitHubToken (/home/khel/dotfiles/local/.local/share/nvim/lazy/copilot.lua/copilot/lib/src/auth/copilotToken.ts:150:22)\n      at u8.fetchCopilotTokenEnvelope (/home/khel/dotfiles/local/.local/share/nvim/lazy/copilot.lua/copilot/lib/src/auth/copilotTokenManager.ts:88:29) {\n    type: 'aborted',\n    _name: 'AbortError'\n  }\n}"
[ERROR][2025-06-03 17:52:50] ...lsp/handlers.lua:562	"[lsp] Request getCompletions: HttpTimeoutError: Request to <https://api.github.com/copilot_internal/v2/token> timed out after 120000ms\n    at /home/khel/dotfiles/local/.local/share/nvim/lazy/copilot.lua/copilot/lib/src/network/helix.ts:96:19\n    at processTicksAndRejections (node:internal/process/task_queues:105:5)\n    at jT.fetch (/home/khel/dotfiles/local/.local/share/nvim/lazy/copilot.lua/copilot/lib/src/network/helix.ts:94:22)\n    ... 3 lines matching cause stack trace ...\n    at u8.fetchCopilotTokenEnvelope (/home/khel/dotfiles/local/.local/share/nvim/lazy/copilot.lua/copilot/lib/src/auth/copilotTokenManager.ts:88:29) {\n  [cause]: AbortError: The operation was aborted.\n      at fetch (/home/khel/dotfiles/local/.local/share/nvim/lazy/copilot.lua/copilot/node_modules/@adobe/helix-fetch/src/fetch/index.js:96:13)\n      at processTicksAndRejections (node:internal/process/task_queues:105:5)\n      at cachingFetch (/home/khel/dotfiles/local/.local/share/nvim/lazy/copilot.lua/copilot/node_modules/@adobe/helix-fetch/src/fetch/index.js:288:16)\n      at jT.fetch (/home/khel/dotfiles/local/.local/share/nvim/lazy/copilot.lua/copilot/lib/src/network/helix.ts:94:22)\n      at apiFetch (/home/khel/dotfiles/local/.local/share/nvim/lazy/copilot.lua/copilot/lib/src/network/github.ts:22:12)\n      at fetchCopilotToken (/home/khel/dotfiles/local/.local/share/nvim/lazy/copilot.lua/copilot/lib/src/auth/copilotToken.ts:227:16)\n      at authFromGitHubToken (/home/khel/dotfiles/local/.local/share/nvim/lazy/copilot.lua/copilot/lib/src/auth/copilotToken.ts:150:22)\n      at u8.fetchCopilotTokenEnvelope (/home/khel/dotfiles/local/.local/share/nvim/lazy/copilot.lua/copilot/lib/src/auth/copilotTokenManager.ts:88:29) {\n    type: 'aborted',\n    _name: 'AbortError'\n  }\n}"
[ERROR][2025-06-03 17:52:50] ...lsp/handlers.lua:562	"[lsp] Request getCompletions: HttpTimeoutError: Request to <https://api.github.com/copilot_internal/v2/token> timed out after 120000ms\n    at /home/khel/dotfiles/local/.local/share/nvim/lazy/copilot.lua/copilot/lib/src/network/helix.ts:96:19\n    at processTicksAndRejections (node:internal/process/task_queues:105:5)\n    at jT.fetch (/home/khel/dotfiles/local/.local/share/nvim/lazy/copilot.lua/copilot/lib/src/network/helix.ts:94:22)\n    ... 3 lines matching cause stack trace ...\n    at u8.fetchCopilotTokenEnvelope (/home/khel/dotfiles/local/.local/share/nvim/lazy/copilot.lua/copilot/lib/src/auth/copilotTokenManager.ts:88:29) {\n  [cause]: AbortError: The operation was aborted.\n      at fetch (/home/khel/dotfiles/local/.local/share/nvim/lazy/copilot.lua/copilot/node_modules/@adobe/helix-fetch/src/fetch/index.js:96:13)\n      at processTicksAndRejections (node:internal/process/task_queues:105:5)\n      at cachingFetch (/home/khel/dotfiles/local/.local/share/nvim/lazy/copilot.lua/copilot/node_modules/@adobe/helix-fetch/src/fetch/index.js:288:16)\n      at jT.fetch (/home/khel/dotfiles/local/.local/share/nvim/lazy/copilot.lua/copilot/lib/src/network/helix.ts:94:22)\n      at apiFetch (/home/khel/dotfiles/local/.local/share/nvim/lazy/copilot.lua/copilot/lib/src/network/github.ts:22:12)\n      at fetchCopilotToken (/home/khel/dotfiles/local/.local/share/nvim/lazy/copilot.lua/copilot/lib/src/auth/copilotToken.ts:227:16)\n      at authFromGitHubToken (/home/khel/dotfiles/local/.local/share/nvim/lazy/copilot.lua/copilot/lib/src/auth/copilotToken.ts:150:22)\n      at u8.fetchCopilotTokenEnvelope (/home/khel/dotfiles/local/.local/share/nvim/lazy/copilot.lua/copilot/lib/src/auth/copilotTokenManager.ts:88:29) {\n    type: 'aborted',\n    _name: 'AbortError'\n  }\n}"
[ERROR][2025-06-03 17:52:50] ...lsp/handlers.lua:562	"[lsp] Request getCompletions: HttpTimeoutError: Request to <https://api.github.com/copilot_internal/v2/token> timed out after 120000ms\n    at /home/khel/dotfiles/local/.local/share/nvim/lazy/copilot.lua/copilot/lib/src/network/helix.ts:96:19\n    at processTicksAndRejections (node:internal/process/task_queues:105:5)\n    at jT.fetch (/home/khel/dotfiles/local/.local/share/nvim/lazy/copilot.lua/copilot/lib/src/network/helix.ts:94:22)\n    ... 3 lines matching cause stack trace ...\n    at u8.fetchCopilotTokenEnvelope (/home/khel/dotfiles/local/.local/share/nvim/lazy/copilot.lua/copilot/lib/src/auth/copilotTokenManager.ts:88:29) {\n  [cause]: AbortError: The operation was aborted.\n      at fetch (/home/khel/dotfiles/local/.local/share/nvim/lazy/copilot.lua/copilot/node_modules/@adobe/helix-fetch/src/fetch/index.js:96:13)\n      at processTicksAndRejections (node:internal/process/task_queues:105:5)\n      at cachingFetch (/home/khel/dotfiles/local/.local/share/nvim/lazy/copilot.lua/copilot/node_modules/@adobe/helix-fetch/src/fetch/index.js:288:16)\n      at jT.fetch (/home/khel/dotfiles/local/.local/share/nvim/lazy/copilot.lua/copilot/lib/src/network/helix.ts:94:22)\n      at apiFetch (/home/khel/dotfiles/local/.local/share/nvim/lazy/copilot.lua/copilot/lib/src/network/github.ts:22:12)\n      at fetchCopilotToken (/home/khel/dotfiles/local/.local/share/nvim/lazy/copilot.lua/copilot/lib/src/auth/copilotToken.ts:227:16)\n      at authFromGitHubToken (/home/khel/dotfiles/local/.local/share/nvim/lazy/copilot.lua/copilot/lib/src/auth/copilotToken.ts:150:22)\n      at u8.fetchCopilotTokenEnvelope (/home/khel/dotfiles/local/.local/share/nvim/lazy/copilot.lua/copilot/lib/src/auth/copilotTokenManager.ts:88:29) {\n    type: 'aborted',\n    _name: 'AbortError'\n  }\n}"
[ERROR][2025-06-03 17:52:50] ...lsp/handlers.lua:562	"[lsp] Request getCompletions: HttpTimeoutError: Request to <https://api.github.com/copilot_internal/v2/token> timed out after 120000ms\n    at /home/khel/dotfiles/local/.local/share/nvim/lazy/copilot.lua/copilot/lib/src/network/helix.ts:96:19\n    at processTicksAndRejections (node:internal/process/task_queues:105:5)\n    at jT.fetch (/home/khel/dotfiles/local/.local/share/nvim/lazy/copilot.lua/copilot/lib/src/network/helix.ts:94:22)\n    ... 3 lines matching cause stack trace ...\n    at u8.fetchCopilotTokenEnvelope (/home/khel/dotfiles/local/.local/share/nvim/lazy/copilot.lua/copilot/lib/src/auth/copilotTokenManager.ts:88:29) {\n  [cause]: AbortError: The operation was aborted.\n      at fetch (/home/khel/dotfiles/local/.local/share/nvim/lazy/copilot.lua/copilot/node_modules/@adobe/helix-fetch/src/fetch/index.js:96:13)\n      at processTicksAndRejections (node:internal/process/task_queues:105:5)\n      at cachingFetch (/home/khel/dotfiles/local/.local/share/nvim/lazy/copilot.lua/copilot/node_modules/@adobe/helix-fetch/src/fetch/index.js:288:16)\n      at jT.fetch (/home/khel/dotfiles/local/.local/share/nvim/lazy/copilot.lua/copilot/lib/src/network/helix.ts:94:22)\n      at apiFetch (/home/khel/dotfiles/local/.local/share/nvim/lazy/copilot.lua/copilot/lib/src/network/github.ts:22:12)\n      at fetchCopilotToken (/home/khel/dotfiles/local/.local/share/nvim/lazy/copilot.lua/copilot/lib/src/auth/copilotToken.ts:227:16)\n      at authFromGitHubToken (/home/khel/dotfiles/local/.local/share/nvim/lazy/copilot.lua/copilot/lib/src/auth/copilotToken.ts:150:22)\n      at u8.fetchCopilotTokenEnvelope (/home/khel/dotfiles/local/.local/share/nvim/lazy/copilot.lua/copilot/lib/src/auth/copilotTokenManager.ts:88:29) {\n    type: 'aborted',\n    _name: 'AbortError'\n  }\n}"
[ERROR][2025-06-03 17:52:50] ...lsp/handlers.lua:562	"[lsp] Request getCompletions: HttpTimeoutError: Request to <https://api.github.com/copilot_internal/v2/token> timed out after 120000ms\n    at /home/khel/dotfiles/local/.local/share/nvim/lazy/copilot.lua/copilot/lib/src/network/helix.ts:96:19\n    at processTicksAndRejections (node:internal/process/task_queues:105:5)\n    at jT.fetch (/home/khel/dotfiles/local/.local/share/nvim/lazy/copilot.lua/copilot/lib/src/network/helix.ts:94:22)\n    ... 3 lines matching cause stack trace ...\n    at u8.fetchCopilotTokenEnvelope (/home/khel/dotfiles/local/.local/share/nvim/lazy/copilot.lua/copilot/lib/src/auth/copilotTokenManager.ts:88:29) {\n  [cause]: AbortError: The operation was aborted.\n      at fetch (/home/khel/dotfiles/local/.local/share/nvim/lazy/copilot.lua/copilot/node_modules/@adobe/helix-fetch/src/fetch/index.js:96:13)\n      at processTicksAndRejections (node:internal/process/task_queues:105:5)\n      at cachingFetch (/home/khel/dotfiles/local/.local/share/nvim/lazy/copilot.lua/copilot/node_modules/@adobe/helix-fetch/src/fetch/index.js:288:16)\n      at jT.fetch (/home/khel/dotfiles/local/.local/share/nvim/lazy/copilot.lua/copilot/lib/src/network/helix.ts:94:22)\n      at apiFetch (/home/khel/dotfiles/local/.local/share/nvim/lazy/copilot.lua/copilot/lib/src/network/github.ts:22:12)\n      at fetchCopilotToken (/home/khel/dotfiles/local/.local/share/nvim/lazy/copilot.lua/copilot/lib/src/auth/copilotToken.ts:227:16)\n      at authFromGitHubToken (/home/khel/dotfiles/local/.local/share/nvim/lazy/copilot.lua/copilot/lib/src/auth/copilotToken.ts:150:22)\n      at u8.fetchCopilotTokenEnvelope (/home/khel/dotfiles/local/.local/share/nvim/lazy/copilot.lua/copilot/lib/src/auth/copilotTokenManager.ts:88:29) {\n    type: 'aborted',\n    _name: 'AbortError'\n  }\n}"
[ERROR][2025-06-03 17:52:50] ...lsp/handlers.lua:562	"[lsp] Request getCompletions: HttpTimeoutError: Request to <https://api.github.com/copilot_internal/v2/token> timed out after 120000ms\n    at /home/khel/dotfiles/local/.local/share/nvim/lazy/copilot.lua/copilot/lib/src/network/helix.ts:96:19\n    at processTicksAndRejections (node:internal/process/task_queues:105:5)\n    at jT.fetch (/home/khel/dotfiles/local/.local/share/nvim/lazy/copilot.lua/copilot/lib/src/network/helix.ts:94:22)\n    ... 3 lines matching cause stack trace ...\n    at u8.fetchCopilotTokenEnvelope (/home/khel/dotfiles/local/.local/share/nvim/lazy/copilot.lua/copilot/lib/src/auth/copilotTokenManager.ts:88:29) {\n  [cause]: AbortError: The operation was aborted.\n      at fetch (/home/khel/dotfiles/local/.local/share/nvim/lazy/copilot.lua/copilot/node_modules/@adobe/helix-fetch/src/fetch/index.js:96:13)\n      at processTicksAndRejections (node:internal/process/task_queues:105:5)\n      at cachingFetch (/home/khel/dotfiles/local/.local/share/nvim/lazy/copilot.lua/copilot/node_modules/@adobe/helix-fetch/src/fetch/index.js:288:16)\n      at jT.fetch (/home/khel/dotfiles/local/.local/share/nvim/lazy/copilot.lua/copilot/lib/src/network/helix.ts:94:22)\n      at apiFetch (/home/khel/dotfiles/local/.local/share/nvim/lazy/copilot.lua/copilot/lib/src/network/github.ts:22:12)\n      at fetchCopilotToken (/home/khel/dotfiles/local/.local/share/nvim/lazy/copilot.lua/copilot/lib/src/auth/copilotToken.ts:227:16)\n      at authFromGitHubToken (/home/khel/dotfiles/local/.local/share/nvim/lazy/copilot.lua/copilot/lib/src/auth/copilotToken.ts:150:22)\n      at u8.fetchCopilotTokenEnvelope (/home/khel/dotfiles/local/.local/share/nvim/lazy/copilot.lua/copilot/lib/src/auth/copilotTokenManager.ts:88:29) {\n    type: 'aborted',\n    _name: 'AbortError'\n  }\n}"
[ERROR][2025-06-03 17:52:50] ...lsp/handlers.lua:562	"[lsp] Request getCompletions: HttpTimeoutError: Request to <https://api.github.com/copilot_internal/v2/token> timed out after 120000ms\n    at /home/khel/dotfiles/local/.local/share/nvim/lazy/copilot.lua/copilot/lib/src/network/helix.ts:96:19\n    at processTicksAndRejections (node:internal/process/task_queues:105:5)\n    at jT.fetch (/home/khel/dotfiles/local/.local/share/nvim/lazy/copilot.lua/copilot/lib/src/network/helix.ts:94:22)\n    ... 3 lines matching cause stack trace ...\n    at u8.fetchCopilotTokenEnvelope (/home/khel/dotfiles/local/.local/share/nvim/lazy/copilot.lua/copilot/lib/src/auth/copilotTokenManager.ts:88:29) {\n  [cause]: AbortError: The operation was aborted.\n      at fetch (/home/khel/dotfiles/local/.local/share/nvim/lazy/copilot.lua/copilot/node_modules/@adobe/helix-fetch/src/fetch/index.js:96:13)\n      at processTicksAndRejections (node:internal/process/task_queues:105:5)\n      at cachingFetch (/home/khel/dotfiles/local/.local/share/nvim/lazy/copilot.lua/copilot/node_modules/@adobe/helix-fetch/src/fetch/index.js:288:16)\n      at jT.fetch (/home/khel/dotfiles/local/.local/share/nvim/lazy/copilot.lua/copilot/lib/src/network/helix.ts:94:22)\n      at apiFetch (/home/khel/dotfiles/local/.local/share/nvim/lazy/copilot.lua/copilot/lib/src/network/github.ts:22:12)\n      at fetchCopilotToken (/home/khel/dotfiles/local/.local/share/nvim/lazy/copilot.lua/copilot/lib/src/auth/copilotToken.ts:227:16)\n      at authFromGitHubToken (/home/khel/dotfiles/local/.local/share/nvim/lazy/copilot.lua/copilot/lib/src/auth/copilotToken.ts:150:22)\n      at u8.fetchCopilotTokenEnvelope (/home/khel/dotfiles/local/.local/share/nvim/lazy/copilot.lua/copilot/lib/src/auth/copilotTokenManager.ts:88:29) {\n    type: 'aborted',\n    _name: 'AbortError'\n  }\n}"
[ERROR][2025-06-03 17:52:50] ...lsp/handlers.lua:562	"[lsp] Request getCompletions: HttpTimeoutError: Request to <https://api.github.com/copilot_internal/v2/token> timed out after 120000ms\n    at /home/khel/dotfiles/local/.local/share/nvim/lazy/copilot.lua/copilot/lib/src/network/helix.ts:96:19\n    at processTicksAndRejections (node:internal/process/task_queues:105:5)\n    at jT.fetch (/home/khel/dotfiles/local/.local/share/nvim/lazy/copilot.lua/copilot/lib/src/network/helix.ts:94:22)\n    ... 3 lines matching cause stack trace ...\n    at u8.fetchCopilotTokenEnvelope (/home/khel/dotfiles/local/.local/share/nvim/lazy/copilot.lua/copilot/lib/src/auth/copilotTokenManager.ts:88:29) {\n  [cause]: AbortError: The operation was aborted.\n      at fetch (/home/khel/dotfiles/local/.local/share/nvim/lazy/copilot.lua/copilot/node_modules/@adobe/helix-fetch/src/fetch/index.js:96:13)\n      at processTicksAndRejections (node:internal/process/task_queues:105:5)\n      at cachingFetch (/home/khel/dotfiles/local/.local/share/nvim/lazy/copilot.lua/copilot/node_modules/@adobe/helix-fetch/src/fetch/index.js:288:16)\n      at jT.fetch (/home/khel/dotfiles/local/.local/share/nvim/lazy/copilot.lua/copilot/lib/src/network/helix.ts:94:22)\n      at apiFetch (/home/khel/dotfiles/local/.local/share/nvim/lazy/copilot.lua/copilot/lib/src/network/github.ts:22:12)\n      at fetchCopilotToken (/home/khel/dotfiles/local/.local/share/nvim/lazy/copilot.lua/copilot/lib/src/auth/copilotToken.ts:227:16)\n      at authFromGitHubToken (/home/khel/dotfiles/local/.local/share/nvim/lazy/copilot.lua/copilot/lib/src/auth/copilotToken.ts:150:22)\n      at u8.fetchCopilotTokenEnvelope (/home/khel/dotfiles/local/.local/share/nvim/lazy/copilot.lua/copilot/lib/src/auth/copilotTokenManager.ts:88:29) {\n    type: 'aborted',\n    _name: 'AbortError'\n  }\n}"
[ERROR][2025-06-03 17:52:50] ...lsp/handlers.lua:562	"[lsp] Request getCompletions: HttpTimeoutError: Request to <https://api.github.com/copilot_internal/v2/token> timed out after 120000ms\n    at /home/khel/dotfiles/local/.local/share/nvim/lazy/copilot.lua/copilot/lib/src/network/helix.ts:96:19\n    at processTicksAndRejections (node:internal/process/task_queues:105:5)\n    at jT.fetch (/home/khel/dotfiles/local/.local/share/nvim/lazy/copilot.lua/copilot/lib/src/network/helix.ts:94:22)\n    ... 3 lines matching cause stack trace ...\n    at u8.fetchCopilotTokenEnvelope (/home/khel/dotfiles/local/.local/share/nvim/lazy/copilot.lua/copilot/lib/src/auth/copilotTokenManager.ts:88:29) {\n  [cause]: AbortError: The operation was aborted.\n      at fetch (/home/khel/dotfiles/local/.local/share/nvim/lazy/copilot.lua/copilot/node_modules/@adobe/helix-fetch/src/fetch/index.js:96:13)\n      at processTicksAndRejections (node:internal/process/task_queues:105:5)\n      at cachingFetch (/home/khel/dotfiles/local/.local/share/nvim/lazy/copilot.lua/copilot/node_modules/@adobe/helix-fetch/src/fetch/index.js:288:16)\n      at jT.fetch (/home/khel/dotfiles/local/.local/share/nvim/lazy/copilot.lua/copilot/lib/src/network/helix.ts:94:22)\n      at apiFetch (/home/khel/dotfiles/local/.local/share/nvim/lazy/copilot.lua/copilot/lib/src/network/github.ts:22:12)\n      at fetchCopilotToken (/home/khel/dotfiles/local/.local/share/nvim/lazy/copilot.lua/copilot/lib/src/auth/copilotToken.ts:227:16)\n      at authFromGitHubToken (/home/khel/dotfiles/local/.local/share/nvim/lazy/copilot.lua/copilot/lib/src/auth/copilotToken.ts:150:22)\n      at u8.fetchCopilotTokenEnvelope (/home/khel/dotfiles/local/.local/share/nvim/lazy/copilot.lua/copilot/lib/src/auth/copilotTokenManager.ts:88:29) {\n    type: 'aborted',\n    _name: 'AbortError'\n  }\n}"
[ERROR][2025-06-03 17:52:50] ...lsp/handlers.lua:562	"[lsp] Request getCompletions: HttpTimeoutError: Request to <https://api.github.com/copilot_internal/v2/token> timed out after 120000ms\n    at /home/khel/dotfiles/local/.local/share/nvim/lazy/copilot.lua/copilot/lib/src/network/helix.ts:96:19\n    at processTicksAndRejections (node:internal/process/task_queues:105:5)\n    at jT.fetch (/home/khel/dotfiles/local/.local/share/nvim/lazy/copilot.lua/copilot/lib/src/network/helix.ts:94:22)\n    ... 3 lines matching cause stack trace ...\n    at u8.fetchCopilotTokenEnvelope (/home/khel/dotfiles/local/.local/share/nvim/lazy/copilot.lua/copilot/lib/src/auth/copilotTokenManager.ts:88:29) {\n  [cause]: AbortError: The operation was aborted.\n      at fetch (/home/khel/dotfiles/local/.local/share/nvim/lazy/copilot.lua/copilot/node_modules/@adobe/helix-fetch/src/fetch/index.js:96:13)\n      at processTicksAndRejections (node:internal/process/task_queues:105:5)\n      at cachingFetch (/home/khel/dotfiles/local/.local/share/nvim/lazy/copilot.lua/copilot/node_modules/@adobe/helix-fetch/src/fetch/index.js:288:16)\n      at jT.fetch (/home/khel/dotfiles/local/.local/share/nvim/lazy/copilot.lua/copilot/lib/src/network/helix.ts:94:22)\n      at apiFetch (/home/khel/dotfiles/local/.local/share/nvim/lazy/copilot.lua/copilot/lib/src/network/github.ts:22:12)\n      at fetchCopilotToken (/home/khel/dotfiles/local/.local/share/nvim/lazy/copilot.lua/copilot/lib/src/auth/copilotToken.ts:227:16)\n      at authFromGitHubToken (/home/khel/dotfiles/local/.local/share/nvim/lazy/copilot.lua/copilot/lib/src/auth/copilotToken.ts:150:22)\n      at u8.fetchCopilotTokenEnvelope (/home/khel/dotfiles/local/.local/share/nvim/lazy/copilot.lua/copilot/lib/src/auth/copilotTokenManager.ts:88:29) {\n    type: 'aborted',\n    _name: 'AbortError'\n  }\n}"
[ERROR][2025-06-03 17:52:50] ...lsp/handlers.lua:562	"[lsp] Request getCompletions: HttpTimeoutError: Request to <https://api.github.com/copilot_internal/v2/token> timed out after 120000ms\n    at /home/khel/dotfiles/local/.local/share/nvim/lazy/copilot.lua/copilot/lib/src/network/helix.ts:96:19\n    at processTicksAndRejections (node:internal/process/task_queues:105:5)\n    at jT.fetch (/home/khel/dotfiles/local/.local/share/nvim/lazy/copilot.lua/copilot/lib/src/network/helix.ts:94:22)\n    ... 3 lines matching cause stack trace ...\n    at u8.fetchCopilotTokenEnvelope (/home/khel/dotfiles/local/.local/share/nvim/lazy/copilot.lua/copilot/lib/src/auth/copilotTokenManager.ts:88:29) {\n  [cause]: AbortError: The operation was aborted.\n      at fetch (/home/khel/dotfiles/local/.local/share/nvim/lazy/copilot.lua/copilot/node_modules/@adobe/helix-fetch/src/fetch/index.js:96:13)\n      at processTicksAndRejections (node:internal/process/task_queues:105:5)\n      at cachingFetch (/home/khel/dotfiles/local/.local/share/nvim/lazy/copilot.lua/copilot/node_modules/@adobe/helix-fetch/src/fetch/index.js:288:16)\n      at jT.fetch (/home/khel/dotfiles/local/.local/share/nvim/lazy/copilot.lua/copilot/lib/src/network/helix.ts:94:22)\n      at apiFetch (/home/khel/dotfiles/local/.local/share/nvim/lazy/copilot.lua/copilot/lib/src/network/github.ts:22:12)\n      at fetchCopilotToken (/home/khel/dotfiles/local/.local/share/nvim/lazy/copilot.lua/copilot/lib/src/auth/copilotToken.ts:227:16)\n      at authFromGitHubToken (/home/khel/dotfiles/local/.local/share/nvim/lazy/copilot.lua/copilot/lib/src/auth/copilotToken.ts:150:22)\n      at u8.fetchCopilotTokenEnvelope (/home/khel/dotfiles/local/.local/share/nvim/lazy/copilot.lua/copilot/lib/src/auth/copilotTokenManager.ts:88:29) {\n    type: 'aborted',\n    _name: 'AbortError'\n  }\n}"
[ERROR][2025-06-03 17:52:50] ...lsp/handlers.lua:562	"[lsp] Request getCompletions: HttpTimeoutError: Request to <https://api.github.com/copilot_internal/v2/token> timed out after 120000ms\n    at /home/khel/dotfiles/local/.local/share/nvim/lazy/copilot.lua/copilot/lib/src/network/helix.ts:96:19\n    at processTicksAndRejections (node:internal/process/task_queues:105:5)\n    at jT.fetch (/home/khel/dotfiles/local/.local/share/nvim/lazy/copilot.lua/copilot/lib/src/network/helix.ts:94:22)\n    ... 3 lines matching cause stack trace ...\n    at u8.fetchCopilotTokenEnvelope (/home/khel/dotfiles/local/.local/share/nvim/lazy/copilot.lua/copilot/lib/src/auth/copilotTokenManager.ts:88:29) {\n  [cause]: AbortError: The operation was aborted.\n      at fetch (/home/khel/dotfiles/local/.local/share/nvim/lazy/copilot.lua/copilot/node_modules/@adobe/helix-fetch/src/fetch/index.js:96:13)\n      at processTicksAndRejections (node:internal/process/task_queues:105:5)\n      at cachingFetch (/home/khel/dotfiles/local/.local/share/nvim/lazy/copilot.lua/copilot/node_modules/@adobe/helix-fetch/src/fetch/index.js:288:16)\n      at jT.fetch (/home/khel/dotfiles/local/.local/share/nvim/lazy/copilot.lua/copilot/lib/src/network/helix.ts:94:22)\n      at apiFetch (/home/khel/dotfiles/local/.local/share/nvim/lazy/copilot.lua/copilot/lib/src/network/github.ts:22:12)\n      at fetchCopilotToken (/home/khel/dotfiles/local/.local/share/nvim/lazy/copilot.lua/copilot/lib/src/auth/copilotToken.ts:227:16)\n      at authFromGitHubToken (/home/khel/dotfiles/local/.local/share/nvim/lazy/copilot.lua/copilot/lib/src/auth/copilotToken.ts:150:22)\n      at u8.fetchCopilotTokenEnvelope (/home/khel/dotfiles/local/.local/share/nvim/lazy/copilot.lua/copilot/lib/src/auth/copilotTokenManager.ts:88:29) {\n    type: 'aborted',\n    _name: 'AbortError'\n  }\n}"
[ERROR][2025-06-03 17:52:50] ...lsp/handlers.lua:562	"[lsp] Request getCompletions: HttpTimeoutError: Request to <https://api.github.com/copilot_internal/v2/token> timed out after 120000ms\n    at /home/khel/dotfiles/local/.local/share/nvim/lazy/copilot.lua/copilot/lib/src/network/helix.ts:96:19\n    at processTicksAndRejections (node:internal/process/task_queues:105:5)\n    at jT.fetch (/home/khel/dotfiles/local/.local/share/nvim/lazy/copilot.lua/copilot/lib/src/network/helix.ts:94:22)\n    ... 3 lines matching cause stack trace ...\n    at u8.fetchCopilotTokenEnvelope (/home/khel/dotfiles/local/.local/share/nvim/lazy/copilot.lua/copilot/lib/src/auth/copilotTokenManager.ts:88:29) {\n  [cause]: AbortError: The operation was aborted.\n      at fetch (/home/khel/dotfiles/local/.local/share/nvim/lazy/copilot.lua/copilot/node_modules/@adobe/helix-fetch/src/fetch/index.js:96:13)\n      at processTicksAndRejections (node:internal/process/task_queues:105:5)\n      at cachingFetch (/home/khel/dotfiles/local/.local/share/nvim/lazy/copilot.lua/copilot/node_modules/@adobe/helix-fetch/src/fetch/index.js:288:16)\n      at jT.fetch (/home/khel/dotfiles/local/.local/share/nvim/lazy/copilot.lua/copilot/lib/src/network/helix.ts:94:22)\n      at apiFetch (/home/khel/dotfiles/local/.local/share/nvim/lazy/copilot.lua/copilot/lib/src/network/github.ts:22:12)\n      at fetchCopilotToken (/home/khel/dotfiles/local/.local/share/nvim/lazy/copilot.lua/copilot/lib/src/auth/copilotToken.ts:227:16)\n      at authFromGitHubToken (/home/khel/dotfiles/local/.local/share/nvim/lazy/copilot.lua/copilot/lib/src/auth/copilotToken.ts:150:22)\n      at u8.fetchCopilotTokenEnvelope (/home/khel/dotfiles/local/.local/share/nvim/lazy/copilot.lua/copilot/lib/src/auth/copilotTokenManager.ts:88:29) {\n    type: 'aborted',\n    _name: 'AbortError'\n  }\n}"
[ERROR][2025-06-03 17:52:50] ...lsp/handlers.lua:562	"[lsp] Request getCompletions: HttpTimeoutError: Request to <https://api.github.com/copilot_internal/v2/token> timed out after 120000ms\n    at /home/khel/dotfiles/local/.local/share/nvim/lazy/copilot.lua/copilot/lib/src/network/helix.ts:96:19\n    at processTicksAndRejections (node:internal/process/task_queues:105:5)\n    at jT.fetch (/home/khel/dotfiles/local/.local/share/nvim/lazy/copilot.lua/copilot/lib/src/network/helix.ts:94:22)\n    ... 3 lines matching cause stack trace ...\n    at u8.fetchCopilotTokenEnvelope (/home/khel/dotfiles/local/.local/share/nvim/lazy/copilot.lua/copilot/lib/src/auth/copilotTokenManager.ts:88:29) {\n  [cause]: AbortError: The operation was aborted.\n      at fetch (/home/khel/dotfiles/local/.local/share/nvim/lazy/copilot.lua/copilot/node_modules/@adobe/helix-fetch/src/fetch/index.js:96:13)\n      at processTicksAndRejections (node:internal/process/task_queues:105:5)\n      at cachingFetch (/home/khel/dotfiles/local/.local/share/nvim/lazy/copilot.lua/copilot/node_modules/@adobe/helix-fetch/src/fetch/index.js:288:16)\n      at jT.fetch (/home/khel/dotfiles/local/.local/share/nvim/lazy/copilot.lua/copilot/lib/src/network/helix.ts:94:22)\n      at apiFetch (/home/khel/dotfiles/local/.local/share/nvim/lazy/copilot.lua/copilot/lib/src/network/github.ts:22:12)\n      at fetchCopilotToken (/home/khel/dotfiles/local/.local/share/nvim/lazy/copilot.lua/copilot/lib/src/auth/copilotToken.ts:227:16)\n      at authFromGitHubToken (/home/khel/dotfiles/local/.local/share/nvim/lazy/copilot.lua/copilot/lib/src/auth/copilotToken.ts:150:22)\n      at u8.fetchCopilotTokenEnvelope (/home/khel/dotfiles/local/.local/share/nvim/lazy/copilot.lua/copilot/lib/src/auth/copilotTokenManager.ts:88:29) {\n    type: 'aborted',\n    _name: 'AbortError'\n  }\n}"
[ERROR][2025-06-03 17:53:05] ...p/_transport.lua:36	"rpc"	"golangci-lint-langserver"	"stderr"	'2025/06/03 17:53:05 jsonrpc2 handler: notification "exit" handling error: jsonrpc2: code -32601 message: method not supported: exit\n'
[START][2025-06-03 17:53:09] LSP logging initiated
[ERROR][2025-06-03 17:53:09] ...p/_transport.lua:36	"rpc"	"golangci-lint-langserver"	"stderr"	"2025/06/03 17:53:09 golangci-lint-langserver: connections opened\n"
[ERROR][2025-06-03 18:36:06] ...lsp/handlers.lua:562	"[lsp] Request getCompletions: HttpTimeoutError: Request to <https://api.github.com/copilot_internal/v2/token> timed out after 120000ms\n    at /home/khel/dotfiles/local/.local/share/nvim/lazy/copilot.lua/copilot/lib/src/network/helix.ts:96:19\n    at processTicksAndRejections (node:internal/process/task_queues:105:5)\n    at jT.fetch (/home/khel/dotfiles/local/.local/share/nvim/lazy/copilot.lua/copilot/lib/src/network/helix.ts:94:22)\n    ... 3 lines matching cause stack trace ...\n    at u8.fetchCopilotTokenEnvelope (/home/khel/dotfiles/local/.local/share/nvim/lazy/copilot.lua/copilot/lib/src/auth/copilotTokenManager.ts:88:29) {\n  [cause]: AbortError: The operation was aborted.\n      at fetch (/home/khel/dotfiles/local/.local/share/nvim/lazy/copilot.lua/copilot/node_modules/@adobe/helix-fetch/src/fetch/index.js:96:13)\n      at processTicksAndRejections (node:internal/process/task_queues:105:5)\n      at cachingFetch (/home/khel/dotfiles/local/.local/share/nvim/lazy/copilot.lua/copilot/node_modules/@adobe/helix-fetch/src/fetch/index.js:288:16)\n      at jT.fetch (/home/khel/dotfiles/local/.local/share/nvim/lazy/copilot.lua/copilot/lib/src/network/helix.ts:94:22)\n      at apiFetch (/home/khel/dotfiles/local/.local/share/nvim/lazy/copilot.lua/copilot/lib/src/network/github.ts:22:12)\n      at fetchCopilotToken (/home/khel/dotfiles/local/.local/share/nvim/lazy/copilot.lua/copilot/lib/src/auth/copilotToken.ts:227:16)\n      at authFromGitHubToken (/home/khel/dotfiles/local/.local/share/nvim/lazy/copilot.lua/copilot/lib/src/auth/copilotToken.ts:150:22)\n      at u8.fetchCopilotTokenEnvelope (/home/khel/dotfiles/local/.local/share/nvim/lazy/copilot.lua/copilot/lib/src/auth/copilotTokenManager.ts:88:29) {\n    type: 'aborted',\n    _name: 'AbortError'\n  }\n}"
[ERROR][2025-06-03 18:36:06] ...lsp/handlers.lua:562	"[lsp] Request getCompletions: HttpTimeoutError: Request to <https://api.github.com/copilot_internal/v2/token> timed out after 120000ms\n    at /home/khel/dotfiles/local/.local/share/nvim/lazy/copilot.lua/copilot/lib/src/network/helix.ts:96:19\n    at processTicksAndRejections (node:internal/process/task_queues:105:5)\n    at jT.fetch (/home/khel/dotfiles/local/.local/share/nvim/lazy/copilot.lua/copilot/lib/src/network/helix.ts:94:22)\n    ... 3 lines matching cause stack trace ...\n    at u8.fetchCopilotTokenEnvelope (/home/khel/dotfiles/local/.local/share/nvim/lazy/copilot.lua/copilot/lib/src/auth/copilotTokenManager.ts:88:29) {\n  [cause]: AbortError: The operation was aborted.\n      at fetch (/home/khel/dotfiles/local/.local/share/nvim/lazy/copilot.lua/copilot/node_modules/@adobe/helix-fetch/src/fetch/index.js:96:13)\n      at processTicksAndRejections (node:internal/process/task_queues:105:5)\n      at cachingFetch (/home/khel/dotfiles/local/.local/share/nvim/lazy/copilot.lua/copilot/node_modules/@adobe/helix-fetch/src/fetch/index.js:288:16)\n      at jT.fetch (/home/khel/dotfiles/local/.local/share/nvim/lazy/copilot.lua/copilot/lib/src/network/helix.ts:94:22)\n      at apiFetch (/home/khel/dotfiles/local/.local/share/nvim/lazy/copilot.lua/copilot/lib/src/network/github.ts:22:12)\n      at fetchCopilotToken (/home/khel/dotfiles/local/.local/share/nvim/lazy/copilot.lua/copilot/lib/src/auth/copilotToken.ts:227:16)\n      at authFromGitHubToken (/home/khel/dotfiles/local/.local/share/nvim/lazy/copilot.lua/copilot/lib/src/auth/copilotToken.ts:150:22)\n      at u8.fetchCopilotTokenEnvelope (/home/khel/dotfiles/local/.local/share/nvim/lazy/copilot.lua/copilot/lib/src/auth/copilotTokenManager.ts:88:29) {\n    type: 'aborted',\n    _name: 'AbortError'\n  }\n}"
[ERROR][2025-06-03 18:36:06] ...lsp/handlers.lua:562	"[lsp] Request getCompletions: HttpTimeoutError: Request to <https://api.github.com/copilot_internal/v2/token> timed out after 120000ms\n    at /home/khel/dotfiles/local/.local/share/nvim/lazy/copilot.lua/copilot/lib/src/network/helix.ts:96:19\n    at processTicksAndRejections (node:internal/process/task_queues:105:5)\n    at jT.fetch (/home/khel/dotfiles/local/.local/share/nvim/lazy/copilot.lua/copilot/lib/src/network/helix.ts:94:22)\n    ... 3 lines matching cause stack trace ...\n    at u8.fetchCopilotTokenEnvelope (/home/khel/dotfiles/local/.local/share/nvim/lazy/copilot.lua/copilot/lib/src/auth/copilotTokenManager.ts:88:29) {\n  [cause]: AbortError: The operation was aborted.\n      at fetch (/home/khel/dotfiles/local/.local/share/nvim/lazy/copilot.lua/copilot/node_modules/@adobe/helix-fetch/src/fetch/index.js:96:13)\n      at processTicksAndRejections (node:internal/process/task_queues:105:5)\n      at cachingFetch (/home/khel/dotfiles/local/.local/share/nvim/lazy/copilot.lua/copilot/node_modules/@adobe/helix-fetch/src/fetch/index.js:288:16)\n      at jT.fetch (/home/khel/dotfiles/local/.local/share/nvim/lazy/copilot.lua/copilot/lib/src/network/helix.ts:94:22)\n      at apiFetch (/home/khel/dotfiles/local/.local/share/nvim/lazy/copilot.lua/copilot/lib/src/network/github.ts:22:12)\n      at fetchCopilotToken (/home/khel/dotfiles/local/.local/share/nvim/lazy/copilot.lua/copilot/lib/src/auth/copilotToken.ts:227:16)\n      at authFromGitHubToken (/home/khel/dotfiles/local/.local/share/nvim/lazy/copilot.lua/copilot/lib/src/auth/copilotToken.ts:150:22)\n      at u8.fetchCopilotTokenEnvelope (/home/khel/dotfiles/local/.local/share/nvim/lazy/copilot.lua/copilot/lib/src/auth/copilotTokenManager.ts:88:29) {\n    type: 'aborted',\n    _name: 'AbortError'\n  }\n}"
[ERROR][2025-06-03 18:36:06] ...lsp/handlers.lua:562	"[lsp] Request getCompletions: HttpTimeoutError: Request to <https://api.github.com/copilot_internal/v2/token> timed out after 120000ms\n    at /home/khel/dotfiles/local/.local/share/nvim/lazy/copilot.lua/copilot/lib/src/network/helix.ts:96:19\n    at processTicksAndRejections (node:internal/process/task_queues:105:5)\n    at jT.fetch (/home/khel/dotfiles/local/.local/share/nvim/lazy/copilot.lua/copilot/lib/src/network/helix.ts:94:22)\n    ... 3 lines matching cause stack trace ...\n    at u8.fetchCopilotTokenEnvelope (/home/khel/dotfiles/local/.local/share/nvim/lazy/copilot.lua/copilot/lib/src/auth/copilotTokenManager.ts:88:29) {\n  [cause]: AbortError: The operation was aborted.\n      at fetch (/home/khel/dotfiles/local/.local/share/nvim/lazy/copilot.lua/copilot/node_modules/@adobe/helix-fetch/src/fetch/index.js:96:13)\n      at processTicksAndRejections (node:internal/process/task_queues:105:5)\n      at cachingFetch (/home/khel/dotfiles/local/.local/share/nvim/lazy/copilot.lua/copilot/node_modules/@adobe/helix-fetch/src/fetch/index.js:288:16)\n      at jT.fetch (/home/khel/dotfiles/local/.local/share/nvim/lazy/copilot.lua/copilot/lib/src/network/helix.ts:94:22)\n      at apiFetch (/home/khel/dotfiles/local/.local/share/nvim/lazy/copilot.lua/copilot/lib/src/network/github.ts:22:12)\n      at fetchCopilotToken (/home/khel/dotfiles/local/.local/share/nvim/lazy/copilot.lua/copilot/lib/src/auth/copilotToken.ts:227:16)\n      at authFromGitHubToken (/home/khel/dotfiles/local/.local/share/nvim/lazy/copilot.lua/copilot/lib/src/auth/copilotToken.ts:150:22)\n      at u8.fetchCopilotTokenEnvelope (/home/khel/dotfiles/local/.local/share/nvim/lazy/copilot.lua/copilot/lib/src/auth/copilotTokenManager.ts:88:29) {\n    type: 'aborted',\n    _name: 'AbortError'\n  }\n}"
[ERROR][2025-06-03 18:36:06] ...lsp/handlers.lua:562	"[lsp] Request getCompletions: HttpTimeoutError: Request to <https://api.github.com/copilot_internal/v2/token> timed out after 120000ms\n    at /home/khel/dotfiles/local/.local/share/nvim/lazy/copilot.lua/copilot/lib/src/network/helix.ts:96:19\n    at processTicksAndRejections (node:internal/process/task_queues:105:5)\n    at jT.fetch (/home/khel/dotfiles/local/.local/share/nvim/lazy/copilot.lua/copilot/lib/src/network/helix.ts:94:22)\n    ... 3 lines matching cause stack trace ...\n    at u8.fetchCopilotTokenEnvelope (/home/khel/dotfiles/local/.local/share/nvim/lazy/copilot.lua/copilot/lib/src/auth/copilotTokenManager.ts:88:29) {\n  [cause]: AbortError: The operation was aborted.\n      at fetch (/home/khel/dotfiles/local/.local/share/nvim/lazy/copilot.lua/copilot/node_modules/@adobe/helix-fetch/src/fetch/index.js:96:13)\n      at processTicksAndRejections (node:internal/process/task_queues:105:5)\n      at cachingFetch (/home/khel/dotfiles/local/.local/share/nvim/lazy/copilot.lua/copilot/node_modules/@adobe/helix-fetch/src/fetch/index.js:288:16)\n      at jT.fetch (/home/khel/dotfiles/local/.local/share/nvim/lazy/copilot.lua/copilot/lib/src/network/helix.ts:94:22)\n      at apiFetch (/home/khel/dotfiles/local/.local/share/nvim/lazy/copilot.lua/copilot/lib/src/network/github.ts:22:12)\n      at fetchCopilotToken (/home/khel/dotfiles/local/.local/share/nvim/lazy/copilot.lua/copilot/lib/src/auth/copilotToken.ts:227:16)\n      at authFromGitHubToken (/home/khel/dotfiles/local/.local/share/nvim/lazy/copilot.lua/copilot/lib/src/auth/copilotToken.ts:150:22)\n      at u8.fetchCopilotTokenEnvelope (/home/khel/dotfiles/local/.local/share/nvim/lazy/copilot.lua/copilot/lib/src/auth/copilotTokenManager.ts:88:29) {\n    type: 'aborted',\n    _name: 'AbortError'\n  }\n}"
[ERROR][2025-06-03 18:36:06] ...lsp/handlers.lua:562	"[lsp] Request getCompletions: HttpTimeoutError: Request to <https://api.github.com/copilot_internal/v2/token> timed out after 120000ms\n    at /home/khel/dotfiles/local/.local/share/nvim/lazy/copilot.lua/copilot/lib/src/network/helix.ts:96:19\n    at processTicksAndRejections (node:internal/process/task_queues:105:5)\n    at jT.fetch (/home/khel/dotfiles/local/.local/share/nvim/lazy/copilot.lua/copilot/lib/src/network/helix.ts:94:22)\n    ... 3 lines matching cause stack trace ...\n    at u8.fetchCopilotTokenEnvelope (/home/khel/dotfiles/local/.local/share/nvim/lazy/copilot.lua/copilot/lib/src/auth/copilotTokenManager.ts:88:29) {\n  [cause]: AbortError: The operation was aborted.\n      at fetch (/home/khel/dotfiles/local/.local/share/nvim/lazy/copilot.lua/copilot/node_modules/@adobe/helix-fetch/src/fetch/index.js:96:13)\n      at processTicksAndRejections (node:internal/process/task_queues:105:5)\n      at cachingFetch (/home/khel/dotfiles/local/.local/share/nvim/lazy/copilot.lua/copilot/node_modules/@adobe/helix-fetch/src/fetch/index.js:288:16)\n      at jT.fetch (/home/khel/dotfiles/local/.local/share/nvim/lazy/copilot.lua/copilot/lib/src/network/helix.ts:94:22)\n      at apiFetch (/home/khel/dotfiles/local/.local/share/nvim/lazy/copilot.lua/copilot/lib/src/network/github.ts:22:12)\n      at fetchCopilotToken (/home/khel/dotfiles/local/.local/share/nvim/lazy/copilot.lua/copilot/lib/src/auth/copilotToken.ts:227:16)\n      at authFromGitHubToken (/home/khel/dotfiles/local/.local/share/nvim/lazy/copilot.lua/copilot/lib/src/auth/copilotToken.ts:150:22)\n      at u8.fetchCopilotTokenEnvelope (/home/khel/dotfiles/local/.local/share/nvim/lazy/copilot.lua/copilot/lib/src/auth/copilotTokenManager.ts:88:29) {\n    type: 'aborted',\n    _name: 'AbortError'\n  }\n}"
[ERROR][2025-06-03 18:36:06] ...lsp/handlers.lua:562	"[lsp] Request getCompletions: HttpTimeoutError: Request to <https://api.github.com/copilot_internal/v2/token> timed out after 120000ms\n    at /home/khel/dotfiles/local/.local/share/nvim/lazy/copilot.lua/copilot/lib/src/network/helix.ts:96:19\n    at processTicksAndRejections (node:internal/process/task_queues:105:5)\n    at jT.fetch (/home/khel/dotfiles/local/.local/share/nvim/lazy/copilot.lua/copilot/lib/src/network/helix.ts:94:22)\n    ... 3 lines matching cause stack trace ...\n    at u8.fetchCopilotTokenEnvelope (/home/khel/dotfiles/local/.local/share/nvim/lazy/copilot.lua/copilot/lib/src/auth/copilotTokenManager.ts:88:29) {\n  [cause]: AbortError: The operation was aborted.\n      at fetch (/home/khel/dotfiles/local/.local/share/nvim/lazy/copilot.lua/copilot/node_modules/@adobe/helix-fetch/src/fetch/index.js:96:13)\n      at processTicksAndRejections (node:internal/process/task_queues:105:5)\n      at cachingFetch (/home/khel/dotfiles/local/.local/share/nvim/lazy/copilot.lua/copilot/node_modules/@adobe/helix-fetch/src/fetch/index.js:288:16)\n      at jT.fetch (/home/khel/dotfiles/local/.local/share/nvim/lazy/copilot.lua/copilot/lib/src/network/helix.ts:94:22)\n      at apiFetch (/home/khel/dotfiles/local/.local/share/nvim/lazy/copilot.lua/copilot/lib/src/network/github.ts:22:12)\n      at fetchCopilotToken (/home/khel/dotfiles/local/.local/share/nvim/lazy/copilot.lua/copilot/lib/src/auth/copilotToken.ts:227:16)\n      at authFromGitHubToken (/home/khel/dotfiles/local/.local/share/nvim/lazy/copilot.lua/copilot/lib/src/auth/copilotToken.ts:150:22)\n      at u8.fetchCopilotTokenEnvelope (/home/khel/dotfiles/local/.local/share/nvim/lazy/copilot.lua/copilot/lib/src/auth/copilotTokenManager.ts:88:29) {\n    type: 'aborted',\n    _name: 'AbortError'\n  }\n}"
[ERROR][2025-06-03 18:36:06] ...lsp/handlers.lua:562	"[lsp] Request getCompletions: HttpTimeoutError: Request to <https://api.github.com/copilot_internal/v2/token> timed out after 120000ms\n    at /home/khel/dotfiles/local/.local/share/nvim/lazy/copilot.lua/copilot/lib/src/network/helix.ts:96:19\n    at processTicksAndRejections (node:internal/process/task_queues:105:5)\n    at jT.fetch (/home/khel/dotfiles/local/.local/share/nvim/lazy/copilot.lua/copilot/lib/src/network/helix.ts:94:22)\n    ... 3 lines matching cause stack trace ...\n    at u8.fetchCopilotTokenEnvelope (/home/khel/dotfiles/local/.local/share/nvim/lazy/copilot.lua/copilot/lib/src/auth/copilotTokenManager.ts:88:29) {\n  [cause]: AbortError: The operation was aborted.\n      at fetch (/home/khel/dotfiles/local/.local/share/nvim/lazy/copilot.lua/copilot/node_modules/@adobe/helix-fetch/src/fetch/index.js:96:13)\n      at processTicksAndRejections (node:internal/process/task_queues:105:5)\n      at cachingFetch (/home/khel/dotfiles/local/.local/share/nvim/lazy/copilot.lua/copilot/node_modules/@adobe/helix-fetch/src/fetch/index.js:288:16)\n      at jT.fetch (/home/khel/dotfiles/local/.local/share/nvim/lazy/copilot.lua/copilot/lib/src/network/helix.ts:94:22)\n      at apiFetch (/home/khel/dotfiles/local/.local/share/nvim/lazy/copilot.lua/copilot/lib/src/network/github.ts:22:12)\n      at fetchCopilotToken (/home/khel/dotfiles/local/.local/share/nvim/lazy/copilot.lua/copilot/lib/src/auth/copilotToken.ts:227:16)\n      at authFromGitHubToken (/home/khel/dotfiles/local/.local/share/nvim/lazy/copilot.lua/copilot/lib/src/auth/copilotToken.ts:150:22)\n      at u8.fetchCopilotTokenEnvelope (/home/khel/dotfiles/local/.local/share/nvim/lazy/copilot.lua/copilot/lib/src/auth/copilotTokenManager.ts:88:29) {\n    type: 'aborted',\n    _name: 'AbortError'\n  }\n}"
[ERROR][2025-06-03 18:36:06] ...lsp/handlers.lua:562	"[lsp] Request getCompletions: HttpTimeoutError: Request to <https://api.github.com/copilot_internal/v2/token> timed out after 120000ms\n    at /home/khel/dotfiles/local/.local/share/nvim/lazy/copilot.lua/copilot/lib/src/network/helix.ts:96:19\n    at processTicksAndRejections (node:internal/process/task_queues:105:5)\n    at jT.fetch (/home/khel/dotfiles/local/.local/share/nvim/lazy/copilot.lua/copilot/lib/src/network/helix.ts:94:22)\n    ... 3 lines matching cause stack trace ...\n    at u8.fetchCopilotTokenEnvelope (/home/khel/dotfiles/local/.local/share/nvim/lazy/copilot.lua/copilot/lib/src/auth/copilotTokenManager.ts:88:29) {\n  [cause]: AbortError: The operation was aborted.\n      at fetch (/home/khel/dotfiles/local/.local/share/nvim/lazy/copilot.lua/copilot/node_modules/@adobe/helix-fetch/src/fetch/index.js:96:13)\n      at processTicksAndRejections (node:internal/process/task_queues:105:5)\n      at cachingFetch (/home/khel/dotfiles/local/.local/share/nvim/lazy/copilot.lua/copilot/node_modules/@adobe/helix-fetch/src/fetch/index.js:288:16)\n      at jT.fetch (/home/khel/dotfiles/local/.local/share/nvim/lazy/copilot.lua/copilot/lib/src/network/helix.ts:94:22)\n      at apiFetch (/home/khel/dotfiles/local/.local/share/nvim/lazy/copilot.lua/copilot/lib/src/network/github.ts:22:12)\n      at fetchCopilotToken (/home/khel/dotfiles/local/.local/share/nvim/lazy/copilot.lua/copilot/lib/src/auth/copilotToken.ts:227:16)\n      at authFromGitHubToken (/home/khel/dotfiles/local/.local/share/nvim/lazy/copilot.lua/copilot/lib/src/auth/copilotToken.ts:150:22)\n      at u8.fetchCopilotTokenEnvelope (/home/khel/dotfiles/local/.local/share/nvim/lazy/copilot.lua/copilot/lib/src/auth/copilotTokenManager.ts:88:29) {\n    type: 'aborted',\n    _name: 'AbortError'\n  }\n}"
[ERROR][2025-06-03 18:36:06] ...lsp/handlers.lua:562	"[lsp] Request getCompletions: HttpTimeoutError: Request to <https://api.github.com/copilot_internal/v2/token> timed out after 120000ms\n    at /home/khel/dotfiles/local/.local/share/nvim/lazy/copilot.lua/copilot/lib/src/network/helix.ts:96:19\n    at processTicksAndRejections (node:internal/process/task_queues:105:5)\n    at jT.fetch (/home/khel/dotfiles/local/.local/share/nvim/lazy/copilot.lua/copilot/lib/src/network/helix.ts:94:22)\n    ... 3 lines matching cause stack trace ...\n    at u8.fetchCopilotTokenEnvelope (/home/khel/dotfiles/local/.local/share/nvim/lazy/copilot.lua/copilot/lib/src/auth/copilotTokenManager.ts:88:29) {\n  [cause]: AbortError: The operation was aborted.\n      at fetch (/home/khel/dotfiles/local/.local/share/nvim/lazy/copilot.lua/copilot/node_modules/@adobe/helix-fetch/src/fetch/index.js:96:13)\n      at processTicksAndRejections (node:internal/process/task_queues:105:5)\n      at cachingFetch (/home/khel/dotfiles/local/.local/share/nvim/lazy/copilot.lua/copilot/node_modules/@adobe/helix-fetch/src/fetch/index.js:288:16)\n      at jT.fetch (/home/khel/dotfiles/local/.local/share/nvim/lazy/copilot.lua/copilot/lib/src/network/helix.ts:94:22)\n      at apiFetch (/home/khel/dotfiles/local/.local/share/nvim/lazy/copilot.lua/copilot/lib/src/network/github.ts:22:12)\n      at fetchCopilotToken (/home/khel/dotfiles/local/.local/share/nvim/lazy/copilot.lua/copilot/lib/src/auth/copilotToken.ts:227:16)\n      at authFromGitHubToken (/home/khel/dotfiles/local/.local/share/nvim/lazy/copilot.lua/copilot/lib/src/auth/copilotToken.ts:150:22)\n      at u8.fetchCopilotTokenEnvelope (/home/khel/dotfiles/local/.local/share/nvim/lazy/copilot.lua/copilot/lib/src/auth/copilotTokenManager.ts:88:29) {\n    type: 'aborted',\n    _name: 'AbortError'\n  }\n}"
[ERROR][2025-06-03 18:36:06] ...lsp/handlers.lua:562	"[lsp] Request getCompletions: HttpTimeoutError: Request to <https://api.github.com/copilot_internal/v2/token> timed out after 120000ms\n    at /home/khel/dotfiles/local/.local/share/nvim/lazy/copilot.lua/copilot/lib/src/network/helix.ts:96:19\n    at processTicksAndRejections (node:internal/process/task_queues:105:5)\n    at jT.fetch (/home/khel/dotfiles/local/.local/share/nvim/lazy/copilot.lua/copilot/lib/src/network/helix.ts:94:22)\n    ... 3 lines matching cause stack trace ...\n    at u8.fetchCopilotTokenEnvelope (/home/khel/dotfiles/local/.local/share/nvim/lazy/copilot.lua/copilot/lib/src/auth/copilotTokenManager.ts:88:29) {\n  [cause]: AbortError: The operation was aborted.\n      at fetch (/home/khel/dotfiles/local/.local/share/nvim/lazy/copilot.lua/copilot/node_modules/@adobe/helix-fetch/src/fetch/index.js:96:13)\n      at processTicksAndRejections (node:internal/process/task_queues:105:5)\n      at cachingFetch (/home/khel/dotfiles/local/.local/share/nvim/lazy/copilot.lua/copilot/node_modules/@adobe/helix-fetch/src/fetch/index.js:288:16)\n      at jT.fetch (/home/khel/dotfiles/local/.local/share/nvim/lazy/copilot.lua/copilot/lib/src/network/helix.ts:94:22)\n      at apiFetch (/home/khel/dotfiles/local/.local/share/nvim/lazy/copilot.lua/copilot/lib/src/network/github.ts:22:12)\n      at fetchCopilotToken (/home/khel/dotfiles/local/.local/share/nvim/lazy/copilot.lua/copilot/lib/src/auth/copilotToken.ts:227:16)\n      at authFromGitHubToken (/home/khel/dotfiles/local/.local/share/nvim/lazy/copilot.lua/copilot/lib/src/auth/copilotToken.ts:150:22)\n      at u8.fetchCopilotTokenEnvelope (/home/khel/dotfiles/local/.local/share/nvim/lazy/copilot.lua/copilot/lib/src/auth/copilotTokenManager.ts:88:29) {\n    type: 'aborted',\n    _name: 'AbortError'\n  }\n}"
[ERROR][2025-06-03 18:36:06] ...lsp/handlers.lua:562	"[lsp] Request getCompletions: HttpTimeoutError: Request to <https://api.github.com/copilot_internal/v2/token> timed out after 120000ms\n    at /home/khel/dotfiles/local/.local/share/nvim/lazy/copilot.lua/copilot/lib/src/network/helix.ts:96:19\n    at processTicksAndRejections (node:internal/process/task_queues:105:5)\n    at jT.fetch (/home/khel/dotfiles/local/.local/share/nvim/lazy/copilot.lua/copilot/lib/src/network/helix.ts:94:22)\n    ... 3 lines matching cause stack trace ...\n    at u8.fetchCopilotTokenEnvelope (/home/khel/dotfiles/local/.local/share/nvim/lazy/copilot.lua/copilot/lib/src/auth/copilotTokenManager.ts:88:29) {\n  [cause]: AbortError: The operation was aborted.\n      at fetch (/home/khel/dotfiles/local/.local/share/nvim/lazy/copilot.lua/copilot/node_modules/@adobe/helix-fetch/src/fetch/index.js:96:13)\n      at processTicksAndRejections (node:internal/process/task_queues:105:5)\n      at cachingFetch (/home/khel/dotfiles/local/.local/share/nvim/lazy/copilot.lua/copilot/node_modules/@adobe/helix-fetch/src/fetch/index.js:288:16)\n      at jT.fetch (/home/khel/dotfiles/local/.local/share/nvim/lazy/copilot.lua/copilot/lib/src/network/helix.ts:94:22)\n      at apiFetch (/home/khel/dotfiles/local/.local/share/nvim/lazy/copilot.lua/copilot/lib/src/network/github.ts:22:12)\n      at fetchCopilotToken (/home/khel/dotfiles/local/.local/share/nvim/lazy/copilot.lua/copilot/lib/src/auth/copilotToken.ts:227:16)\n      at authFromGitHubToken (/home/khel/dotfiles/local/.local/share/nvim/lazy/copilot.lua/copilot/lib/src/auth/copilotToken.ts:150:22)\n      at u8.fetchCopilotTokenEnvelope (/home/khel/dotfiles/local/.local/share/nvim/lazy/copilot.lua/copilot/lib/src/auth/copilotTokenManager.ts:88:29) {\n    type: 'aborted',\n    _name: 'AbortError'\n  }\n}"
[ERROR][2025-06-03 18:36:06] ...lsp/handlers.lua:562	"[lsp] Request getCompletions: HttpTimeoutError: Request to <https://api.github.com/copilot_internal/v2/token> timed out after 120000ms\n    at /home/khel/dotfiles/local/.local/share/nvim/lazy/copilot.lua/copilot/lib/src/network/helix.ts:96:19\n    at processTicksAndRejections (node:internal/process/task_queues:105:5)\n    at jT.fetch (/home/khel/dotfiles/local/.local/share/nvim/lazy/copilot.lua/copilot/lib/src/network/helix.ts:94:22)\n    ... 3 lines matching cause stack trace ...\n    at u8.fetchCopilotTokenEnvelope (/home/khel/dotfiles/local/.local/share/nvim/lazy/copilot.lua/copilot/lib/src/auth/copilotTokenManager.ts:88:29) {\n  [cause]: AbortError: The operation was aborted.\n      at fetch (/home/khel/dotfiles/local/.local/share/nvim/lazy/copilot.lua/copilot/node_modules/@adobe/helix-fetch/src/fetch/index.js:96:13)\n      at processTicksAndRejections (node:internal/process/task_queues:105:5)\n      at cachingFetch (/home/khel/dotfiles/local/.local/share/nvim/lazy/copilot.lua/copilot/node_modules/@adobe/helix-fetch/src/fetch/index.js:288:16)\n      at jT.fetch (/home/khel/dotfiles/local/.local/share/nvim/lazy/copilot.lua/copilot/lib/src/network/helix.ts:94:22)\n      at apiFetch (/home/khel/dotfiles/local/.local/share/nvim/lazy/copilot.lua/copilot/lib/src/network/github.ts:22:12)\n      at fetchCopilotToken (/home/khel/dotfiles/local/.local/share/nvim/lazy/copilot.lua/copilot/lib/src/auth/copilotToken.ts:227:16)\n      at authFromGitHubToken (/home/khel/dotfiles/local/.local/share/nvim/lazy/copilot.lua/copilot/lib/src/auth/copilotToken.ts:150:22)\n      at u8.fetchCopilotTokenEnvelope (/home/khel/dotfiles/local/.local/share/nvim/lazy/copilot.lua/copilot/lib/src/auth/copilotTokenManager.ts:88:29) {\n    type: 'aborted',\n    _name: 'AbortError'\n  }\n}"
[ERROR][2025-06-03 18:36:06] ...lsp/handlers.lua:562	"[lsp] Request getCompletions: HttpTimeoutError: Request to <https://api.github.com/copilot_internal/v2/token> timed out after 120000ms\n    at /home/khel/dotfiles/local/.local/share/nvim/lazy/copilot.lua/copilot/lib/src/network/helix.ts:96:19\n    at processTicksAndRejections (node:internal/process/task_queues:105:5)\n    at jT.fetch (/home/khel/dotfiles/local/.local/share/nvim/lazy/copilot.lua/copilot/lib/src/network/helix.ts:94:22)\n    ... 3 lines matching cause stack trace ...\n    at u8.fetchCopilotTokenEnvelope (/home/khel/dotfiles/local/.local/share/nvim/lazy/copilot.lua/copilot/lib/src/auth/copilotTokenManager.ts:88:29) {\n  [cause]: AbortError: The operation was aborted.\n      at fetch (/home/khel/dotfiles/local/.local/share/nvim/lazy/copilot.lua/copilot/node_modules/@adobe/helix-fetch/src/fetch/index.js:96:13)\n      at processTicksAndRejections (node:internal/process/task_queues:105:5)\n      at cachingFetch (/home/khel/dotfiles/local/.local/share/nvim/lazy/copilot.lua/copilot/node_modules/@adobe/helix-fetch/src/fetch/index.js:288:16)\n      at jT.fetch (/home/khel/dotfiles/local/.local/share/nvim/lazy/copilot.lua/copilot/lib/src/network/helix.ts:94:22)\n      at apiFetch (/home/khel/dotfiles/local/.local/share/nvim/lazy/copilot.lua/copilot/lib/src/network/github.ts:22:12)\n      at fetchCopilotToken (/home/khel/dotfiles/local/.local/share/nvim/lazy/copilot.lua/copilot/lib/src/auth/copilotToken.ts:227:16)\n      at authFromGitHubToken (/home/khel/dotfiles/local/.local/share/nvim/lazy/copilot.lua/copilot/lib/src/auth/copilotToken.ts:150:22)\n      at u8.fetchCopilotTokenEnvelope (/home/khel/dotfiles/local/.local/share/nvim/lazy/copilot.lua/copilot/lib/src/auth/copilotTokenManager.ts:88:29) {\n    type: 'aborted',\n    _name: 'AbortError'\n  }\n}"
[ERROR][2025-06-03 18:36:06] ...lsp/handlers.lua:562	"[lsp] Request getCompletions: HttpTimeoutError: Request to <https://api.github.com/copilot_internal/v2/token> timed out after 120000ms\n    at /home/khel/dotfiles/local/.local/share/nvim/lazy/copilot.lua/copilot/lib/src/network/helix.ts:96:19\n    at processTicksAndRejections (node:internal/process/task_queues:105:5)\n    at jT.fetch (/home/khel/dotfiles/local/.local/share/nvim/lazy/copilot.lua/copilot/lib/src/network/helix.ts:94:22)\n    ... 3 lines matching cause stack trace ...\n    at u8.fetchCopilotTokenEnvelope (/home/khel/dotfiles/local/.local/share/nvim/lazy/copilot.lua/copilot/lib/src/auth/copilotTokenManager.ts:88:29) {\n  [cause]: AbortError: The operation was aborted.\n      at fetch (/home/khel/dotfiles/local/.local/share/nvim/lazy/copilot.lua/copilot/node_modules/@adobe/helix-fetch/src/fetch/index.js:96:13)\n      at processTicksAndRejections (node:internal/process/task_queues:105:5)\n      at cachingFetch (/home/khel/dotfiles/local/.local/share/nvim/lazy/copilot.lua/copilot/node_modules/@adobe/helix-fetch/src/fetch/index.js:288:16)\n      at jT.fetch (/home/khel/dotfiles/local/.local/share/nvim/lazy/copilot.lua/copilot/lib/src/network/helix.ts:94:22)\n      at apiFetch (/home/khel/dotfiles/local/.local/share/nvim/lazy/copilot.lua/copilot/lib/src/network/github.ts:22:12)\n      at fetchCopilotToken (/home/khel/dotfiles/local/.local/share/nvim/lazy/copilot.lua/copilot/lib/src/auth/copilotToken.ts:227:16)\n      at authFromGitHubToken (/home/khel/dotfiles/local/.local/share/nvim/lazy/copilot.lua/copilot/lib/src/auth/copilotToken.ts:150:22)\n      at u8.fetchCopilotTokenEnvelope (/home/khel/dotfiles/local/.local/share/nvim/lazy/copilot.lua/copilot/lib/src/auth/copilotTokenManager.ts:88:29) {\n    type: 'aborted',\n    _name: 'AbortError'\n  }\n}"
[ERROR][2025-06-03 18:36:06] ...lsp/handlers.lua:562	"[lsp] Request getCompletions: HttpTimeoutError: Request to <https://api.github.com/copilot_internal/v2/token> timed out after 120000ms\n    at /home/khel/dotfiles/local/.local/share/nvim/lazy/copilot.lua/copilot/lib/src/network/helix.ts:96:19\n    at processTicksAndRejections (node:internal/process/task_queues:105:5)\n    at jT.fetch (/home/khel/dotfiles/local/.local/share/nvim/lazy/copilot.lua/copilot/lib/src/network/helix.ts:94:22)\n    ... 3 lines matching cause stack trace ...\n    at u8.fetchCopilotTokenEnvelope (/home/khel/dotfiles/local/.local/share/nvim/lazy/copilot.lua/copilot/lib/src/auth/copilotTokenManager.ts:88:29) {\n  [cause]: AbortError: The operation was aborted.\n      at fetch (/home/khel/dotfiles/local/.local/share/nvim/lazy/copilot.lua/copilot/node_modules/@adobe/helix-fetch/src/fetch/index.js:96:13)\n      at processTicksAndRejections (node:internal/process/task_queues:105:5)\n      at cachingFetch (/home/khel/dotfiles/local/.local/share/nvim/lazy/copilot.lua/copilot/node_modules/@adobe/helix-fetch/src/fetch/index.js:288:16)\n      at jT.fetch (/home/khel/dotfiles/local/.local/share/nvim/lazy/copilot.lua/copilot/lib/src/network/helix.ts:94:22)\n      at apiFetch (/home/khel/dotfiles/local/.local/share/nvim/lazy/copilot.lua/copilot/lib/src/network/github.ts:22:12)\n      at fetchCopilotToken (/home/khel/dotfiles/local/.local/share/nvim/lazy/copilot.lua/copilot/lib/src/auth/copilotToken.ts:227:16)\n      at authFromGitHubToken (/home/khel/dotfiles/local/.local/share/nvim/lazy/copilot.lua/copilot/lib/src/auth/copilotToken.ts:150:22)\n      at u8.fetchCopilotTokenEnvelope (/home/khel/dotfiles/local/.local/share/nvim/lazy/copilot.lua/copilot/lib/src/auth/copilotTokenManager.ts:88:29) {\n    type: 'aborted',\n    _name: 'AbortError'\n  }\n}"
[ERROR][2025-06-03 18:36:06] ...lsp/handlers.lua:562	"[lsp] Request getCompletions: HttpTimeoutError: Request to <https://api.github.com/copilot_internal/v2/token> timed out after 120000ms\n    at /home/khel/dotfiles/local/.local/share/nvim/lazy/copilot.lua/copilot/lib/src/network/helix.ts:96:19\n    at processTicksAndRejections (node:internal/process/task_queues:105:5)\n    at jT.fetch (/home/khel/dotfiles/local/.local/share/nvim/lazy/copilot.lua/copilot/lib/src/network/helix.ts:94:22)\n    ... 3 lines matching cause stack trace ...\n    at u8.fetchCopilotTokenEnvelope (/home/khel/dotfiles/local/.local/share/nvim/lazy/copilot.lua/copilot/lib/src/auth/copilotTokenManager.ts:88:29) {\n  [cause]: AbortError: The operation was aborted.\n      at fetch (/home/khel/dotfiles/local/.local/share/nvim/lazy/copilot.lua/copilot/node_modules/@adobe/helix-fetch/src/fetch/index.js:96:13)\n      at processTicksAndRejections (node:internal/process/task_queues:105:5)\n      at cachingFetch (/home/khel/dotfiles/local/.local/share/nvim/lazy/copilot.lua/copilot/node_modules/@adobe/helix-fetch/src/fetch/index.js:288:16)\n      at jT.fetch (/home/khel/dotfiles/local/.local/share/nvim/lazy/copilot.lua/copilot/lib/src/network/helix.ts:94:22)\n      at apiFetch (/home/khel/dotfiles/local/.local/share/nvim/lazy/copilot.lua/copilot/lib/src/network/github.ts:22:12)\n      at fetchCopilotToken (/home/khel/dotfiles/local/.local/share/nvim/lazy/copilot.lua/copilot/lib/src/auth/copilotToken.ts:227:16)\n      at authFromGitHubToken (/home/khel/dotfiles/local/.local/share/nvim/lazy/copilot.lua/copilot/lib/src/auth/copilotToken.ts:150:22)\n      at u8.fetchCopilotTokenEnvelope (/home/khel/dotfiles/local/.local/share/nvim/lazy/copilot.lua/copilot/lib/src/auth/copilotTokenManager.ts:88:29) {\n    type: 'aborted',\n    _name: 'AbortError'\n  }\n}"
[ERROR][2025-06-03 18:36:06] ...lsp/handlers.lua:562	"[lsp] Request getCompletions: HttpTimeoutError: Request to <https://api.github.com/copilot_internal/v2/token> timed out after 120000ms\n    at /home/khel/dotfiles/local/.local/share/nvim/lazy/copilot.lua/copilot/lib/src/network/helix.ts:96:19\n    at processTicksAndRejections (node:internal/process/task_queues:105:5)\n    at jT.fetch (/home/khel/dotfiles/local/.local/share/nvim/lazy/copilot.lua/copilot/lib/src/network/helix.ts:94:22)\n    ... 3 lines matching cause stack trace ...\n    at u8.fetchCopilotTokenEnvelope (/home/khel/dotfiles/local/.local/share/nvim/lazy/copilot.lua/copilot/lib/src/auth/copilotTokenManager.ts:88:29) {\n  [cause]: AbortError: The operation was aborted.\n      at fetch (/home/khel/dotfiles/local/.local/share/nvim/lazy/copilot.lua/copilot/node_modules/@adobe/helix-fetch/src/fetch/index.js:96:13)\n      at processTicksAndRejections (node:internal/process/task_queues:105:5)\n      at cachingFetch (/home/khel/dotfiles/local/.local/share/nvim/lazy/copilot.lua/copilot/node_modules/@adobe/helix-fetch/src/fetch/index.js:288:16)\n      at jT.fetch (/home/khel/dotfiles/local/.local/share/nvim/lazy/copilot.lua/copilot/lib/src/network/helix.ts:94:22)\n      at apiFetch (/home/khel/dotfiles/local/.local/share/nvim/lazy/copilot.lua/copilot/lib/src/network/github.ts:22:12)\n      at fetchCopilotToken (/home/khel/dotfiles/local/.local/share/nvim/lazy/copilot.lua/copilot/lib/src/auth/copilotToken.ts:227:16)\n      at authFromGitHubToken (/home/khel/dotfiles/local/.local/share/nvim/lazy/copilot.lua/copilot/lib/src/auth/copilotToken.ts:150:22)\n      at u8.fetchCopilotTokenEnvelope (/home/khel/dotfiles/local/.local/share/nvim/lazy/copilot.lua/copilot/lib/src/auth/copilotTokenManager.ts:88:29) {\n    type: 'aborted',\n    _name: 'AbortError'\n  }\n}"
[ERROR][2025-06-03 18:36:06] ...lsp/handlers.lua:562	"[lsp] Request getCompletions: HttpTimeoutError: Request to <https://api.github.com/copilot_internal/v2/token> timed out after 120000ms\n    at /home/khel/dotfiles/local/.local/share/nvim/lazy/copilot.lua/copilot/lib/src/network/helix.ts:96:19\n    at processTicksAndRejections (node:internal/process/task_queues:105:5)\n    at jT.fetch (/home/khel/dotfiles/local/.local/share/nvim/lazy/copilot.lua/copilot/lib/src/network/helix.ts:94:22)\n    ... 3 lines matching cause stack trace ...\n    at u8.fetchCopilotTokenEnvelope (/home/khel/dotfiles/local/.local/share/nvim/lazy/copilot.lua/copilot/lib/src/auth/copilotTokenManager.ts:88:29) {\n  [cause]: AbortError: The operation was aborted.\n      at fetch (/home/khel/dotfiles/local/.local/share/nvim/lazy/copilot.lua/copilot/node_modules/@adobe/helix-fetch/src/fetch/index.js:96:13)\n      at processTicksAndRejections (node:internal/process/task_queues:105:5)\n      at cachingFetch (/home/khel/dotfiles/local/.local/share/nvim/lazy/copilot.lua/copilot/node_modules/@adobe/helix-fetch/src/fetch/index.js:288:16)\n      at jT.fetch (/home/khel/dotfiles/local/.local/share/nvim/lazy/copilot.lua/copilot/lib/src/network/helix.ts:94:22)\n      at apiFetch (/home/khel/dotfiles/local/.local/share/nvim/lazy/copilot.lua/copilot/lib/src/network/github.ts:22:12)\n      at fetchCopilotToken (/home/khel/dotfiles/local/.local/share/nvim/lazy/copilot.lua/copilot/lib/src/auth/copilotToken.ts:227:16)\n      at authFromGitHubToken (/home/khel/dotfiles/local/.local/share/nvim/lazy/copilot.lua/copilot/lib/src/auth/copilotToken.ts:150:22)\n      at u8.fetchCopilotTokenEnvelope (/home/khel/dotfiles/local/.local/share/nvim/lazy/copilot.lua/copilot/lib/src/auth/copilotTokenManager.ts:88:29) {\n    type: 'aborted',\n    _name: 'AbortError'\n  }\n}"
[ERROR][2025-06-03 18:36:06] ...lsp/handlers.lua:562	"[lsp] Request getCompletions: HttpTimeoutError: Request to <https://api.github.com/copilot_internal/v2/token> timed out after 120000ms\n    at /home/khel/dotfiles/local/.local/share/nvim/lazy/copilot.lua/copilot/lib/src/network/helix.ts:96:19\n    at processTicksAndRejections (node:internal/process/task_queues:105:5)\n    at jT.fetch (/home/khel/dotfiles/local/.local/share/nvim/lazy/copilot.lua/copilot/lib/src/network/helix.ts:94:22)\n    ... 3 lines matching cause stack trace ...\n    at u8.fetchCopilotTokenEnvelope (/home/khel/dotfiles/local/.local/share/nvim/lazy/copilot.lua/copilot/lib/src/auth/copilotTokenManager.ts:88:29) {\n  [cause]: AbortError: The operation was aborted.\n      at fetch (/home/khel/dotfiles/local/.local/share/nvim/lazy/copilot.lua/copilot/node_modules/@adobe/helix-fetch/src/fetch/index.js:96:13)\n      at processTicksAndRejections (node:internal/process/task_queues:105:5)\n      at cachingFetch (/home/khel/dotfiles/local/.local/share/nvim/lazy/copilot.lua/copilot/node_modules/@adobe/helix-fetch/src/fetch/index.js:288:16)\n      at jT.fetch (/home/khel/dotfiles/local/.local/share/nvim/lazy/copilot.lua/copilot/lib/src/network/helix.ts:94:22)\n      at apiFetch (/home/khel/dotfiles/local/.local/share/nvim/lazy/copilot.lua/copilot/lib/src/network/github.ts:22:12)\n      at fetchCopilotToken (/home/khel/dotfiles/local/.local/share/nvim/lazy/copilot.lua/copilot/lib/src/auth/copilotToken.ts:227:16)\n      at authFromGitHubToken (/home/khel/dotfiles/local/.local/share/nvim/lazy/copilot.lua/copilot/lib/src/auth/copilotToken.ts:150:22)\n      at u8.fetchCopilotTokenEnvelope (/home/khel/dotfiles/local/.local/share/nvim/lazy/copilot.lua/copilot/lib/src/auth/copilotTokenManager.ts:88:29) {\n    type: 'aborted',\n    _name: 'AbortError'\n  }\n}"
[ERROR][2025-06-03 18:36:06] ...lsp/handlers.lua:562	"[lsp] Request getCompletions: HttpTimeoutError: Request to <https://api.github.com/copilot_internal/v2/token> timed out after 120000ms\n    at /home/khel/dotfiles/local/.local/share/nvim/lazy/copilot.lua/copilot/lib/src/network/helix.ts:96:19\n    at processTicksAndRejections (node:internal/process/task_queues:105:5)\n    at jT.fetch (/home/khel/dotfiles/local/.local/share/nvim/lazy/copilot.lua/copilot/lib/src/network/helix.ts:94:22)\n    ... 3 lines matching cause stack trace ...\n    at u8.fetchCopilotTokenEnvelope (/home/khel/dotfiles/local/.local/share/nvim/lazy/copilot.lua/copilot/lib/src/auth/copilotTokenManager.ts:88:29) {\n  [cause]: AbortError: The operation was aborted.\n      at fetch (/home/khel/dotfiles/local/.local/share/nvim/lazy/copilot.lua/copilot/node_modules/@adobe/helix-fetch/src/fetch/index.js:96:13)\n      at processTicksAndRejections (node:internal/process/task_queues:105:5)\n      at cachingFetch (/home/khel/dotfiles/local/.local/share/nvim/lazy/copilot.lua/copilot/node_modules/@adobe/helix-fetch/src/fetch/index.js:288:16)\n      at jT.fetch (/home/khel/dotfiles/local/.local/share/nvim/lazy/copilot.lua/copilot/lib/src/network/helix.ts:94:22)\n      at apiFetch (/home/khel/dotfiles/local/.local/share/nvim/lazy/copilot.lua/copilot/lib/src/network/github.ts:22:12)\n      at fetchCopilotToken (/home/khel/dotfiles/local/.local/share/nvim/lazy/copilot.lua/copilot/lib/src/auth/copilotToken.ts:227:16)\n      at authFromGitHubToken (/home/khel/dotfiles/local/.local/share/nvim/lazy/copilot.lua/copilot/lib/src/auth/copilotToken.ts:150:22)\n      at u8.fetchCopilotTokenEnvelope (/home/khel/dotfiles/local/.local/share/nvim/lazy/copilot.lua/copilot/lib/src/auth/copilotTokenManager.ts:88:29) {\n    type: 'aborted',\n    _name: 'AbortError'\n  }\n}"
[ERROR][2025-06-03 18:36:06] ...lsp/handlers.lua:562	"[lsp] Request getCompletions: HttpTimeoutError: Request to <https://api.github.com/copilot_internal/v2/token> timed out after 120000ms\n    at /home/khel/dotfiles/local/.local/share/nvim/lazy/copilot.lua/copilot/lib/src/network/helix.ts:96:19\n    at processTicksAndRejections (node:internal/process/task_queues:105:5)\n    at jT.fetch (/home/khel/dotfiles/local/.local/share/nvim/lazy/copilot.lua/copilot/lib/src/network/helix.ts:94:22)\n    ... 3 lines matching cause stack trace ...\n    at u8.fetchCopilotTokenEnvelope (/home/khel/dotfiles/local/.local/share/nvim/lazy/copilot.lua/copilot/lib/src/auth/copilotTokenManager.ts:88:29) {\n  [cause]: AbortError: The operation was aborted.\n      at fetch (/home/khel/dotfiles/local/.local/share/nvim/lazy/copilot.lua/copilot/node_modules/@adobe/helix-fetch/src/fetch/index.js:96:13)\n      at processTicksAndRejections (node:internal/process/task_queues:105:5)\n      at cachingFetch (/home/khel/dotfiles/local/.local/share/nvim/lazy/copilot.lua/copilot/node_modules/@adobe/helix-fetch/src/fetch/index.js:288:16)\n      at jT.fetch (/home/khel/dotfiles/local/.local/share/nvim/lazy/copilot.lua/copilot/lib/src/network/helix.ts:94:22)\n      at apiFetch (/home/khel/dotfiles/local/.local/share/nvim/lazy/copilot.lua/copilot/lib/src/network/github.ts:22:12)\n      at fetchCopilotToken (/home/khel/dotfiles/local/.local/share/nvim/lazy/copilot.lua/copilot/lib/src/auth/copilotToken.ts:227:16)\n      at authFromGitHubToken (/home/khel/dotfiles/local/.local/share/nvim/lazy/copilot.lua/copilot/lib/src/auth/copilotToken.ts:150:22)\n      at u8.fetchCopilotTokenEnvelope (/home/khel/dotfiles/local/.local/share/nvim/lazy/copilot.lua/copilot/lib/src/auth/copilotTokenManager.ts:88:29) {\n    type: 'aborted',\n    _name: 'AbortError'\n  }\n}"
[ERROR][2025-06-03 18:36:06] ...lsp/handlers.lua:562	"[lsp] Request getCompletions: HttpTimeoutError: Request to <https://api.github.com/copilot_internal/v2/token> timed out after 120000ms\n    at /home/khel/dotfiles/local/.local/share/nvim/lazy/copilot.lua/copilot/lib/src/network/helix.ts:96:19\n    at processTicksAndRejections (node:internal/process/task_queues:105:5)\n    at jT.fetch (/home/khel/dotfiles/local/.local/share/nvim/lazy/copilot.lua/copilot/lib/src/network/helix.ts:94:22)\n    ... 3 lines matching cause stack trace ...\n    at u8.fetchCopilotTokenEnvelope (/home/khel/dotfiles/local/.local/share/nvim/lazy/copilot.lua/copilot/lib/src/auth/copilotTokenManager.ts:88:29) {\n  [cause]: AbortError: The operation was aborted.\n      at fetch (/home/khel/dotfiles/local/.local/share/nvim/lazy/copilot.lua/copilot/node_modules/@adobe/helix-fetch/src/fetch/index.js:96:13)\n      at processTicksAndRejections (node:internal/process/task_queues:105:5)\n      at cachingFetch (/home/khel/dotfiles/local/.local/share/nvim/lazy/copilot.lua/copilot/node_modules/@adobe/helix-fetch/src/fetch/index.js:288:16)\n      at jT.fetch (/home/khel/dotfiles/local/.local/share/nvim/lazy/copilot.lua/copilot/lib/src/network/helix.ts:94:22)\n      at apiFetch (/home/khel/dotfiles/local/.local/share/nvim/lazy/copilot.lua/copilot/lib/src/network/github.ts:22:12)\n      at fetchCopilotToken (/home/khel/dotfiles/local/.local/share/nvim/lazy/copilot.lua/copilot/lib/src/auth/copilotToken.ts:227:16)\n      at authFromGitHubToken (/home/khel/dotfiles/local/.local/share/nvim/lazy/copilot.lua/copilot/lib/src/auth/copilotToken.ts:150:22)\n      at u8.fetchCopilotTokenEnvelope (/home/khel/dotfiles/local/.local/share/nvim/lazy/copilot.lua/copilot/lib/src/auth/copilotTokenManager.ts:88:29) {\n    type: 'aborted',\n    _name: 'AbortError'\n  }\n}"
[START][2025-06-03 22:52:09] LSP logging initiated
[ERROR][2025-06-03 22:52:09] ...p/_transport.lua:36	"rpc"	"golangci-lint-langserver"	"stderr"	"2025/06/03 22:52:09 golangci-lint-langserver: connections opened\n"
[START][2025-06-04 16:50:49] LSP logging initiated
[ERROR][2025-06-04 16:50:49] ...p/_transport.lua:36	"rpc"	"golangci-lint-langserver"	"stderr"	"2025/06/04 16:50:49 golangci-lint-langserver: connections opened\n"
[ERROR][2025-06-04 16:57:50] ...lsp/handlers.lua:562	"2025/06/04 16:57:50 signature help failed: cannot get type for Fun *ast.SelectorExpr (&{fmt Println})\n\tposition=57:14\n"
[ERROR][2025-06-04 16:57:52] ...lsp/handlers.lua:562	"2025/06/04 16:57:52 signature help failed: cannot get type for Fun *ast.SelectorExpr (&{fmt Println})\n\tposition=57:14\n"
[START][2025-06-04 17:33:36] LSP logging initiated
[ERROR][2025-06-04 17:33:36] ...p/_transport.lua:36	"rpc"	"golangci-lint-langserver"	"stderr"	"2025/06/04 17:33:36 golangci-lint-langserver: connections opened\n"
[START][2025-06-04 17:39:45] LSP logging initiated
[ERROR][2025-06-04 17:39:45] ...p/_transport.lua:36	"rpc"	"golangci-lint-langserver"	"stderr"	"2025/06/04 17:39:45 golangci-lint-langserver: connections opened\n"
[START][2025-06-04 17:42:03] LSP logging initiated
[ERROR][2025-06-04 17:42:03] ...p/_transport.lua:36	"rpc"	"golangci-lint-langserver"	"stderr"	"2025/06/04 17:42:03 golangci-lint-langserver: connections opened\n"
[START][2025-06-04 17:47:26] LSP logging initiated
[ERROR][2025-06-04 17:47:26] ...p/_transport.lua:36	"rpc"	"golangci-lint-langserver"	"stderr"	"2025/06/04 17:47:26 golangci-lint-langserver: connections opened\n"
[ERROR][2025-06-04 17:59:52] ...p/_transport.lua:36	"rpc"	"golangci-lint-langserver"	"stderr"	'2025/06/04 17:59:52 jsonrpc2 handler: notification "exit" handling error: jsonrpc2: code -32601 message: method not supported: exit\n'
[START][2025-06-04 17:59:56] LSP logging initiated
[ERROR][2025-06-04 17:59:56] ...p/_transport.lua:36	"rpc"	"golangci-lint-langserver"	"stderr"	"2025/06/04 17:59:56 golangci-lint-langserver: connections opened\n"
[ERROR][2025-06-04 18:17:15] ...p/_transport.lua:36	"rpc"	"golangci-lint-langserver"	"stderr"	'2025/06/04 18:17:15 jsonrpc2 handler: notification "exit" handling error: jsonrpc2: code -32601 message: method not supported: exit\n'
[START][2025-06-04 18:17:57] LSP logging initiated
[ERROR][2025-06-04 18:17:57] ...p/_transport.lua:36	"rpc"	"golangci-lint-langserver"	"stderr"	"2025/06/04 18:17:57 golangci-lint-langserver: connections opened\n"
[START][2025-06-04 20:26:17] LSP logging initiated
[ERROR][2025-06-04 20:26:17] ...p/_transport.lua:36	"rpc"	"golangci-lint-langserver"	"stderr"	"2025/06/04 20:26:17 golangci-lint-langserver: connections opened\n"
[START][2025-06-04 20:28:04] LSP logging initiated
[ERROR][2025-06-04 20:28:04] ...p/_transport.lua:36	"rpc"	"golangci-lint-langserver"	"stderr"	"2025/06/04 20:28:04 golangci-lint-langserver: connections opened\n"
[START][2025-06-05 17:19:39] LSP logging initiated
[ERROR][2025-06-05 17:19:39] ...p/_transport.lua:36	"rpc"	"golangci-lint-langserver"	"stderr"	"2025/06/05 17:19:39 golangci-lint-langserver: connections opened\n"
[ERROR][2025-06-05 17:19:44] ...p/_transport.lua:36	"rpc"	"node"	"stderr"	"(node:2453) [DEP0132] DeprecationWarning: Passing a callback to worker.terminate() is deprecated. It returns a Promise instead.\n(Use `node --trace-deprecation ...` to show where the warning was created)\n(node:2453) [DEP0132] DeprecationWarning: Passing a callback to worker.terminate() is deprecated. It returns a Promise instead.\n(node:2453) [DEP0132] DeprecationWarning: Passing a callback to worker.terminate() is deprecated. It returns a Promise instead.\n(node:2453) [DEP0132] DeprecationWarning: Passing a callback to worker.terminate() is deprecated. It returns a Promise instead.\n"
[START][2025-06-05 17:54:23] LSP logging initiated
[ERROR][2025-06-05 17:54:23] ...p/_transport.lua:36	"rpc"	"node"	"stderr"	"(node:6826) [DEP0132] DeprecationWarning: Passing a callback to worker.terminate() is deprecated. It returns a Promise instead.\n(Use `node --trace-deprecation ...` to show where the warning was created)\n"
[ERROR][2025-06-05 17:54:23] ...p/_transport.lua:36	"rpc"	"node"	"stderr"	"(node:6826) [DEP0132] DeprecationWarning: Passing a callback to worker.terminate() is deprecated. It returns a Promise instead.\n(node:6826) [DEP0132] DeprecationWarning: Passing a callback to worker.terminate() is deprecated. It returns a Promise instead.\n"
[ERROR][2025-06-05 17:54:23] ...p/_transport.lua:36	"rpc"	"node"	"stderr"	"(node:6826) [DEP0132] DeprecationWarning: Passing a callback to worker.terminate() is deprecated. It returns a Promise instead.\n"
[START][2025-06-05 17:55:58] LSP logging initiated
[ERROR][2025-06-05 17:55:58] ...p/_transport.lua:36	"rpc"	"golangci-lint-langserver"	"stderr"	"2025/06/05 17:55:58 golangci-lint-langserver: connections opened\n"
[ERROR][2025-06-05 17:56:03] ...p/_transport.lua:36	"rpc"	"node"	"stderr"	"(node:7184) [DEP0132] DeprecationWarning: Passing a callback to worker.terminate() is deprecated. It returns a Promise instead.\n(Use `node --trace-deprecation ...` to show where the warning was created)\n"
[ERROR][2025-06-05 17:56:03] ...p/_transport.lua:36	"rpc"	"node"	"stderr"	"(node:7184) [DEP0132] DeprecationWarning: Passing a callback to worker.terminate() is deprecated. It returns a Promise instead.\n(node:7184) [DEP0132] DeprecationWarning: Passing a callback to worker.terminate() is deprecated. It returns a Promise instead.\n(node:7184) [DEP0132] DeprecationWarning: Passing a callback to worker.terminate() is deprecated. It returns a Promise instead.\n"
[ERROR][2025-06-05 18:18:55] ...lsp/handlers.lua:562	"[ghostText] Error on ghost text request: FetchError: Stream closed with error code NGHTTP2_REFUSED_STREAM\n    at fetch (/home/khel/dotfiles/local/.local/share/nvim/lazy/copilot.lua/copilot/node_modules/@adobe/helix-fetch/src/fetch/index.js:99:11)\n    at processTicksAndRejections (node:internal/process/task_queues:105:5)\n    at cachingFetch (/home/khel/dotfiles/local/.local/share/nvim/lazy/copilot.lua/copilot/node_modules/@adobe/helix-fetch/src/fetch/index.js:288:16)\n    at jT.fetch (/home/khel/dotfiles/local/.local/share/nvim/lazy/copilot.lua/copilot/lib/src/network/helix.ts:94:22)\n    at BS.fetchWithParameters (/home/khel/dotfiles/local/.local/share/nvim/lazy/copilot.lua/copilot/lib/src/openai/fetch.ts:868:26)\n    at BS.fetchAndStreamCompletions (/home/khel/dotfiles/local/.local/share/nvim/lazy/copilot.lua/copilot/lib/src/openai/fetch.ts:579:26)\n    at genericGetCompletionsFromNetwork (/home/khel/dotfiles/local/.local/share/nvim/lazy/copilot.lua/copilot/lib/src/ghostText/ghostText.ts:162:21) {\n  type: 'system',\n  _name: 'FetchError',\n  code: 'ERR_HTTP2_STREAM_ERROR',\n  errno: undefined,\n  erroredSysCall: undefined\n}"
[ERROR][2025-06-05 18:44:18] ...lsp/handlers.lua:562	"2025/06/05 18:44:18 no completions found: getting file file:///home/khel/KhelDev/go/workout_tracker/internal/server_test.go for Completion: context canceled (package completions: context canceled)\n\tposition=3:2\n"
[ERROR][2025-06-05 20:53:15] ...lsp/handlers.lua:562	"2025/06/05 20:53:15 no completions found: getting file file:///home/khel/KhelDev/go/workout_tracker/api/api.go for Completion: <nil> (package completions: invalid position for package completion: cursor in non-matching ident)\n\tposition=0:1\n"
[ERROR][2025-06-05 20:53:15] ...lsp/handlers.lua:562	"2025/06/05 20:53:15 no completions found: getting file file:///home/khel/KhelDev/go/workout_tracker/api/api.go for Completion: <nil> (package completions: invalid position for package completion: cursor in non-matching ident)\n\tposition=0:2\n"
[ERROR][2025-06-05 20:53:15] ...lsp/handlers.lua:562	"2025/06/05 20:53:15 no completions found: getting file file:///home/khel/KhelDev/go/workout_tracker/api/api.go for Completion: <nil> (package completions: invalid position for package completion: cursor in non-matching ident)\n\tposition=0:1\n"
[ERROR][2025-06-05 20:59:34] ...lsp/handlers.lua:562	"2025/06/05 20:59:34 no completions found: getting file file:///home/khel/KhelDev/go/workout_tracker/internal/error_writer.go for Completion: <nil> (package completions: invalid position for package completion: cursor in non-matching ident)\n\tposition=0:1\n"
[ERROR][2025-06-05 20:59:34] ...lsp/handlers.lua:562	"2025/06/05 20:59:34 no completions found: getting file file:///home/khel/KhelDev/go/workout_tracker/internal/error_writer.go for Completion: <nil> (package completions: invalid position for package completion: cursor in non-matching ident)\n\tposition=0:2\n"
[ERROR][2025-06-05 20:59:34] ...lsp/handlers.lua:562	"2025/06/05 20:59:34 no completions found: getting file file:///home/khel/KhelDev/go/workout_tracker/internal/error_writer.go for Completion: <nil> (package completions: invalid position for package completion: cursor in non-matching ident)\n\tposition=0:1\n"
[ERROR][2025-06-05 21:42:47] ...lsp/handlers.lua:562	"[AsyncCompletionManager] [7800dd82-0622-4192-8be9-4b3e321b7032] Request errored with AbortError: The operation was aborted.\n    at EventEmitter.abortHandler (/home/khel/dotfiles/local/.local/share/nvim/lazy/copilot.lua/copilot/node_modules/@adobe/helix-fetch/src/fetch/index.js:106:17)\n    at EventEmitter.emit (node:events:507:28)\n    at GT.dispatchEvent (/home/khel/dotfiles/local/.local/share/nvim/lazy/copilot.lua/copilot/node_modules/@adobe/helix-fetch/src/fetch/abort.js:67:41)\n    at GT.fire (/home/khel/dotfiles/local/.local/share/nvim/lazy/copilot.lua/copilot/node_modules/@adobe/helix-fetch/src/fetch/abort.js:72:10)\n    at Q$.abort (/home/khel/dotfiles/local/.local/share/nvim/lazy/copilot.lua/copilot/node_modules/@adobe/helix-fetch/src/fetch/abort.js:137:39)\n    at /home/khel/dotfiles/local/.local/share/nvim/lazy/copilot.lua/copilot/lib/src/networking.ts:254:19\n    at wX.invoke (/home/khel/dotfiles/local/.local/share/nvim/lazy/copilot.lua/copilot/node_modules/vscode-jsonrpc/lib/common/events.js:55:39)\n    at e.fire (/home/khel/dotfiles/local/.local/share/nvim/lazy/copilot.lua/copilot/node_modules/vscode-jsonrpc/lib/common/events.js:117:36)\n    at AL.cancel (/home/khel/dotfiles/local/.local/share/nvim/lazy/copilot.lua/copilot/node_modules/vscode-jsonrpc/lib/common/cancellation.js:41:31)\n    at SX.cancel (/home/khel/dotfiles/local/.local/share/nvim/lazy/copilot.lua/copilot/node_modules/vscode-jsonrpc/lib/common/cancellation.js:82:25) {\n  type: 'aborted',\n  _name: 'AbortError'\n}"
[ERROR][2025-06-05 22:03:50] ...p/_transport.lua:36	"rpc"	"golangci-lint-langserver"	"stderr"	'2025/06/05 22:03:50 jsonrpc2 handler: notification "exit" handling error: jsonrpc2: code -32601 message: method not supported: exit\n'
[START][2025-06-05 22:04:40] LSP logging initiated
[ERROR][2025-06-05 22:04:40] ...p/_transport.lua:36	"rpc"	"golangci-lint-langserver"	"stderr"	"2025/06/05 22:04:40 golangci-lint-langserver: connections opened\n"
[ERROR][2025-06-05 22:04:47] ...p/_transport.lua:36	"rpc"	"node"	"stderr"	"(node:53964) [DEP0132] DeprecationWarning: Passing a callback to worker.terminate() is deprecated. It returns a Promise instead.\n(Use `node --trace-deprecation ...` to show where the warning was created)\n"
[ERROR][2025-06-05 22:04:47] ...p/_transport.lua:36	"rpc"	"node"	"stderr"	"(node:53964) [DEP0132] DeprecationWarning: Passing a callback to worker.terminate() is deprecated. It returns a Promise instead.\n"
[ERROR][2025-06-05 22:04:47] ...p/_transport.lua:36	"rpc"	"node"	"stderr"	"(node:53964) [DEP0132] DeprecationWarning: Passing a callback to worker.terminate() is deprecated. It returns a Promise instead.\n"
[ERROR][2025-06-05 22:04:47] ...p/_transport.lua:36	"rpc"	"node"	"stderr"	"(node:53964) [DEP0132] DeprecationWarning: Passing a callback to worker.terminate() is deprecated. It returns a Promise instead.\n"
[ERROR][2025-06-05 22:18:20] ...p/_transport.lua:36	"rpc"	"golangci-lint-langserver"	"stderr"	'2025/06/05 22:18:20 jsonrpc2 handler: notification "exit" handling error: jsonrpc2: code -32601 message: method not supported: exit\n'
[START][2025-06-06 13:22:49] LSP logging initiated
[ERROR][2025-06-06 13:22:49] ...p/_transport.lua:36	"rpc"	"node"	"stderr"	"(node:5398) [DEP0132] DeprecationWarning: Passing a callback to worker.terminate() is deprecated. It returns a Promise instead.\n(Use `node --trace-deprecation ...` to show where the warning was created)\n"
[ERROR][2025-06-06 13:22:49] ...p/_transport.lua:36	"rpc"	"node"	"stderr"	"(node:5398) [DEP0132] DeprecationWarning: Passing a callback to worker.terminate() is deprecated. It returns a Promise instead.\n(node:5398) [DEP0132] DeprecationWarning: Passing a callback to worker.terminate() is deprecated. It returns a Promise instead.\n(node:5398) [DEP0132] DeprecationWarning: Passing a callback to worker.terminate() is deprecated. It returns a Promise instead.\n"
[ERROR][2025-06-06 14:06:09] ...p/_transport.lua:36	"rpc"	"golangci-lint-langserver"	"stderr"	"2025/06/06 14:06:09 golangci-lint-langserver: connections opened\n"
[START][2025-06-06 14:30:57] LSP logging initiated
[ERROR][2025-06-06 14:30:57] ...p/_transport.lua:36	"rpc"	"golangci-lint-langserver"	"stderr"	"2025/06/06 14:30:57 golangci-lint-langserver: connections opened\n"
[ERROR][2025-06-06 14:31:05] ...p/_transport.lua:36	"rpc"	"node"	"stderr"	"(node:8516) [DEP0132] DeprecationWarning: Passing a callback to worker.terminate() is deprecated. It returns a Promise instead.\n(Use `node --trace-deprecation ...` to show where the warning was created)\n"
[ERROR][2025-06-06 14:31:05] ...p/_transport.lua:36	"rpc"	"node"	"stderr"	"(node:8516) [DEP0132] DeprecationWarning: Passing a callback to worker.terminate() is deprecated. It returns a Promise instead.\n(node:8516) [DEP0132] DeprecationWarning: Passing a callback to worker.terminate() is deprecated. It returns a Promise instead.\n(node:8516) [DEP0132] DeprecationWarning: Passing a callback to worker.terminate() is deprecated. It returns a Promise instead.\n"
[START][2025-06-06 14:39:22] LSP logging initiated
[ERROR][2025-06-06 14:39:22] ...p/_transport.lua:36	"rpc"	"golangci-lint-langserver"	"stderr"	"2025/06/06 14:39:22 golangci-lint-langserver: connections opened\n"
[ERROR][2025-06-06 14:39:28] ...p/_transport.lua:36	"rpc"	"node"	"stderr"	"(node:9501) [DEP0132] DeprecationWarning: Passing a callback to worker.terminate() is deprecated. It returns a Promise instead.\n(Use `node --trace-deprecation ...` to show where the warning was created)\n(node:9501) [DEP0132] DeprecationWarning: Passing a callback to worker.terminate() is deprecated. It returns a Promise instead.\n"
[ERROR][2025-06-06 14:39:28] ...p/_transport.lua:36	"rpc"	"node"	"stderr"	"(node:9501) [DEP0132] DeprecationWarning: Passing a callback to worker.terminate() is deprecated. It returns a Promise instead.\n(node:9501) [DEP0132] DeprecationWarning: Passing a callback to worker.terminate() is deprecated. It returns a Promise instead.\n"
[START][2025-06-06 20:59:37] LSP logging initiated
[ERROR][2025-06-06 20:59:37] ...p/_transport.lua:36	"rpc"	"golangci-lint-langserver"	"stderr"	"2025/06/06 20:59:37 golangci-lint-langserver: connections opened\n"
[ERROR][2025-06-06 20:59:42] ...p/_transport.lua:36	"rpc"	"node"	"stderr"	"(node:17486) [DEP0132] DeprecationWarning: Passing a callback to worker.terminate() is deprecated. It returns a Promise instead.\n(Use `node --trace-deprecation ...` to show where the warning was created)\n"
[ERROR][2025-06-06 20:59:42] ...p/_transport.lua:36	"rpc"	"node"	"stderr"	"(node:17486) [DEP0132] DeprecationWarning: Passing a callback to worker.terminate() is deprecated. It returns a Promise instead.\n(node:17486) [DEP0132] DeprecationWarning: Passing a callback to worker.terminate() is deprecated. It returns a Promise instead.\n(node:17486) [DEP0132] DeprecationWarning: Passing a callback to worker.terminate() is deprecated. It returns a Promise instead.\n"
[ERROR][2025-06-06 21:00:33] ...lsp/handlers.lua:562	"2025/06/06 21:00:33 no completions found: getting file file:///home/khel/KhelDev/go/workout_tracker/internal/database.go for Completion: context canceled (package completions: context canceled)\n\tposition=4:2\n"
[ERROR][2025-06-06 21:00:50] ...p/_transport.lua:36	"rpc"	"golangci-lint-langserver"	"stderr"	'2025/06/06 21:00:50 jsonrpc2 handler: notification "exit" handling error: jsonrpc2: code -32601 message: method not supported: exit\n'
[START][2025-06-06 21:01:10] LSP logging initiated
[ERROR][2025-06-06 21:01:10] ...p/_transport.lua:36	"rpc"	"node"	"stderr"	"(node:20883) [DEP0132] DeprecationWarning: Passing a callback to worker.terminate() is deprecated. It returns a Promise instead.\n(Use `node --trace-deprecation ...` to show where the warning was created)\n"
[ERROR][2025-06-06 21:01:10] ...p/_transport.lua:36	"rpc"	"node"	"stderr"	"(node:20883) [DEP0132] DeprecationWarning: Passing a callback to worker.terminate() is deprecated. It returns a Promise instead.\n(node:20883) [DEP0132] DeprecationWarning: Passing a callback to worker.terminate() is deprecated. It returns a Promise instead.\n(node:20883) [DEP0132] DeprecationWarning: Passing a callback to worker.terminate() is deprecated. It returns a Promise instead.\n"
[ERROR][2025-06-06 21:01:39] ...p/_transport.lua:36	"rpc"	"golangci-lint-langserver"	"stderr"	"2025/06/06 21:01:39 golangci-lint-langserver: connections opened\n"
[ERROR][2025-06-06 21:13:07] ...lsp/handlers.lua:562	"2025/06/06 21:13:07 signature help failed: cannot get type for Fun *ast.SelectorExpr (&{fmt Sprintf})\n\tposition=18:24\n"
[ERROR][2025-06-06 21:13:11] ...lsp/handlers.lua:562	"2025/06/06 21:13:11 signature help failed: cannot get type for Fun *ast.SelectorExpr (&{fmt Sprintf})\n\tposition=18:45\n"
[WARN][2025-06-06 21:14:12] ...lsp/handlers.lua:564	"13:14:12.899 WARNING ⛔️ Error while parsing file:///home/khel/KhelDev/go/workout_tracker/.env: syntax error"
[WARN][2025-06-06 21:14:15] ...lsp/handlers.lua:564	"13:14:15.901 WARNING ⛔️ Error while parsing file:///home/khel/KhelDev/go/workout_tracker/.env: syntax error"
[WARN][2025-06-06 21:14:19] ...lsp/handlers.lua:564	"13:14:19.060 WARNING ⛔️ Error while parsing file:///home/khel/KhelDev/go/workout_tracker/.env: syntax error"
[ERROR][2025-06-06 21:17:50] ...lsp/handlers.lua:562	"2025/06/06 21:17:50 signature help failed: cannot get type for Fun *ast.SelectorExpr (&{fmt Sprintf})\n\tposition=21:96\n"
[ERROR][2025-06-06 21:17:50] ...lsp/handlers.lua:562	"2025/06/06 21:17:50 signature help failed: cannot get type for Fun *ast.SelectorExpr (&{fmt Sprintf})\n\tposition=21:97\n"
[ERROR][2025-06-06 21:21:39] ...p/_transport.lua:36	"rpc"	"golangci-lint-langserver"	"stderr"	'2025/06/06 21:21:39 jsonrpc2 handler: notification "exit" handling error: jsonrpc2: code -32601 message: method not supported: exit\n'
[START][2025-06-06 21:21:50] LSP logging initiated
[ERROR][2025-06-06 21:21:50] ...p/_transport.lua:36	"rpc"	"node"	"stderr"	"(node:36067) [DEP0132] DeprecationWarning: Passing a callback to worker.terminate() is deprecated. It returns a Promise instead.\n(Use `node --trace-deprecation ...` to show where the warning was created)\n"
[ERROR][2025-06-06 21:21:50] ...p/_transport.lua:36	"rpc"	"node"	"stderr"	"(node:36067) [DEP0132] DeprecationWarning: Passing a callback to worker.terminate() is deprecated. It returns a Promise instead.\n(node:36067) [DEP0132] DeprecationWarning: Passing a callback to worker.terminate() is deprecated. It returns a Promise instead.\n(node:36067) [DEP0132] DeprecationWarning: Passing a callback to worker.terminate() is deprecated. It returns a Promise instead.\n"
[ERROR][2025-06-06 21:21:50] ...p/_transport.lua:36	"rpc"	"golangci-lint-langserver"	"stderr"	"2025/06/06 21:21:50 golangci-lint-langserver: connections opened\n"
[START][2025-06-06 21:24:26] LSP logging initiated
[ERROR][2025-06-06 21:24:26] ...p/_transport.lua:36	"rpc"	"golangci-lint-langserver"	"stderr"	"2025/06/06 21:24:26 golangci-lint-langserver: connections opened\n"
[ERROR][2025-06-06 21:24:31] ...p/_transport.lua:36	"rpc"	"node"	"stderr"	"(node:39163) [DEP0132] DeprecationWarning: Passing a callback to worker.terminate() is deprecated. It returns a Promise instead.\n(Use `node --trace-deprecation ...` to show where the warning was created)\n"
[ERROR][2025-06-06 21:24:31] ...p/_transport.lua:36	"rpc"	"node"	"stderr"	"(node:39163) [DEP0132] DeprecationWarning: Passing a callback to worker.terminate() is deprecated. It returns a Promise instead.\n(node:39163) [DEP0132] DeprecationWarning: Passing a callback to worker.terminate() is deprecated. It returns a Promise instead.\n(node:39163) [DEP0132] DeprecationWarning: Passing a callback to worker.terminate() is deprecated. It returns a Promise instead.\n"
[ERROR][2025-06-06 21:24:34] ...lsp/handlers.lua:562	"[default] Error sending telemetry FetchError: The operation was aborted\n    at fetch (/home/khel/dotfiles/local/.local/share/nvim/lazy/copilot.lua/copilot/node_modules/@adobe/helix-fetch/src/fetch/index.js:99:11)\n    at processTicksAndRejections (node:internal/process/task_queues:105:5)\n    at cachingFetch (/home/khel/dotfiles/local/.local/share/nvim/lazy/copilot.lua/copilot/node_modules/@adobe/helix-fetch/src/fetch/index.js:288:16)\n    at jT.fetch (/home/khel/dotfiles/local/.local/share/nvim/lazy/copilot.lua/copilot/lib/src/network/helix.ts:94:22) {\n  type: 'system',\n  _name: 'FetchError',\n  code: 'ABORT_ERR',\n  errno: undefined,\n  erroredSysCall: undefined\n}"
[START][2025-06-06 21:24:46] LSP logging initiated
[ERROR][2025-06-06 21:24:46] ...p/_transport.lua:36	"rpc"	"golangci-lint-langserver"	"stderr"	"2025/06/06 21:24:46 golangci-lint-langserver: connections opened\n"
[ERROR][2025-06-06 21:24:51] ...p/_transport.lua:36	"rpc"	"node"	"stderr"	"(node:39698) [DEP0132] DeprecationWarning: Passing a callback to worker.terminate() is deprecated. It returns a Promise instead.\n(Use `node --trace-deprecation ...` to show where the warning was created)\n"
[ERROR][2025-06-06 21:24:51] ...p/_transport.lua:36	"rpc"	"node"	"stderr"	"(node:39698) [DEP0132] DeprecationWarning: Passing a callback to worker.terminate() is deprecated. It returns a Promise instead.\n(node:39698) [DEP0132] DeprecationWarning: Passing a callback to worker.terminate() is deprecated. It returns a Promise instead.\n(node:39698) [DEP0132] DeprecationWarning: Passing a callback to worker.terminate() is deprecated. It returns a Promise instead.\n"
[ERROR][2025-06-06 21:24:54] ...lsp/handlers.lua:562	"[default] Error sending telemetry FetchError: The operation was aborted\n    at fetch (/home/khel/dotfiles/local/.local/share/nvim/lazy/copilot.lua/copilot/node_modules/@adobe/helix-fetch/src/fetch/index.js:99:11)\n    at processTicksAndRejections (node:internal/process/task_queues:105:5)\n    at cachingFetch (/home/khel/dotfiles/local/.local/share/nvim/lazy/copilot.lua/copilot/node_modules/@adobe/helix-fetch/src/fetch/index.js:288:16)\n    at jT.fetch (/home/khel/dotfiles/local/.local/share/nvim/lazy/copilot.lua/copilot/lib/src/network/helix.ts:94:22) {\n  type: 'system',\n  _name: 'FetchError',\n  code: 'ABORT_ERR',\n  errno: undefined,\n  erroredSysCall: undefined\n}"
[START][2025-06-06 21:25:26] LSP logging initiated
[ERROR][2025-06-06 21:25:26] ...p/_transport.lua:36	"rpc"	"golangci-lint-langserver"	"stderr"	"2025/06/06 21:25:26 golangci-lint-langserver: connections opened\n"
[ERROR][2025-06-06 21:25:31] ...p/_transport.lua:36	"rpc"	"node"	"stderr"	"(node:40411) [DEP0132] DeprecationWarning: Passing a callback to worker.terminate() is deprecated. It returns a Promise instead.\n(Use `node --trace-deprecation ...` to show where the warning was created)\n"
[ERROR][2025-06-06 21:25:31] ...p/_transport.lua:36	"rpc"	"node"	"stderr"	"(node:40411) [DEP0132] DeprecationWarning: Passing a callback to worker.terminate() is deprecated. It returns a Promise instead.\n(node:40411) [DEP0132] DeprecationWarning: Passing a callback to worker.terminate() is deprecated. It returns a Promise instead.\n(node:40411) [DEP0132] DeprecationWarning: Passing a callback to worker.terminate() is deprecated. It returns a Promise instead.\n"
[START][2025-06-06 21:26:04] LSP logging initiated
[ERROR][2025-06-06 21:26:04] ...p/_transport.lua:36	"rpc"	"golangci-lint-langserver"	"stderr"	"2025/06/06 21:26:04 golangci-lint-langserver: connections opened\n"
[ERROR][2025-06-06 21:26:09] ...p/_transport.lua:36	"rpc"	"node"	"stderr"	"(node:41850) [DEP0132] DeprecationWarning: Passing a callback to worker.terminate() is deprecated. It returns a Promise instead.\n(Use `node --trace-deprecation ...` to show where the warning was created)\n"
[ERROR][2025-06-06 21:26:09] ...p/_transport.lua:36	"rpc"	"node"	"stderr"	"(node:41850) [DEP0132] DeprecationWarning: Passing a callback to worker.terminate() is deprecated. It returns a Promise instead.\n(node:41850) [DEP0132] DeprecationWarning: Passing a callback to worker.terminate() is deprecated. It returns a Promise instead.\n(node:41850) [DEP0132] DeprecationWarning: Passing a callback to worker.terminate() is deprecated. It returns a Promise instead.\n"
[ERROR][2025-06-06 21:26:13] ...lsp/handlers.lua:562	"[default] Error sending telemetry FetchError: The operation was aborted\n    at fetch (/home/khel/dotfiles/local/.local/share/nvim/lazy/copilot.lua/copilot/node_modules/@adobe/helix-fetch/src/fetch/index.js:99:11)\n    at processTicksAndRejections (node:internal/process/task_queues:105:5)\n    at runNextTicks (node:internal/process/task_queues:69:3)\n    at processTimers (node:internal/timers:540:9)\n    at cachingFetch (/home/khel/dotfiles/local/.local/share/nvim/lazy/copilot.lua/copilot/node_modules/@adobe/helix-fetch/src/fetch/index.js:288:16)\n    at jT.fetch (/home/khel/dotfiles/local/.local/share/nvim/lazy/copilot.lua/copilot/lib/src/network/helix.ts:94:22) {\n  type: 'system',\n  _name: 'FetchError',\n  code: 'ABORT_ERR',\n  errno: undefined,\n  erroredSysCall: undefined\n}"
[ERROR][2025-06-06 21:26:13] ...lsp/handlers.lua:562	"[default] Error sending telemetry FetchError: The operation was aborted\n    at fetch (/home/khel/dotfiles/local/.local/share/nvim/lazy/copilot.lua/copilot/node_modules/@adobe/helix-fetch/src/fetch/index.js:99:11)\n    at processTicksAndRejections (node:internal/process/task_queues:105:5)\n    at runNextTicks (node:internal/process/task_queues:69:3)\n    at processTimers (node:internal/timers:540:9)\n    at cachingFetch (/home/khel/dotfiles/local/.local/share/nvim/lazy/copilot.lua/copilot/node_modules/@adobe/helix-fetch/src/fetch/index.js:288:16)\n    at jT.fetch (/home/khel/dotfiles/local/.local/share/nvim/lazy/copilot.lua/copilot/lib/src/network/helix.ts:94:22) {\n  type: 'system',\n  _name: 'FetchError',\n  code: 'ABORT_ERR',\n  errno: undefined,\n  erroredSysCall: undefined\n}"
[START][2025-06-06 21:26:24] LSP logging initiated
[ERROR][2025-06-06 21:26:24] ...p/_transport.lua:36	"rpc"	"golangci-lint-langserver"	"stderr"	"2025/06/06 21:26:24 golangci-lint-langserver: connections opened\n"
[ERROR][2025-06-06 21:26:28] ...p/_transport.lua:36	"rpc"	"node"	"stderr"	"(node:42423) [DEP0132] DeprecationWarning: Passing a callback to worker.terminate() is deprecated. It returns a Promise instead.\n(Use `node --trace-deprecation ...` to show where the warning was created)\n"
[ERROR][2025-06-06 21:26:28] ...p/_transport.lua:36	"rpc"	"node"	"stderr"	"(node:42423) [DEP0132] DeprecationWarning: Passing a callback to worker.terminate() is deprecated. It returns a Promise instead.\n(node:42423) [DEP0132] DeprecationWarning: Passing a callback to worker.terminate() is deprecated. It returns a Promise instead.\n(node:42423) [DEP0132] DeprecationWarning: Passing a callback to worker.terminate() is deprecated. It returns a Promise instead.\n"
[START][2025-06-06 21:27:08] LSP logging initiated
[ERROR][2025-06-06 21:27:08] ...p/_transport.lua:36	"rpc"	"golangci-lint-langserver"	"stderr"	"2025/06/06 21:27:08 golangci-lint-langserver: connections opened\n"
[ERROR][2025-06-06 21:27:13] ...p/_transport.lua:36	"rpc"	"node"	"stderr"	"(node:43963) [DEP0132] DeprecationWarning: Passing a callback to worker.terminate() is deprecated. It returns a Promise instead.\n(Use `node --trace-deprecation ...` to show where the warning was created)\n"
[ERROR][2025-06-06 21:27:13] ...p/_transport.lua:36	"rpc"	"node"	"stderr"	"(node:43963) [DEP0132] DeprecationWarning: Passing a callback to worker.terminate() is deprecated. It returns a Promise instead.\n"
[ERROR][2025-06-06 21:27:13] ...p/_transport.lua:36	"rpc"	"node"	"stderr"	"(node:43963) [DEP0132] DeprecationWarning: Passing a callback to worker.terminate() is deprecated. It returns a Promise instead.\n"
[ERROR][2025-06-06 21:27:13] ...p/_transport.lua:36	"rpc"	"node"	"stderr"	"(node:43963) [DEP0132] DeprecationWarning: Passing a callback to worker.terminate() is deprecated. It returns a Promise instead.\n"
[ERROR][2025-06-06 21:27:16] ...lsp/handlers.lua:562	"[default] Error sending telemetry FetchError: The operation was aborted\n    at fetch (/home/khel/dotfiles/local/.local/share/nvim/lazy/copilot.lua/copilot/node_modules/@adobe/helix-fetch/src/fetch/index.js:99:11)\n    at processTicksAndRejections (node:internal/process/task_queues:105:5)\n    at cachingFetch (/home/khel/dotfiles/local/.local/share/nvim/lazy/copilot.lua/copilot/node_modules/@adobe/helix-fetch/src/fetch/index.js:288:16)\n    at KR.fetch (/home/khel/dotfiles/local/.local/share/nvim/lazy/copilot.lua/copilot/lib/src/network/helix.ts:94:22) {\n  type: 'system',\n  _name: 'FetchError',\n  code: 'ABORT_ERR',\n  errno: undefined,\n  erroredSysCall: undefined\n}"
[START][2025-06-06 21:27:34] LSP logging initiated
[ERROR][2025-06-06 21:27:34] ...p/_transport.lua:36	"rpc"	"golangci-lint-langserver"	"stderr"	"2025/06/06 21:27:34 golangci-lint-langserver: connections opened\n"
[ERROR][2025-06-06 21:27:39] ...p/_transport.lua:36	"rpc"	"node"	"stderr"	"(node:44568) [DEP0132] DeprecationWarning: Passing a callback to worker.terminate() is deprecated. It returns a Promise instead.\n(Use `node --trace-deprecation ...` to show where the warning was created)\n"
[ERROR][2025-06-06 21:27:39] ...p/_transport.lua:36	"rpc"	"node"	"stderr"	"(node:44568) [DEP0132] DeprecationWarning: Passing a callback to worker.terminate() is deprecated. It returns a Promise instead.\n"
[ERROR][2025-06-06 21:27:39] ...p/_transport.lua:36	"rpc"	"node"	"stderr"	"(node:44568) [DEP0132] DeprecationWarning: Passing a callback to worker.terminate() is deprecated. It returns a Promise instead.\n"
[ERROR][2025-06-06 21:27:39] ...p/_transport.lua:36	"rpc"	"node"	"stderr"	"(node:44568) [DEP0132] DeprecationWarning: Passing a callback to worker.terminate() is deprecated. It returns a Promise instead.\n"
[START][2025-06-06 21:28:21] LSP logging initiated
[ERROR][2025-06-06 21:28:21] ...p/_transport.lua:36	"rpc"	"golangci-lint-langserver"	"stderr"	"2025/06/06 21:28:21 golangci-lint-langserver: connections opened\n"
[ERROR][2025-06-06 21:28:26] ...p/_transport.lua:36	"rpc"	"node"	"stderr"	"(node:45317) [DEP0132] DeprecationWarning: Passing a callback to worker.terminate() is deprecated. It returns a Promise instead.\n(Use `node --trace-deprecation ...` to show where the warning was created)\n"
[ERROR][2025-06-06 21:28:26] ...p/_transport.lua:36	"rpc"	"node"	"stderr"	"(node:45317) [DEP0132] DeprecationWarning: Passing a callback to worker.terminate() is deprecated. It returns a Promise instead.\n(node:45317) [DEP0132] DeprecationWarning: Passing a callback to worker.terminate() is deprecated. It returns a Promise instead.\n(node:45317) [DEP0132] DeprecationWarning: Passing a callback to worker.terminate() is deprecated. It returns a Promise instead.\n"
[ERROR][2025-06-06 21:28:27] ...lsp/handlers.lua:562	"[AsyncCompletionManager] [86a8fddd-930b-4786-b186-c44b3e421178] Request errored with AbortError: The operation was aborted\n    at EventEmitter.stream.<computed>.AbortError.cause (node:internal/streams/add-abort-signal:47:22)\n    at EventEmitter.emit (node:events:519:35)\n    at zR.dispatchEvent (/home/khel/dotfiles/local/.local/share/nvim/lazy/copilot.lua/copilot/node_modules/@adobe/helix-fetch/src/fetch/abort.js:67:41)\n    at zR.fire (/home/khel/dotfiles/local/.local/share/nvim/lazy/copilot.lua/copilot/node_modules/@adobe/helix-fetch/src/fetch/abort.js:72:10)\n    at V$.abort (/home/khel/dotfiles/local/.local/share/nvim/lazy/copilot.lua/copilot/node_modules/@adobe/helix-fetch/src/fetch/abort.js:137:39)\n    at /home/khel/dotfiles/local/.local/share/nvim/lazy/copilot.lua/copilot/lib/src/networking.ts:254:19\n    at ZX.invoke (/home/khel/dotfiles/local/.local/share/nvim/lazy/copilot.lua/copilot/node_modules/vscode-jsonrpc/lib/common/events.js:55:39)\n    at t.fire (/home/khel/dotfiles/local/.local/share/nvim/lazy/copilot.lua/copilot/node_modules/vscode-jsonrpc/lib/common/events.js:117:36)\n    at ML.cancel (/home/khel/dotfiles/local/.local/share/nvim/lazy/copilot.lua/copilot/node_modules/vscode-jsonrpc/lib/common/cancellation.js:41:31)\n    at tZ.cancel (/home/khel/dotfiles/local/.local/share/nvim/lazy/copilot.lua/copilot/node_modules/vscode-jsonrpc/lib/common/cancellation.js:82:25) {\n  code: 'ABORT_ERR',\n  [cause]: undefined\n}"
[START][2025-06-06 21:36:50] LSP logging initiated
[ERROR][2025-06-06 21:36:50] ...p/_transport.lua:36	"rpc"	"golangci-lint-langserver"	"stderr"	"2025/06/06 21:36:50 golangci-lint-langserver: connections opened\n"
[ERROR][2025-06-06 21:36:57] ...p/_transport.lua:36	"rpc"	"node"	"stderr"	"(node:49197) [DEP0132] DeprecationWarning: Passing a callback to worker.terminate() is deprecated. It returns a Promise instead.\n(Use `node --trace-deprecation ...` to show where the warning was created)\n"
[ERROR][2025-06-06 21:36:57] ...p/_transport.lua:36	"rpc"	"node"	"stderr"	"(node:49197) [DEP0132] DeprecationWarning: Passing a callback to worker.terminate() is deprecated. It returns a Promise instead.\n(node:49197) [DEP0132] DeprecationWarning: Passing a callback to worker.terminate() is deprecated. It returns a Promise instead.\n(node:49197) [DEP0132] DeprecationWarning: Passing a callback to worker.terminate() is deprecated. It returns a Promise instead.\n"
[ERROR][2025-06-06 22:52:54] ...lsp/handlers.lua:562	"2025/06/06 22:52:54 signature help failed: cannot get type for Fun *ast.SelectorExpr (&{fmt Println})\n\tposition=115:13\n"
[ERROR][2025-06-06 23:21:42] ...p/_transport.lua:36	"rpc"	"golangci-lint-langserver"	"stderr"	'2025/06/06 23:21:42 jsonrpc2 handler: notification "exit" handling error: jsonrpc2: code -32601 message: method not supported: exit\n'
[START][2025-06-07 09:45:52] LSP logging initiated
[ERROR][2025-06-07 09:45:52] ...p/_transport.lua:36	"rpc"	"golangci-lint-langserver"	"stderr"	"2025/06/07 09:45:52 golangci-lint-langserver: connections opened\n"
[ERROR][2025-06-07 09:45:59] ...p/_transport.lua:36	"rpc"	"node"	"stderr"	"(node:2190) [DEP0132] DeprecationWarning: Passing a callback to worker.terminate() is deprecated. It returns a Promise instead.\n(Use `node --trace-deprecation ...` to show where the warning was created)\n"
[ERROR][2025-06-07 09:45:59] ...p/_transport.lua:36	"rpc"	"node"	"stderr"	"(node:2190) [DEP0132] DeprecationWarning: Passing a callback to worker.terminate() is deprecated. It returns a Promise instead.\n(node:2190) [DEP0132] DeprecationWarning: Passing a callback to worker.terminate() is deprecated. It returns a Promise instead.\n"
[ERROR][2025-06-07 09:45:59] ...p/_transport.lua:36	"rpc"	"node"	"stderr"	"(node:2190) [DEP0132] DeprecationWarning: Passing a callback to worker.terminate() is deprecated. It returns a Promise instead.\n"
[ERROR][2025-06-07 10:32:33] ...p/_transport.lua:36	"rpc"	"golangci-lint-langserver"	"stderr"	'2025/06/07 10:32:33 jsonrpc2 handler: notification "exit" handling error: jsonrpc2: code -32601 message: method not supported: exit\n'
[START][2025-06-07 10:33:25] LSP logging initiated
[ERROR][2025-06-07 10:33:25] ...p/_transport.lua:36	"rpc"	"golangci-lint-langserver"	"stderr"	"2025/06/07 10:33:25 golangci-lint-langserver: connections opened\n"
[ERROR][2025-06-07 10:33:31] ...p/_transport.lua:36	"rpc"	"node"	"stderr"	"(node:16944) [DEP0132] DeprecationWarning: Passing a callback to worker.terminate() is deprecated. It returns a Promise instead.\n(Use `node --trace-deprecation ...` to show where the warning was created)\n"
[ERROR][2025-06-07 10:33:31] ...p/_transport.lua:36	"rpc"	"node"	"stderr"	"(node:16944) [DEP0132] DeprecationWarning: Passing a callback to worker.terminate() is deprecated. It returns a Promise instead.\n(node:16944) [DEP0132] DeprecationWarning: Passing a callback to worker.terminate() is deprecated. It returns a Promise instead.\n(node:16944) [DEP0132] DeprecationWarning: Passing a callback to worker.terminate() is deprecated. It returns a Promise instead.\n"
[START][2025-06-07 10:35:12] LSP logging initiated
[ERROR][2025-06-07 10:35:12] ...p/_transport.lua:36	"rpc"	"golangci-lint-langserver"	"stderr"	"2025/06/07 10:35:12 golangci-lint-langserver: connections opened\n"
[ERROR][2025-06-07 10:35:17] ...p/_transport.lua:36	"rpc"	"node"	"stderr"	"(node:17922) [DEP0132] DeprecationWarning: Passing a callback to worker.terminate() is deprecated. It returns a Promise instead.\n(Use `node --trace-deprecation ...` to show where the warning was created)\n"
[ERROR][2025-06-07 10:35:17] ...p/_transport.lua:36	"rpc"	"node"	"stderr"	"(node:17922) [DEP0132] DeprecationWarning: Passing a callback to worker.terminate() is deprecated. It returns a Promise instead.\n(node:17922) [DEP0132] DeprecationWarning: Passing a callback to worker.terminate() is deprecated. It returns a Promise instead.\n(node:17922) [DEP0132] DeprecationWarning: Passing a callback to worker.terminate() is deprecated. It returns a Promise instead.\n"
[ERROR][2025-06-07 10:35:22] ...p/_transport.lua:36	"rpc"	"golangci-lint-langserver"	"stderr"	'2025/06/07 10:35:22 jsonrpc2 handler: notification "exit" handling error: jsonrpc2: code -32601 message: method not supported: exit\n'
[START][2025-06-07 10:35:45] LSP logging initiated
[ERROR][2025-06-07 10:35:45] ...p/_transport.lua:36	"rpc"	"golangci-lint-langserver"	"stderr"	"2025/06/07 10:35:45 golangci-lint-langserver: connections opened\n"
[ERROR][2025-06-07 10:35:50] ...p/_transport.lua:36	"rpc"	"node"	"stderr"	"(node:19536) [DEP0132] DeprecationWarning: Passing a callback to worker.terminate() is deprecated. It returns a Promise instead.\n(Use `node --trace-deprecation ...` to show where the warning was created)\n"
[ERROR][2025-06-07 10:35:50] ...p/_transport.lua:36	"rpc"	"node"	"stderr"	"(node:19536) [DEP0132] DeprecationWarning: Passing a callback to worker.terminate() is deprecated. It returns a Promise instead.\n(node:19536) [DEP0132] DeprecationWarning: Passing a callback to worker.terminate() is deprecated. It returns a Promise instead.\n(node:19536) [DEP0132] DeprecationWarning: Passing a callback to worker.terminate() is deprecated. It returns a Promise instead.\n"
[START][2025-06-07 10:45:34] LSP logging initiated
[ERROR][2025-06-07 10:45:34] ...p/_transport.lua:36	"rpc"	"golangci-lint-langserver"	"stderr"	"2025/06/07 10:45:34 golangci-lint-langserver: connections opened\n"
[ERROR][2025-06-07 10:45:39] ...p/_transport.lua:36	"rpc"	"node"	"stderr"	"(node:23453) [DEP0132] DeprecationWarning: Passing a callback to worker.terminate() is deprecated. It returns a Promise instead.\n(Use `node --trace-deprecation ...` to show where the warning was created)\n(node:23453) [DEP0132] DeprecationWarning: Passing a callback to worker.terminate() is deprecated. It returns a Promise instead.\n(node:23453) [DEP0132] DeprecationWarning: Passing a callback to worker.terminate() is deprecated. It returns a Promise instead.\n(node:23453) [DEP0132] DeprecationWarning: Passing a callback to worker.terminate() is deprecated. It returns a Promise instead.\n"
[ERROR][2025-06-07 11:02:03] ...p/_transport.lua:36	"rpc"	"golangci-lint-langserver"	"stderr"	'2025/06/07 11:02:03 jsonrpc2 handler: notification "exit" handling error: jsonrpc2: code -32601 message: method not supported: exit\n'
[START][2025-06-07 11:02:08] LSP logging initiated
[ERROR][2025-06-07 11:02:08] ...p/_transport.lua:36	"rpc"	"golangci-lint-langserver"	"stderr"	"2025/06/07 11:02:08 golangci-lint-langserver: connections opened\n"
[ERROR][2025-06-07 11:02:13] ...p/_transport.lua:36	"rpc"	"node"	"stderr"	"(node:31386) [DEP0132] DeprecationWarning: Passing a callback to worker.terminate() is deprecated. It returns a Promise instead.\n(Use `node --trace-deprecation ...` to show where the warning was created)\n"
[ERROR][2025-06-07 11:02:13] ...p/_transport.lua:36	"rpc"	"node"	"stderr"	"(node:31386) [DEP0132] DeprecationWarning: Passing a callback to worker.terminate() is deprecated. It returns a Promise instead.\n(node:31386) [DEP0132] DeprecationWarning: Passing a callback to worker.terminate() is deprecated. It returns a Promise instead.\n(node:31386) [DEP0132] DeprecationWarning: Passing a callback to worker.terminate() is deprecated. It returns a Promise instead.\n"
[ERROR][2025-06-07 18:27:53] ...p/_transport.lua:36	"rpc"	"golangci-lint-langserver"	"stderr"	'2025/06/07 18:27:53 jsonrpc2 handler: notification "exit" handling error: jsonrpc2: code -32601 message: method not supported: exit\n'
[START][2025-06-07 21:06:12] LSP logging initiated
[ERROR][2025-06-07 21:06:12] ...p/_transport.lua:36	"rpc"	"golangci-lint-langserver"	"stderr"	"2025/06/07 21:06:12 golangci-lint-langserver: connections opened\n"
[ERROR][2025-06-07 21:06:19] ...p/_transport.lua:36	"rpc"	"node"	"stderr"	"(node:39921) [DEP0132] DeprecationWarning: Passing a callback to worker.terminate() is deprecated. It returns a Promise instead.\n(Use `node --trace-deprecation ...` to show where the warning was created)\n"
[ERROR][2025-06-07 21:06:19] ...p/_transport.lua:36	"rpc"	"node"	"stderr"	"(node:39921) [DEP0132] DeprecationWarning: Passing a callback to worker.terminate() is deprecated. It returns a Promise instead.\n(node:39921) [DEP0132] DeprecationWarning: Passing a callback to worker.terminate() is deprecated. It returns a Promise instead.\n(node:39921) [DEP0132] DeprecationWarning: Passing a callback to worker.terminate() is deprecated. It returns a Promise instead.\n"
[START][2025-06-07 22:12:20] LSP logging initiated
[ERROR][2025-06-07 22:12:20] ...p/_transport.lua:36	"rpc"	"golangci-lint-langserver"	"stderr"	"2025/06/07 22:12:20 golangci-lint-langserver: connections opened\n"
[ERROR][2025-06-07 22:12:27] ...p/_transport.lua:36	"rpc"	"node"	"stderr"	"(node:44811) [DEP0132] DeprecationWarning: Passing a callback to worker.terminate() is deprecated. It returns a Promise instead.\n(Use `node --trace-deprecation ...` to show where the warning was created)\n"
[ERROR][2025-06-07 22:12:27] ...p/_transport.lua:36	"rpc"	"node"	"stderr"	"(node:44811) [DEP0132] DeprecationWarning: Passing a callback to worker.terminate() is deprecated. It returns a Promise instead.\n"
[ERROR][2025-06-07 22:12:27] ...p/_transport.lua:36	"rpc"	"node"	"stderr"	"(node:44811) [DEP0132] DeprecationWarning: Passing a callback to worker.terminate() is deprecated. It returns a Promise instead.\n(node:44811) [DEP0132] DeprecationWarning: Passing a callback to worker.terminate() is deprecated. It returns a Promise instead.\n"
[ERROR][2025-06-07 22:22:03] ...p/_transport.lua:36	"rpc"	"golangci-lint-langserver"	"stderr"	'2025/06/07 22:22:03 jsonrpc2 handler: notification "exit" handling error: jsonrpc2: code -32601 message: method not supported: exit\n'
[START][2025-06-07 22:22:13] LSP logging initiated
[ERROR][2025-06-07 22:22:13] ...p/_transport.lua:36	"rpc"	"node"	"stderr"	"(node:50213) [DEP0132] DeprecationWarning: Passing a callback to worker.terminate() is deprecated. It returns a Promise instead.\n(Use `node --trace-deprecation ...` to show where the warning was created)\n"
[ERROR][2025-06-07 22:22:13] ...p/_transport.lua:36	"rpc"	"node"	"stderr"	"(node:50213) [DEP0132] DeprecationWarning: Passing a callback to worker.terminate() is deprecated. It returns a Promise instead.\n(node:50213) [DEP0132] DeprecationWarning: Passing a callback to worker.terminate() is deprecated. It returns a Promise instead.\n(node:50213) [DEP0132] DeprecationWarning: Passing a callback to worker.terminate() is deprecated. It returns a Promise instead.\n"
[WARN][2025-06-07 22:22:26] ...lsp/handlers.lua:564	"14:22:26.318 WARNING ⛔️ Error while parsing file:///home/khel/KhelDev/go/workout_tracker/internal/.env: syntax error"
[WARN][2025-06-07 22:23:16] ...lsp/handlers.lua:564	"14:23:16.358 WARNING ⛔️ Error while parsing file:///home/khel/KhelDev/go/workout_tracker/internal/.env: syntax error"
[WARN][2025-06-07 22:23:17] ...lsp/handlers.lua:564	"14:23:17.892 WARNING ⛔️ Error while parsing file:///home/khel/KhelDev/go/workout_tracker/internal/.env: syntax error"
[WARN][2025-06-07 22:23:32] ...lsp/handlers.lua:564	"14:23:32.117 WARNING ⛔️ Error while parsing file:///home/khel/KhelDev/go/workout_tracker/internal/.env: syntax error"
[START][2025-06-07 22:23:49] LSP logging initiated
[ERROR][2025-06-07 22:23:49] ...p/_transport.lua:36	"rpc"	"golangci-lint-langserver"	"stderr"	"2025/06/07 22:23:49 golangci-lint-langserver: connections opened\n"
[ERROR][2025-06-07 22:24:03] ...lsp/handlers.lua:562	"[lsp] Request getCompletions: FetchError: getaddrinfo EAI_AGAIN api.github.com\n    at fetch (/home/khel/dotfiles/local/.local/share/nvim/lazy/copilot.lua/copilot/node_modules/@adobe/helix-fetch/src/fetch/index.js:99:11)\n    at processTicksAndRejections (node:internal/process/task_queues:105:5)\n    at cachingFetch (/home/khel/dotfiles/local/.local/share/nvim/lazy/copilot.lua/copilot/node_modules/@adobe/helix-fetch/src/fetch/index.js:288:16)\n    at KR.fetch (/home/khel/dotfiles/local/.local/share/nvim/lazy/copilot.lua/copilot/lib/src/network/helix.ts:94:22)\n    at apiFetch (/home/khel/dotfiles/local/.local/share/nvim/lazy/copilot.lua/copilot/lib/src/network/github.ts:31:22)\n    at fetchCopilotToken (/home/khel/dotfiles/local/.local/share/nvim/lazy/copilot.lua/copilot/lib/src/auth/copilotToken.ts:231:16)\n    at authFromGitHubToken (/home/khel/dotfiles/local/.local/share/nvim/lazy/copilot.lua/copilot/lib/src/auth/copilotToken.ts:154:22)\n    at gS.fetchCopilotTokenResult (/home/khel/dotfiles/local/.local/share/nvim/lazy/copilot.lua/copilot/lib/src/auth/copilotTokenManager.ts:88:29) {\n  type: 'system',\n  _name: 'FetchError',\n  code: 'EAI_AGAIN',\n  errno: -3001,\n  erroredSysCall: 'getaddrinfo'\n}"
[ERROR][2025-06-07 22:24:03] ...lsp/handlers.lua:562	"[lsp] Request getCompletions: FetchError: getaddrinfo EAI_AGAIN api.github.com\n    at fetch (/home/khel/dotfiles/local/.local/share/nvim/lazy/copilot.lua/copilot/node_modules/@adobe/helix-fetch/src/fetch/index.js:99:11)\n    at processTicksAndRejections (node:internal/process/task_queues:105:5)\n    at cachingFetch (/home/khel/dotfiles/local/.local/share/nvim/lazy/copilot.lua/copilot/node_modules/@adobe/helix-fetch/src/fetch/index.js:288:16)\n    at KR.fetch (/home/khel/dotfiles/local/.local/share/nvim/lazy/copilot.lua/copilot/lib/src/network/helix.ts:94:22)\n    at apiFetch (/home/khel/dotfiles/local/.local/share/nvim/lazy/copilot.lua/copilot/lib/src/network/github.ts:31:22)\n    at fetchCopilotToken (/home/khel/dotfiles/local/.local/share/nvim/lazy/copilot.lua/copilot/lib/src/auth/copilotToken.ts:231:16)\n    at authFromGitHubToken (/home/khel/dotfiles/local/.local/share/nvim/lazy/copilot.lua/copilot/lib/src/auth/copilotToken.ts:154:22)\n    at gS.fetchCopilotTokenResult (/home/khel/dotfiles/local/.local/share/nvim/lazy/copilot.lua/copilot/lib/src/auth/copilotTokenManager.ts:88:29) {\n  type: 'system',\n  _name: 'FetchError',\n  code: 'EAI_AGAIN',\n  errno: -3001,\n  erroredSysCall: 'getaddrinfo'\n}"
[ERROR][2025-06-07 22:24:03] ...lsp/handlers.lua:562	"[lsp] Request getCompletions: FetchError: getaddrinfo EAI_AGAIN api.github.com\n    at fetch (/home/khel/dotfiles/local/.local/share/nvim/lazy/copilot.lua/copilot/node_modules/@adobe/helix-fetch/src/fetch/index.js:99:11)\n    at processTicksAndRejections (node:internal/process/task_queues:105:5)\n    at cachingFetch (/home/khel/dotfiles/local/.local/share/nvim/lazy/copilot.lua/copilot/node_modules/@adobe/helix-fetch/src/fetch/index.js:288:16)\n    at KR.fetch (/home/khel/dotfiles/local/.local/share/nvim/lazy/copilot.lua/copilot/lib/src/network/helix.ts:94:22)\n    at apiFetch (/home/khel/dotfiles/local/.local/share/nvim/lazy/copilot.lua/copilot/lib/src/network/github.ts:31:22)\n    at fetchCopilotToken (/home/khel/dotfiles/local/.local/share/nvim/lazy/copilot.lua/copilot/lib/src/auth/copilotToken.ts:231:16)\n    at authFromGitHubToken (/home/khel/dotfiles/local/.local/share/nvim/lazy/copilot.lua/copilot/lib/src/auth/copilotToken.ts:154:22)\n    at gS.fetchCopilotTokenResult (/home/khel/dotfiles/local/.local/share/nvim/lazy/copilot.lua/copilot/lib/src/auth/copilotTokenManager.ts:88:29) {\n  type: 'system',\n  _name: 'FetchError',\n  code: 'EAI_AGAIN',\n  errno: -3001,\n  erroredSysCall: 'getaddrinfo'\n}"
[ERROR][2025-06-07 22:24:14] ...lsp/handlers.lua:562	"[lsp] Request getCompletions: FetchError: getaddrinfo EAI_AGAIN api.github.com\n    at fetch (/home/khel/dotfiles/local/.local/share/nvim/lazy/copilot.lua/copilot/node_modules/@adobe/helix-fetch/src/fetch/index.js:99:11)\n    at processTicksAndRejections (node:internal/process/task_queues:105:5)\n    at cachingFetch (/home/khel/dotfiles/local/.local/share/nvim/lazy/copilot.lua/copilot/node_modules/@adobe/helix-fetch/src/fetch/index.js:288:16)\n    at KR.fetch (/home/khel/dotfiles/local/.local/share/nvim/lazy/copilot.lua/copilot/lib/src/network/helix.ts:94:22)\n    at apiFetch (/home/khel/dotfiles/local/.local/share/nvim/lazy/copilot.lua/copilot/lib/src/network/github.ts:31:22)\n    at fetchCopilotToken (/home/khel/dotfiles/local/.local/share/nvim/lazy/copilot.lua/copilot/lib/src/auth/copilotToken.ts:231:16)\n    at authFromGitHubToken (/home/khel/dotfiles/local/.local/share/nvim/lazy/copilot.lua/copilot/lib/src/auth/copilotToken.ts:154:22)\n    at gS.fetchCopilotTokenResult (/home/khel/dotfiles/local/.local/share/nvim/lazy/copilot.lua/copilot/lib/src/auth/copilotTokenManager.ts:88:29) {\n  type: 'system',\n  _name: 'FetchError',\n  code: 'EAI_AGAIN',\n  errno: -3001,\n  erroredSysCall: 'getaddrinfo'\n}"
[ERROR][2025-06-07 22:24:14] ...lsp/handlers.lua:562	"[lsp] Request getCompletions: FetchError: getaddrinfo EAI_AGAIN api.github.com\n    at fetch (/home/khel/dotfiles/local/.local/share/nvim/lazy/copilot.lua/copilot/node_modules/@adobe/helix-fetch/src/fetch/index.js:99:11)\n    at processTicksAndRejections (node:internal/process/task_queues:105:5)\n    at cachingFetch (/home/khel/dotfiles/local/.local/share/nvim/lazy/copilot.lua/copilot/node_modules/@adobe/helix-fetch/src/fetch/index.js:288:16)\n    at KR.fetch (/home/khel/dotfiles/local/.local/share/nvim/lazy/copilot.lua/copilot/lib/src/network/helix.ts:94:22)\n    at apiFetch (/home/khel/dotfiles/local/.local/share/nvim/lazy/copilot.lua/copilot/lib/src/network/github.ts:31:22)\n    at fetchCopilotToken (/home/khel/dotfiles/local/.local/share/nvim/lazy/copilot.lua/copilot/lib/src/auth/copilotToken.ts:231:16)\n    at authFromGitHubToken (/home/khel/dotfiles/local/.local/share/nvim/lazy/copilot.lua/copilot/lib/src/auth/copilotToken.ts:154:22)\n    at gS.fetchCopilotTokenResult (/home/khel/dotfiles/local/.local/share/nvim/lazy/copilot.lua/copilot/lib/src/auth/copilotTokenManager.ts:88:29) {\n  type: 'system',\n  _name: 'FetchError',\n  code: 'EAI_AGAIN',\n  errno: -3001,\n  erroredSysCall: 'getaddrinfo'\n}"
[ERROR][2025-06-07 22:24:14] ...lsp/handlers.lua:562	"[lsp] Request getCompletions: FetchError: getaddrinfo EAI_AGAIN api.github.com\n    at fetch (/home/khel/dotfiles/local/.local/share/nvim/lazy/copilot.lua/copilot/node_modules/@adobe/helix-fetch/src/fetch/index.js:99:11)\n    at processTicksAndRejections (node:internal/process/task_queues:105:5)\n    at cachingFetch (/home/khel/dotfiles/local/.local/share/nvim/lazy/copilot.lua/copilot/node_modules/@adobe/helix-fetch/src/fetch/index.js:288:16)\n    at KR.fetch (/home/khel/dotfiles/local/.local/share/nvim/lazy/copilot.lua/copilot/lib/src/network/helix.ts:94:22)\n    at apiFetch (/home/khel/dotfiles/local/.local/share/nvim/lazy/copilot.lua/copilot/lib/src/network/github.ts:31:22)\n    at fetchCopilotToken (/home/khel/dotfiles/local/.local/share/nvim/lazy/copilot.lua/copilot/lib/src/auth/copilotToken.ts:231:16)\n    at authFromGitHubToken (/home/khel/dotfiles/local/.local/share/nvim/lazy/copilot.lua/copilot/lib/src/auth/copilotToken.ts:154:22)\n    at gS.fetchCopilotTokenResult (/home/khel/dotfiles/local/.local/share/nvim/lazy/copilot.lua/copilot/lib/src/auth/copilotTokenManager.ts:88:29) {\n  type: 'system',\n  _name: 'FetchError',\n  code: 'EAI_AGAIN',\n  errno: -3001,\n  erroredSysCall: 'getaddrinfo'\n}"
[ERROR][2025-06-07 22:24:14] ...lsp/handlers.lua:562	"[lsp] Request getCompletions: FetchError: getaddrinfo EAI_AGAIN api.github.com\n    at fetch (/home/khel/dotfiles/local/.local/share/nvim/lazy/copilot.lua/copilot/node_modules/@adobe/helix-fetch/src/fetch/index.js:99:11)\n    at processTicksAndRejections (node:internal/process/task_queues:105:5)\n    at cachingFetch (/home/khel/dotfiles/local/.local/share/nvim/lazy/copilot.lua/copilot/node_modules/@adobe/helix-fetch/src/fetch/index.js:288:16)\n    at KR.fetch (/home/khel/dotfiles/local/.local/share/nvim/lazy/copilot.lua/copilot/lib/src/network/helix.ts:94:22)\n    at apiFetch (/home/khel/dotfiles/local/.local/share/nvim/lazy/copilot.lua/copilot/lib/src/network/github.ts:31:22)\n    at fetchCopilotToken (/home/khel/dotfiles/local/.local/share/nvim/lazy/copilot.lua/copilot/lib/src/auth/copilotToken.ts:231:16)\n    at authFromGitHubToken (/home/khel/dotfiles/local/.local/share/nvim/lazy/copilot.lua/copilot/lib/src/auth/copilotToken.ts:154:22)\n    at gS.fetchCopilotTokenResult (/home/khel/dotfiles/local/.local/share/nvim/lazy/copilot.lua/copilot/lib/src/auth/copilotTokenManager.ts:88:29) {\n  type: 'system',\n  _name: 'FetchError',\n  code: 'EAI_AGAIN',\n  errno: -3001,\n  erroredSysCall: 'getaddrinfo'\n}"
[ERROR][2025-06-07 22:24:14] ...lsp/handlers.lua:562	"[lsp] Request getCompletions: FetchError: getaddrinfo EAI_AGAIN api.github.com\n    at fetch (/home/khel/dotfiles/local/.local/share/nvim/lazy/copilot.lua/copilot/node_modules/@adobe/helix-fetch/src/fetch/index.js:99:11)\n    at processTicksAndRejections (node:internal/process/task_queues:105:5)\n    at cachingFetch (/home/khel/dotfiles/local/.local/share/nvim/lazy/copilot.lua/copilot/node_modules/@adobe/helix-fetch/src/fetch/index.js:288:16)\n    at KR.fetch (/home/khel/dotfiles/local/.local/share/nvim/lazy/copilot.lua/copilot/lib/src/network/helix.ts:94:22)\n    at apiFetch (/home/khel/dotfiles/local/.local/share/nvim/lazy/copilot.lua/copilot/lib/src/network/github.ts:31:22)\n    at fetchCopilotToken (/home/khel/dotfiles/local/.local/share/nvim/lazy/copilot.lua/copilot/lib/src/auth/copilotToken.ts:231:16)\n    at authFromGitHubToken (/home/khel/dotfiles/local/.local/share/nvim/lazy/copilot.lua/copilot/lib/src/auth/copilotToken.ts:154:22)\n    at gS.fetchCopilotTokenResult (/home/khel/dotfiles/local/.local/share/nvim/lazy/copilot.lua/copilot/lib/src/auth/copilotTokenManager.ts:88:29) {\n  type: 'system',\n  _name: 'FetchError',\n  code: 'EAI_AGAIN',\n  errno: -3001,\n  erroredSysCall: 'getaddrinfo'\n}"
[ERROR][2025-06-07 22:24:14] ...lsp/handlers.lua:562	"[lsp] Request getCompletions: FetchError: getaddrinfo EAI_AGAIN api.github.com\n    at fetch (/home/khel/dotfiles/local/.local/share/nvim/lazy/copilot.lua/copilot/node_modules/@adobe/helix-fetch/src/fetch/index.js:99:11)\n    at processTicksAndRejections (node:internal/process/task_queues:105:5)\n    at cachingFetch (/home/khel/dotfiles/local/.local/share/nvim/lazy/copilot.lua/copilot/node_modules/@adobe/helix-fetch/src/fetch/index.js:288:16)\n    at KR.fetch (/home/khel/dotfiles/local/.local/share/nvim/lazy/copilot.lua/copilot/lib/src/network/helix.ts:94:22)\n    at apiFetch (/home/khel/dotfiles/local/.local/share/nvim/lazy/copilot.lua/copilot/lib/src/network/github.ts:31:22)\n    at fetchCopilotToken (/home/khel/dotfiles/local/.local/share/nvim/lazy/copilot.lua/copilot/lib/src/auth/copilotToken.ts:231:16)\n    at authFromGitHubToken (/home/khel/dotfiles/local/.local/share/nvim/lazy/copilot.lua/copilot/lib/src/auth/copilotToken.ts:154:22)\n    at gS.fetchCopilotTokenResult (/home/khel/dotfiles/local/.local/share/nvim/lazy/copilot.lua/copilot/lib/src/auth/copilotTokenManager.ts:88:29) {\n  type: 'system',\n  _name: 'FetchError',\n  code: 'EAI_AGAIN',\n  errno: -3001,\n  erroredSysCall: 'getaddrinfo'\n}"
[ERROR][2025-06-07 22:24:14] ...lsp/handlers.lua:562	"[lsp] Request getCompletions: FetchError: getaddrinfo EAI_AGAIN api.github.com\n    at fetch (/home/khel/dotfiles/local/.local/share/nvim/lazy/copilot.lua/copilot/node_modules/@adobe/helix-fetch/src/fetch/index.js:99:11)\n    at processTicksAndRejections (node:internal/process/task_queues:105:5)\n    at cachingFetch (/home/khel/dotfiles/local/.local/share/nvim/lazy/copilot.lua/copilot/node_modules/@adobe/helix-fetch/src/fetch/index.js:288:16)\n    at KR.fetch (/home/khel/dotfiles/local/.local/share/nvim/lazy/copilot.lua/copilot/lib/src/network/helix.ts:94:22)\n    at apiFetch (/home/khel/dotfiles/local/.local/share/nvim/lazy/copilot.lua/copilot/lib/src/network/github.ts:31:22)\n    at fetchCopilotToken (/home/khel/dotfiles/local/.local/share/nvim/lazy/copilot.lua/copilot/lib/src/auth/copilotToken.ts:231:16)\n    at authFromGitHubToken (/home/khel/dotfiles/local/.local/share/nvim/lazy/copilot.lua/copilot/lib/src/auth/copilotToken.ts:154:22)\n    at gS.fetchCopilotTokenResult (/home/khel/dotfiles/local/.local/share/nvim/lazy/copilot.lua/copilot/lib/src/auth/copilotTokenManager.ts:88:29) {\n  type: 'system',\n  _name: 'FetchError',\n  code: 'EAI_AGAIN',\n  errno: -3001,\n  erroredSysCall: 'getaddrinfo'\n}"
[ERROR][2025-06-07 22:24:14] ...lsp/handlers.lua:562	"[lsp] Request getCompletions: FetchError: getaddrinfo EAI_AGAIN api.github.com\n    at fetch (/home/khel/dotfiles/local/.local/share/nvim/lazy/copilot.lua/copilot/node_modules/@adobe/helix-fetch/src/fetch/index.js:99:11)\n    at processTicksAndRejections (node:internal/process/task_queues:105:5)\n    at cachingFetch (/home/khel/dotfiles/local/.local/share/nvim/lazy/copilot.lua/copilot/node_modules/@adobe/helix-fetch/src/fetch/index.js:288:16)\n    at KR.fetch (/home/khel/dotfiles/local/.local/share/nvim/lazy/copilot.lua/copilot/lib/src/network/helix.ts:94:22)\n    at apiFetch (/home/khel/dotfiles/local/.local/share/nvim/lazy/copilot.lua/copilot/lib/src/network/github.ts:31:22)\n    at fetchCopilotToken (/home/khel/dotfiles/local/.local/share/nvim/lazy/copilot.lua/copilot/lib/src/auth/copilotToken.ts:231:16)\n    at authFromGitHubToken (/home/khel/dotfiles/local/.local/share/nvim/lazy/copilot.lua/copilot/lib/src/auth/copilotToken.ts:154:22)\n    at gS.fetchCopilotTokenResult (/home/khel/dotfiles/local/.local/share/nvim/lazy/copilot.lua/copilot/lib/src/auth/copilotTokenManager.ts:88:29) {\n  type: 'system',\n  _name: 'FetchError',\n  code: 'EAI_AGAIN',\n  errno: -3001,\n  erroredSysCall: 'getaddrinfo'\n}"
[ERROR][2025-06-07 22:24:14] ...lsp/handlers.lua:562	"[lsp] Request getCompletions: FetchError: getaddrinfo EAI_AGAIN api.github.com\n    at fetch (/home/khel/dotfiles/local/.local/share/nvim/lazy/copilot.lua/copilot/node_modules/@adobe/helix-fetch/src/fetch/index.js:99:11)\n    at processTicksAndRejections (node:internal/process/task_queues:105:5)\n    at cachingFetch (/home/khel/dotfiles/local/.local/share/nvim/lazy/copilot.lua/copilot/node_modules/@adobe/helix-fetch/src/fetch/index.js:288:16)\n    at KR.fetch (/home/khel/dotfiles/local/.local/share/nvim/lazy/copilot.lua/copilot/lib/src/network/helix.ts:94:22)\n    at apiFetch (/home/khel/dotfiles/local/.local/share/nvim/lazy/copilot.lua/copilot/lib/src/network/github.ts:31:22)\n    at fetchCopilotToken (/home/khel/dotfiles/local/.local/share/nvim/lazy/copilot.lua/copilot/lib/src/auth/copilotToken.ts:231:16)\n    at authFromGitHubToken (/home/khel/dotfiles/local/.local/share/nvim/lazy/copilot.lua/copilot/lib/src/auth/copilotToken.ts:154:22)\n    at gS.fetchCopilotTokenResult (/home/khel/dotfiles/local/.local/share/nvim/lazy/copilot.lua/copilot/lib/src/auth/copilotTokenManager.ts:88:29) {\n  type: 'system',\n  _name: 'FetchError',\n  code: 'EAI_AGAIN',\n  errno: -3001,\n  erroredSysCall: 'getaddrinfo'\n}"
[ERROR][2025-06-07 22:24:14] ...lsp/handlers.lua:562	"[lsp] Request getCompletions: FetchError: getaddrinfo EAI_AGAIN api.github.com\n    at fetch (/home/khel/dotfiles/local/.local/share/nvim/lazy/copilot.lua/copilot/node_modules/@adobe/helix-fetch/src/fetch/index.js:99:11)\n    at processTicksAndRejections (node:internal/process/task_queues:105:5)\n    at cachingFetch (/home/khel/dotfiles/local/.local/share/nvim/lazy/copilot.lua/copilot/node_modules/@adobe/helix-fetch/src/fetch/index.js:288:16)\n    at KR.fetch (/home/khel/dotfiles/local/.local/share/nvim/lazy/copilot.lua/copilot/lib/src/network/helix.ts:94:22)\n    at apiFetch (/home/khel/dotfiles/local/.local/share/nvim/lazy/copilot.lua/copilot/lib/src/network/github.ts:31:22)\n    at fetchCopilotToken (/home/khel/dotfiles/local/.local/share/nvim/lazy/copilot.lua/copilot/lib/src/auth/copilotToken.ts:231:16)\n    at authFromGitHubToken (/home/khel/dotfiles/local/.local/share/nvim/lazy/copilot.lua/copilot/lib/src/auth/copilotToken.ts:154:22)\n    at gS.fetchCopilotTokenResult (/home/khel/dotfiles/local/.local/share/nvim/lazy/copilot.lua/copilot/lib/src/auth/copilotTokenManager.ts:88:29) {\n  type: 'system',\n  _name: 'FetchError',\n  code: 'EAI_AGAIN',\n  errno: -3001,\n  erroredSysCall: 'getaddrinfo'\n}"
[ERROR][2025-06-07 22:24:14] ...lsp/handlers.lua:562	"[lsp] Request getCompletions: FetchError: getaddrinfo EAI_AGAIN api.github.com\n    at fetch (/home/khel/dotfiles/local/.local/share/nvim/lazy/copilot.lua/copilot/node_modules/@adobe/helix-fetch/src/fetch/index.js:99:11)\n    at processTicksAndRejections (node:internal/process/task_queues:105:5)\n    at cachingFetch (/home/khel/dotfiles/local/.local/share/nvim/lazy/copilot.lua/copilot/node_modules/@adobe/helix-fetch/src/fetch/index.js:288:16)\n    at KR.fetch (/home/khel/dotfiles/local/.local/share/nvim/lazy/copilot.lua/copilot/lib/src/network/helix.ts:94:22)\n    at apiFetch (/home/khel/dotfiles/local/.local/share/nvim/lazy/copilot.lua/copilot/lib/src/network/github.ts:31:22)\n    at fetchCopilotToken (/home/khel/dotfiles/local/.local/share/nvim/lazy/copilot.lua/copilot/lib/src/auth/copilotToken.ts:231:16)\n    at authFromGitHubToken (/home/khel/dotfiles/local/.local/share/nvim/lazy/copilot.lua/copilot/lib/src/auth/copilotToken.ts:154:22)\n    at gS.fetchCopilotTokenResult (/home/khel/dotfiles/local/.local/share/nvim/lazy/copilot.lua/copilot/lib/src/auth/copilotTokenManager.ts:88:29) {\n  type: 'system',\n  _name: 'FetchError',\n  code: 'EAI_AGAIN',\n  errno: -3001,\n  erroredSysCall: 'getaddrinfo'\n}"
[ERROR][2025-06-07 22:24:14] ...lsp/handlers.lua:562	"[lsp] Request getCompletions: FetchError: getaddrinfo EAI_AGAIN api.github.com\n    at fetch (/home/khel/dotfiles/local/.local/share/nvim/lazy/copilot.lua/copilot/node_modules/@adobe/helix-fetch/src/fetch/index.js:99:11)\n    at processTicksAndRejections (node:internal/process/task_queues:105:5)\n    at cachingFetch (/home/khel/dotfiles/local/.local/share/nvim/lazy/copilot.lua/copilot/node_modules/@adobe/helix-fetch/src/fetch/index.js:288:16)\n    at KR.fetch (/home/khel/dotfiles/local/.local/share/nvim/lazy/copilot.lua/copilot/lib/src/network/helix.ts:94:22)\n    at apiFetch (/home/khel/dotfiles/local/.local/share/nvim/lazy/copilot.lua/copilot/lib/src/network/github.ts:31:22)\n    at fetchCopilotToken (/home/khel/dotfiles/local/.local/share/nvim/lazy/copilot.lua/copilot/lib/src/auth/copilotToken.ts:231:16)\n    at authFromGitHubToken (/home/khel/dotfiles/local/.local/share/nvim/lazy/copilot.lua/copilot/lib/src/auth/copilotToken.ts:154:22)\n    at gS.fetchCopilotTokenResult (/home/khel/dotfiles/local/.local/share/nvim/lazy/copilot.lua/copilot/lib/src/auth/copilotTokenManager.ts:88:29) {\n  type: 'system',\n  _name: 'FetchError',\n  code: 'EAI_AGAIN',\n  errno: -3001,\n  erroredSysCall: 'getaddrinfo'\n}"
[ERROR][2025-06-07 22:24:14] ...lsp/handlers.lua:562	"[lsp] Request getCompletions: FetchError: getaddrinfo EAI_AGAIN api.github.com\n    at fetch (/home/khel/dotfiles/local/.local/share/nvim/lazy/copilot.lua/copilot/node_modules/@adobe/helix-fetch/src/fetch/index.js:99:11)\n    at processTicksAndRejections (node:internal/process/task_queues:105:5)\n    at cachingFetch (/home/khel/dotfiles/local/.local/share/nvim/lazy/copilot.lua/copilot/node_modules/@adobe/helix-fetch/src/fetch/index.js:288:16)\n    at KR.fetch (/home/khel/dotfiles/local/.local/share/nvim/lazy/copilot.lua/copilot/lib/src/network/helix.ts:94:22)\n    at apiFetch (/home/khel/dotfiles/local/.local/share/nvim/lazy/copilot.lua/copilot/lib/src/network/github.ts:31:22)\n    at fetchCopilotToken (/home/khel/dotfiles/local/.local/share/nvim/lazy/copilot.lua/copilot/lib/src/auth/copilotToken.ts:231:16)\n    at authFromGitHubToken (/home/khel/dotfiles/local/.local/share/nvim/lazy/copilot.lua/copilot/lib/src/auth/copilotToken.ts:154:22)\n    at gS.fetchCopilotTokenResult (/home/khel/dotfiles/local/.local/share/nvim/lazy/copilot.lua/copilot/lib/src/auth/copilotTokenManager.ts:88:29) {\n  type: 'system',\n  _name: 'FetchError',\n  code: 'EAI_AGAIN',\n  errno: -3001,\n  erroredSysCall: 'getaddrinfo'\n}"
[ERROR][2025-06-07 22:24:14] ...lsp/handlers.lua:562	"[lsp] Request getCompletions: FetchError: getaddrinfo EAI_AGAIN api.github.com\n    at fetch (/home/khel/dotfiles/local/.local/share/nvim/lazy/copilot.lua/copilot/node_modules/@adobe/helix-fetch/src/fetch/index.js:99:11)\n    at processTicksAndRejections (node:internal/process/task_queues:105:5)\n    at cachingFetch (/home/khel/dotfiles/local/.local/share/nvim/lazy/copilot.lua/copilot/node_modules/@adobe/helix-fetch/src/fetch/index.js:288:16)\n    at KR.fetch (/home/khel/dotfiles/local/.local/share/nvim/lazy/copilot.lua/copilot/lib/src/network/helix.ts:94:22)\n    at apiFetch (/home/khel/dotfiles/local/.local/share/nvim/lazy/copilot.lua/copilot/lib/src/network/github.ts:31:22)\n    at fetchCopilotToken (/home/khel/dotfiles/local/.local/share/nvim/lazy/copilot.lua/copilot/lib/src/auth/copilotToken.ts:231:16)\n    at authFromGitHubToken (/home/khel/dotfiles/local/.local/share/nvim/lazy/copilot.lua/copilot/lib/src/auth/copilotToken.ts:154:22)\n    at gS.fetchCopilotTokenResult (/home/khel/dotfiles/local/.local/share/nvim/lazy/copilot.lua/copilot/lib/src/auth/copilotTokenManager.ts:88:29) {\n  type: 'system',\n  _name: 'FetchError',\n  code: 'EAI_AGAIN',\n  errno: -3001,\n  erroredSysCall: 'getaddrinfo'\n}"
[ERROR][2025-06-07 22:24:14] ...lsp/handlers.lua:562	"[lsp] Request getCompletions: FetchError: getaddrinfo EAI_AGAIN api.github.com\n    at fetch (/home/khel/dotfiles/local/.local/share/nvim/lazy/copilot.lua/copilot/node_modules/@adobe/helix-fetch/src/fetch/index.js:99:11)\n    at processTicksAndRejections (node:internal/process/task_queues:105:5)\n    at cachingFetch (/home/khel/dotfiles/local/.local/share/nvim/lazy/copilot.lua/copilot/node_modules/@adobe/helix-fetch/src/fetch/index.js:288:16)\n    at KR.fetch (/home/khel/dotfiles/local/.local/share/nvim/lazy/copilot.lua/copilot/lib/src/network/helix.ts:94:22)\n    at apiFetch (/home/khel/dotfiles/local/.local/share/nvim/lazy/copilot.lua/copilot/lib/src/network/github.ts:31:22)\n    at fetchCopilotToken (/home/khel/dotfiles/local/.local/share/nvim/lazy/copilot.lua/copilot/lib/src/auth/copilotToken.ts:231:16)\n    at authFromGitHubToken (/home/khel/dotfiles/local/.local/share/nvim/lazy/copilot.lua/copilot/lib/src/auth/copilotToken.ts:154:22)\n    at gS.fetchCopilotTokenResult (/home/khel/dotfiles/local/.local/share/nvim/lazy/copilot.lua/copilot/lib/src/auth/copilotTokenManager.ts:88:29) {\n  type: 'system',\n  _name: 'FetchError',\n  code: 'EAI_AGAIN',\n  errno: -3001,\n  erroredSysCall: 'getaddrinfo'\n}"
[ERROR][2025-06-07 22:24:14] ...lsp/handlers.lua:562	"[lsp] Request getCompletions: FetchError: getaddrinfo EAI_AGAIN api.github.com\n    at fetch (/home/khel/dotfiles/local/.local/share/nvim/lazy/copilot.lua/copilot/node_modules/@adobe/helix-fetch/src/fetch/index.js:99:11)\n    at processTicksAndRejections (node:internal/process/task_queues:105:5)\n    at cachingFetch (/home/khel/dotfiles/local/.local/share/nvim/lazy/copilot.lua/copilot/node_modules/@adobe/helix-fetch/src/fetch/index.js:288:16)\n    at KR.fetch (/home/khel/dotfiles/local/.local/share/nvim/lazy/copilot.lua/copilot/lib/src/network/helix.ts:94:22)\n    at apiFetch (/home/khel/dotfiles/local/.local/share/nvim/lazy/copilot.lua/copilot/lib/src/network/github.ts:31:22)\n    at fetchCopilotToken (/home/khel/dotfiles/local/.local/share/nvim/lazy/copilot.lua/copilot/lib/src/auth/copilotToken.ts:231:16)\n    at authFromGitHubToken (/home/khel/dotfiles/local/.local/share/nvim/lazy/copilot.lua/copilot/lib/src/auth/copilotToken.ts:154:22)\n    at gS.fetchCopilotTokenResult (/home/khel/dotfiles/local/.local/share/nvim/lazy/copilot.lua/copilot/lib/src/auth/copilotTokenManager.ts:88:29) {\n  type: 'system',\n  _name: 'FetchError',\n  code: 'EAI_AGAIN',\n  errno: -3001,\n  erroredSysCall: 'getaddrinfo'\n}"
[ERROR][2025-06-07 22:24:14] ...lsp/handlers.lua:562	"[lsp] Request getCompletions: FetchError: getaddrinfo EAI_AGAIN api.github.com\n    at fetch (/home/khel/dotfiles/local/.local/share/nvim/lazy/copilot.lua/copilot/node_modules/@adobe/helix-fetch/src/fetch/index.js:99:11)\n    at processTicksAndRejections (node:internal/process/task_queues:105:5)\n    at cachingFetch (/home/khel/dotfiles/local/.local/share/nvim/lazy/copilot.lua/copilot/node_modules/@adobe/helix-fetch/src/fetch/index.js:288:16)\n    at KR.fetch (/home/khel/dotfiles/local/.local/share/nvim/lazy/copilot.lua/copilot/lib/src/network/helix.ts:94:22)\n    at apiFetch (/home/khel/dotfiles/local/.local/share/nvim/lazy/copilot.lua/copilot/lib/src/network/github.ts:31:22)\n    at fetchCopilotToken (/home/khel/dotfiles/local/.local/share/nvim/lazy/copilot.lua/copilot/lib/src/auth/copilotToken.ts:231:16)\n    at authFromGitHubToken (/home/khel/dotfiles/local/.local/share/nvim/lazy/copilot.lua/copilot/lib/src/auth/copilotToken.ts:154:22)\n    at gS.fetchCopilotTokenResult (/home/khel/dotfiles/local/.local/share/nvim/lazy/copilot.lua/copilot/lib/src/auth/copilotTokenManager.ts:88:29) {\n  type: 'system',\n  _name: 'FetchError',\n  code: 'EAI_AGAIN',\n  errno: -3001,\n  erroredSysCall: 'getaddrinfo'\n}"
[ERROR][2025-06-07 22:24:14] ...lsp/handlers.lua:562	"[lsp] Request getCompletions: FetchError: getaddrinfo EAI_AGAIN api.github.com\n    at fetch (/home/khel/dotfiles/local/.local/share/nvim/lazy/copilot.lua/copilot/node_modules/@adobe/helix-fetch/src/fetch/index.js:99:11)\n    at processTicksAndRejections (node:internal/process/task_queues:105:5)\n    at cachingFetch (/home/khel/dotfiles/local/.local/share/nvim/lazy/copilot.lua/copilot/node_modules/@adobe/helix-fetch/src/fetch/index.js:288:16)\n    at KR.fetch (/home/khel/dotfiles/local/.local/share/nvim/lazy/copilot.lua/copilot/lib/src/network/helix.ts:94:22)\n    at apiFetch (/home/khel/dotfiles/local/.local/share/nvim/lazy/copilot.lua/copilot/lib/src/network/github.ts:31:22)\n    at fetchCopilotToken (/home/khel/dotfiles/local/.local/share/nvim/lazy/copilot.lua/copilot/lib/src/auth/copilotToken.ts:231:16)\n    at authFromGitHubToken (/home/khel/dotfiles/local/.local/share/nvim/lazy/copilot.lua/copilot/lib/src/auth/copilotToken.ts:154:22)\n    at gS.fetchCopilotTokenResult (/home/khel/dotfiles/local/.local/share/nvim/lazy/copilot.lua/copilot/lib/src/auth/copilotTokenManager.ts:88:29) {\n  type: 'system',\n  _name: 'FetchError',\n  code: 'EAI_AGAIN',\n  errno: -3001,\n  erroredSysCall: 'getaddrinfo'\n}"
[ERROR][2025-06-07 22:24:14] ...lsp/handlers.lua:562	"[lsp] Request getCompletions: FetchError: getaddrinfo EAI_AGAIN api.github.com\n    at fetch (/home/khel/dotfiles/local/.local/share/nvim/lazy/copilot.lua/copilot/node_modules/@adobe/helix-fetch/src/fetch/index.js:99:11)\n    at processTicksAndRejections (node:internal/process/task_queues:105:5)\n    at cachingFetch (/home/khel/dotfiles/local/.local/share/nvim/lazy/copilot.lua/copilot/node_modules/@adobe/helix-fetch/src/fetch/index.js:288:16)\n    at KR.fetch (/home/khel/dotfiles/local/.local/share/nvim/lazy/copilot.lua/copilot/lib/src/network/helix.ts:94:22)\n    at apiFetch (/home/khel/dotfiles/local/.local/share/nvim/lazy/copilot.lua/copilot/lib/src/network/github.ts:31:22)\n    at fetchCopilotToken (/home/khel/dotfiles/local/.local/share/nvim/lazy/copilot.lua/copilot/lib/src/auth/copilotToken.ts:231:16)\n    at authFromGitHubToken (/home/khel/dotfiles/local/.local/share/nvim/lazy/copilot.lua/copilot/lib/src/auth/copilotToken.ts:154:22)\n    at gS.fetchCopilotTokenResult (/home/khel/dotfiles/local/.local/share/nvim/lazy/copilot.lua/copilot/lib/src/auth/copilotTokenManager.ts:88:29) {\n  type: 'system',\n  _name: 'FetchError',\n  code: 'EAI_AGAIN',\n  errno: -3001,\n  erroredSysCall: 'getaddrinfo'\n}"
[ERROR][2025-06-07 22:24:14] ...lsp/handlers.lua:562	"[lsp] Request getCompletions: FetchError: getaddrinfo EAI_AGAIN api.github.com\n    at fetch (/home/khel/dotfiles/local/.local/share/nvim/lazy/copilot.lua/copilot/node_modules/@adobe/helix-fetch/src/fetch/index.js:99:11)\n    at processTicksAndRejections (node:internal/process/task_queues:105:5)\n    at cachingFetch (/home/khel/dotfiles/local/.local/share/nvim/lazy/copilot.lua/copilot/node_modules/@adobe/helix-fetch/src/fetch/index.js:288:16)\n    at KR.fetch (/home/khel/dotfiles/local/.local/share/nvim/lazy/copilot.lua/copilot/lib/src/network/helix.ts:94:22)\n    at apiFetch (/home/khel/dotfiles/local/.local/share/nvim/lazy/copilot.lua/copilot/lib/src/network/github.ts:31:22)\n    at fetchCopilotToken (/home/khel/dotfiles/local/.local/share/nvim/lazy/copilot.lua/copilot/lib/src/auth/copilotToken.ts:231:16)\n    at authFromGitHubToken (/home/khel/dotfiles/local/.local/share/nvim/lazy/copilot.lua/copilot/lib/src/auth/copilotToken.ts:154:22)\n    at gS.fetchCopilotTokenResult (/home/khel/dotfiles/local/.local/share/nvim/lazy/copilot.lua/copilot/lib/src/auth/copilotTokenManager.ts:88:29) {\n  type: 'system',\n  _name: 'FetchError',\n  code: 'EAI_AGAIN',\n  errno: -3001,\n  erroredSysCall: 'getaddrinfo'\n}"
[ERROR][2025-06-07 22:24:14] ...lsp/handlers.lua:562	"[lsp] Request getCompletions: FetchError: getaddrinfo EAI_AGAIN api.github.com\n    at fetch (/home/khel/dotfiles/local/.local/share/nvim/lazy/copilot.lua/copilot/node_modules/@adobe/helix-fetch/src/fetch/index.js:99:11)\n    at processTicksAndRejections (node:internal/process/task_queues:105:5)\n    at cachingFetch (/home/khel/dotfiles/local/.local/share/nvim/lazy/copilot.lua/copilot/node_modules/@adobe/helix-fetch/src/fetch/index.js:288:16)\n    at KR.fetch (/home/khel/dotfiles/local/.local/share/nvim/lazy/copilot.lua/copilot/lib/src/network/helix.ts:94:22)\n    at apiFetch (/home/khel/dotfiles/local/.local/share/nvim/lazy/copilot.lua/copilot/lib/src/network/github.ts:31:22)\n    at fetchCopilotToken (/home/khel/dotfiles/local/.local/share/nvim/lazy/copilot.lua/copilot/lib/src/auth/copilotToken.ts:231:16)\n    at authFromGitHubToken (/home/khel/dotfiles/local/.local/share/nvim/lazy/copilot.lua/copilot/lib/src/auth/copilotToken.ts:154:22)\n    at gS.fetchCopilotTokenResult (/home/khel/dotfiles/local/.local/share/nvim/lazy/copilot.lua/copilot/lib/src/auth/copilotTokenManager.ts:88:29) {\n  type: 'system',\n  _name: 'FetchError',\n  code: 'EAI_AGAIN',\n  errno: -3001,\n  erroredSysCall: 'getaddrinfo'\n}"
[ERROR][2025-06-07 22:24:14] ...lsp/handlers.lua:562	"[lsp] Request getCompletions: FetchError: getaddrinfo EAI_AGAIN api.github.com\n    at fetch (/home/khel/dotfiles/local/.local/share/nvim/lazy/copilot.lua/copilot/node_modules/@adobe/helix-fetch/src/fetch/index.js:99:11)\n    at processTicksAndRejections (node:internal/process/task_queues:105:5)\n    at cachingFetch (/home/khel/dotfiles/local/.local/share/nvim/lazy/copilot.lua/copilot/node_modules/@adobe/helix-fetch/src/fetch/index.js:288:16)\n    at KR.fetch (/home/khel/dotfiles/local/.local/share/nvim/lazy/copilot.lua/copilot/lib/src/network/helix.ts:94:22)\n    at apiFetch (/home/khel/dotfiles/local/.local/share/nvim/lazy/copilot.lua/copilot/lib/src/network/github.ts:31:22)\n    at fetchCopilotToken (/home/khel/dotfiles/local/.local/share/nvim/lazy/copilot.lua/copilot/lib/src/auth/copilotToken.ts:231:16)\n    at authFromGitHubToken (/home/khel/dotfiles/local/.local/share/nvim/lazy/copilot.lua/copilot/lib/src/auth/copilotToken.ts:154:22)\n    at gS.fetchCopilotTokenResult (/home/khel/dotfiles/local/.local/share/nvim/lazy/copilot.lua/copilot/lib/src/auth/copilotTokenManager.ts:88:29) {\n  type: 'system',\n  _name: 'FetchError',\n  code: 'EAI_AGAIN',\n  errno: -3001,\n  erroredSysCall: 'getaddrinfo'\n}"
[ERROR][2025-06-07 22:24:14] ...lsp/handlers.lua:562	"[lsp] Request getCompletions: FetchError: getaddrinfo EAI_AGAIN api.github.com\n    at fetch (/home/khel/dotfiles/local/.local/share/nvim/lazy/copilot.lua/copilot/node_modules/@adobe/helix-fetch/src/fetch/index.js:99:11)\n    at processTicksAndRejections (node:internal/process/task_queues:105:5)\n    at cachingFetch (/home/khel/dotfiles/local/.local/share/nvim/lazy/copilot.lua/copilot/node_modules/@adobe/helix-fetch/src/fetch/index.js:288:16)\n    at KR.fetch (/home/khel/dotfiles/local/.local/share/nvim/lazy/copilot.lua/copilot/lib/src/network/helix.ts:94:22)\n    at apiFetch (/home/khel/dotfiles/local/.local/share/nvim/lazy/copilot.lua/copilot/lib/src/network/github.ts:31:22)\n    at fetchCopilotToken (/home/khel/dotfiles/local/.local/share/nvim/lazy/copilot.lua/copilot/lib/src/auth/copilotToken.ts:231:16)\n    at authFromGitHubToken (/home/khel/dotfiles/local/.local/share/nvim/lazy/copilot.lua/copilot/lib/src/auth/copilotToken.ts:154:22)\n    at gS.fetchCopilotTokenResult (/home/khel/dotfiles/local/.local/share/nvim/lazy/copilot.lua/copilot/lib/src/auth/copilotTokenManager.ts:88:29) {\n  type: 'system',\n  _name: 'FetchError',\n  code: 'EAI_AGAIN',\n  errno: -3001,\n  erroredSysCall: 'getaddrinfo'\n}"
[ERROR][2025-06-07 22:24:14] ...lsp/handlers.lua:562	"[lsp] Request getCompletions: FetchError: getaddrinfo EAI_AGAIN api.github.com\n    at fetch (/home/khel/dotfiles/local/.local/share/nvim/lazy/copilot.lua/copilot/node_modules/@adobe/helix-fetch/src/fetch/index.js:99:11)\n    at processTicksAndRejections (node:internal/process/task_queues:105:5)\n    at cachingFetch (/home/khel/dotfiles/local/.local/share/nvim/lazy/copilot.lua/copilot/node_modules/@adobe/helix-fetch/src/fetch/index.js:288:16)\n    at KR.fetch (/home/khel/dotfiles/local/.local/share/nvim/lazy/copilot.lua/copilot/lib/src/network/helix.ts:94:22)\n    at apiFetch (/home/khel/dotfiles/local/.local/share/nvim/lazy/copilot.lua/copilot/lib/src/network/github.ts:31:22)\n    at fetchCopilotToken (/home/khel/dotfiles/local/.local/share/nvim/lazy/copilot.lua/copilot/lib/src/auth/copilotToken.ts:231:16)\n    at authFromGitHubToken (/home/khel/dotfiles/local/.local/share/nvim/lazy/copilot.lua/copilot/lib/src/auth/copilotToken.ts:154:22)\n    at gS.fetchCopilotTokenResult (/home/khel/dotfiles/local/.local/share/nvim/lazy/copilot.lua/copilot/lib/src/auth/copilotTokenManager.ts:88:29) {\n  type: 'system',\n  _name: 'FetchError',\n  code: 'EAI_AGAIN',\n  errno: -3001,\n  erroredSysCall: 'getaddrinfo'\n}"
[ERROR][2025-06-07 22:24:22] ...lsp/handlers.lua:562	"[default] Error sending telemetry FetchError: getaddrinfo EAI_AGAIN copilot-telemetry.githubusercontent.com\n    at fetch (/home/khel/dotfiles/local/.local/share/nvim/lazy/copilot.lua/copilot/node_modules/@adobe/helix-fetch/src/fetch/index.js:99:11)\n    at processTicksAndRejections (node:internal/process/task_queues:105:5)\n    at cachingFetch (/home/khel/dotfiles/local/.local/share/nvim/lazy/copilot.lua/copilot/node_modules/@adobe/helix-fetch/src/fetch/index.js:288:16)\n    at KR.fetch (/home/khel/dotfiles/local/.local/share/nvim/lazy/copilot.lua/copilot/lib/src/network/helix.ts:94:22) {\n  type: 'system',\n  _name: 'FetchError',\n  code: 'EAI_AGAIN',\n  errno: -3001,\n  erroredSysCall: 'getaddrinfo'\n}"
[ERROR][2025-06-07 22:24:26] ...lsp/handlers.lua:562	"[lsp] Request getCompletions: FetchError: getaddrinfo EAI_AGAIN api.github.com\n    at fetch (/home/khel/dotfiles/local/.local/share/nvim/lazy/copilot.lua/copilot/node_modules/@adobe/helix-fetch/src/fetch/index.js:99:11)\n    at processTicksAndRejections (node:internal/process/task_queues:105:5)\n    at cachingFetch (/home/khel/dotfiles/local/.local/share/nvim/lazy/copilot.lua/copilot/node_modules/@adobe/helix-fetch/src/fetch/index.js:288:16)\n    at KR.fetch (/home/khel/dotfiles/local/.local/share/nvim/lazy/copilot.lua/copilot/lib/src/network/helix.ts:94:22)\n    at apiFetch (/home/khel/dotfiles/local/.local/share/nvim/lazy/copilot.lua/copilot/lib/src/network/github.ts:31:22)\n    at fetchCopilotToken (/home/khel/dotfiles/local/.local/share/nvim/lazy/copilot.lua/copilot/lib/src/auth/copilotToken.ts:231:16)\n    at authFromGitHubToken (/home/khel/dotfiles/local/.local/share/nvim/lazy/copilot.lua/copilot/lib/src/auth/copilotToken.ts:154:22)\n    at gS.fetchCopilotTokenResult (/home/khel/dotfiles/local/.local/share/nvim/lazy/copilot.lua/copilot/lib/src/auth/copilotTokenManager.ts:88:29) {\n  type: 'system',\n  _name: 'FetchError',\n  code: 'EAI_AGAIN',\n  errno: -3001,\n  erroredSysCall: 'getaddrinfo'\n}"
[ERROR][2025-06-07 22:24:26] ...lsp/handlers.lua:562	"[lsp] Request getCompletions: FetchError: getaddrinfo EAI_AGAIN api.github.com\n    at fetch (/home/khel/dotfiles/local/.local/share/nvim/lazy/copilot.lua/copilot/node_modules/@adobe/helix-fetch/src/fetch/index.js:99:11)\n    at processTicksAndRejections (node:internal/process/task_queues:105:5)\n    at cachingFetch (/home/khel/dotfiles/local/.local/share/nvim/lazy/copilot.lua/copilot/node_modules/@adobe/helix-fetch/src/fetch/index.js:288:16)\n    at KR.fetch (/home/khel/dotfiles/local/.local/share/nvim/lazy/copilot.lua/copilot/lib/src/network/helix.ts:94:22)\n    at apiFetch (/home/khel/dotfiles/local/.local/share/nvim/lazy/copilot.lua/copilot/lib/src/network/github.ts:31:22)\n    at fetchCopilotToken (/home/khel/dotfiles/local/.local/share/nvim/lazy/copilot.lua/copilot/lib/src/auth/copilotToken.ts:231:16)\n    at authFromGitHubToken (/home/khel/dotfiles/local/.local/share/nvim/lazy/copilot.lua/copilot/lib/src/auth/copilotToken.ts:154:22)\n    at gS.fetchCopilotTokenResult (/home/khel/dotfiles/local/.local/share/nvim/lazy/copilot.lua/copilot/lib/src/auth/copilotTokenManager.ts:88:29) {\n  type: 'system',\n  _name: 'FetchError',\n  code: 'EAI_AGAIN',\n  errno: -3001,\n  erroredSysCall: 'getaddrinfo'\n}"
[ERROR][2025-06-07 22:24:26] ...lsp/handlers.lua:562	"[lsp] Request getCompletions: FetchError: getaddrinfo EAI_AGAIN api.github.com\n    at fetch (/home/khel/dotfiles/local/.local/share/nvim/lazy/copilot.lua/copilot/node_modules/@adobe/helix-fetch/src/fetch/index.js:99:11)\n    at processTicksAndRejections (node:internal/process/task_queues:105:5)\n    at cachingFetch (/home/khel/dotfiles/local/.local/share/nvim/lazy/copilot.lua/copilot/node_modules/@adobe/helix-fetch/src/fetch/index.js:288:16)\n    at KR.fetch (/home/khel/dotfiles/local/.local/share/nvim/lazy/copilot.lua/copilot/lib/src/network/helix.ts:94:22)\n    at apiFetch (/home/khel/dotfiles/local/.local/share/nvim/lazy/copilot.lua/copilot/lib/src/network/github.ts:31:22)\n    at fetchCopilotToken (/home/khel/dotfiles/local/.local/share/nvim/lazy/copilot.lua/copilot/lib/src/auth/copilotToken.ts:231:16)\n    at authFromGitHubToken (/home/khel/dotfiles/local/.local/share/nvim/lazy/copilot.lua/copilot/lib/src/auth/copilotToken.ts:154:22)\n    at gS.fetchCopilotTokenResult (/home/khel/dotfiles/local/.local/share/nvim/lazy/copilot.lua/copilot/lib/src/auth/copilotTokenManager.ts:88:29) {\n  type: 'system',\n  _name: 'FetchError',\n  code: 'EAI_AGAIN',\n  errno: -3001,\n  erroredSysCall: 'getaddrinfo'\n}"
[ERROR][2025-06-07 22:24:26] ...lsp/handlers.lua:562	"[lsp] Request getCompletions: FetchError: getaddrinfo EAI_AGAIN api.github.com\n    at fetch (/home/khel/dotfiles/local/.local/share/nvim/lazy/copilot.lua/copilot/node_modules/@adobe/helix-fetch/src/fetch/index.js:99:11)\n    at processTicksAndRejections (node:internal/process/task_queues:105:5)\n    at cachingFetch (/home/khel/dotfiles/local/.local/share/nvim/lazy/copilot.lua/copilot/node_modules/@adobe/helix-fetch/src/fetch/index.js:288:16)\n    at KR.fetch (/home/khel/dotfiles/local/.local/share/nvim/lazy/copilot.lua/copilot/lib/src/network/helix.ts:94:22)\n    at apiFetch (/home/khel/dotfiles/local/.local/share/nvim/lazy/copilot.lua/copilot/lib/src/network/github.ts:31:22)\n    at fetchCopilotToken (/home/khel/dotfiles/local/.local/share/nvim/lazy/copilot.lua/copilot/lib/src/auth/copilotToken.ts:231:16)\n    at authFromGitHubToken (/home/khel/dotfiles/local/.local/share/nvim/lazy/copilot.lua/copilot/lib/src/auth/copilotToken.ts:154:22)\n    at gS.fetchCopilotTokenResult (/home/khel/dotfiles/local/.local/share/nvim/lazy/copilot.lua/copilot/lib/src/auth/copilotTokenManager.ts:88:29) {\n  type: 'system',\n  _name: 'FetchError',\n  code: 'EAI_AGAIN',\n  errno: -3001,\n  erroredSysCall: 'getaddrinfo'\n}"
[ERROR][2025-06-07 22:24:26] ...lsp/handlers.lua:562	"[lsp] Request getCompletions: FetchError: getaddrinfo EAI_AGAIN api.github.com\n    at fetch (/home/khel/dotfiles/local/.local/share/nvim/lazy/copilot.lua/copilot/node_modules/@adobe/helix-fetch/src/fetch/index.js:99:11)\n    at processTicksAndRejections (node:internal/process/task_queues:105:5)\n    at cachingFetch (/home/khel/dotfiles/local/.local/share/nvim/lazy/copilot.lua/copilot/node_modules/@adobe/helix-fetch/src/fetch/index.js:288:16)\n    at KR.fetch (/home/khel/dotfiles/local/.local/share/nvim/lazy/copilot.lua/copilot/lib/src/network/helix.ts:94:22)\n    at apiFetch (/home/khel/dotfiles/local/.local/share/nvim/lazy/copilot.lua/copilot/lib/src/network/github.ts:31:22)\n    at fetchCopilotToken (/home/khel/dotfiles/local/.local/share/nvim/lazy/copilot.lua/copilot/lib/src/auth/copilotToken.ts:231:16)\n    at authFromGitHubToken (/home/khel/dotfiles/local/.local/share/nvim/lazy/copilot.lua/copilot/lib/src/auth/copilotToken.ts:154:22)\n    at gS.fetchCopilotTokenResult (/home/khel/dotfiles/local/.local/share/nvim/lazy/copilot.lua/copilot/lib/src/auth/copilotTokenManager.ts:88:29) {\n  type: 'system',\n  _name: 'FetchError',\n  code: 'EAI_AGAIN',\n  errno: -3001,\n  erroredSysCall: 'getaddrinfo'\n}"
[ERROR][2025-06-07 22:24:26] ...lsp/handlers.lua:562	"[lsp] Request getCompletions: FetchError: getaddrinfo EAI_AGAIN api.github.com\n    at fetch (/home/khel/dotfiles/local/.local/share/nvim/lazy/copilot.lua/copilot/node_modules/@adobe/helix-fetch/src/fetch/index.js:99:11)\n    at processTicksAndRejections (node:internal/process/task_queues:105:5)\n    at cachingFetch (/home/khel/dotfiles/local/.local/share/nvim/lazy/copilot.lua/copilot/node_modules/@adobe/helix-fetch/src/fetch/index.js:288:16)\n    at KR.fetch (/home/khel/dotfiles/local/.local/share/nvim/lazy/copilot.lua/copilot/lib/src/network/helix.ts:94:22)\n    at apiFetch (/home/khel/dotfiles/local/.local/share/nvim/lazy/copilot.lua/copilot/lib/src/network/github.ts:31:22)\n    at fetchCopilotToken (/home/khel/dotfiles/local/.local/share/nvim/lazy/copilot.lua/copilot/lib/src/auth/copilotToken.ts:231:16)\n    at authFromGitHubToken (/home/khel/dotfiles/local/.local/share/nvim/lazy/copilot.lua/copilot/lib/src/auth/copilotToken.ts:154:22)\n    at gS.fetchCopilotTokenResult (/home/khel/dotfiles/local/.local/share/nvim/lazy/copilot.lua/copilot/lib/src/auth/copilotTokenManager.ts:88:29) {\n  type: 'system',\n  _name: 'FetchError',\n  code: 'EAI_AGAIN',\n  errno: -3001,\n  erroredSysCall: 'getaddrinfo'\n}"
[ERROR][2025-06-07 22:24:35] ...p/_transport.lua:36	"rpc"	"node"	"stderr"	"(node:50732) [DEP0132] DeprecationWarning: Passing a callback to worker.terminate() is deprecated. It returns a Promise instead.\n(Use `node --trace-deprecation ...` to show where the warning was created)\n"
[ERROR][2025-06-07 22:24:35] ...p/_transport.lua:36	"rpc"	"node"	"stderr"	"(node:50732) [DEP0132] DeprecationWarning: Passing a callback to worker.terminate() is deprecated. It returns a Promise instead.\n"
[ERROR][2025-06-07 22:24:35] ...p/_transport.lua:36	"rpc"	"node"	"stderr"	"(node:50732) [DEP0132] DeprecationWarning: Passing a callback to worker.terminate() is deprecated. It returns a Promise instead.\n"
[ERROR][2025-06-07 22:24:35] ...p/_transport.lua:36	"rpc"	"node"	"stderr"	"(node:50732) [DEP0132] DeprecationWarning: Passing a callback to worker.terminate() is deprecated. It returns a Promise instead.\n"
[START][2025-06-07 22:25:49] LSP logging initiated
[ERROR][2025-06-07 22:25:49] ...lsp/handlers.lua:562	'2025/06/07 22:25:49 unable to compute deps errors: stat : no such file or directory\n\tpackage="_/home/khel/Downloads"\n'
[ERROR][2025-06-07 22:25:49] ...lsp/handlers.lua:562	'2025/06/07 22:25:49 unable to compute deps errors: stat : no such file or directory\n\tpackage="_/home/khel/Downloads"\n'
[ERROR][2025-06-07 22:26:01] ...lsp/handlers.lua:562	'2025/06/07 22:26:01 unable to compute deps errors: stat : no such file or directory\n\tpackage="_/home/khel/Downloads"\n'
[ERROR][2025-06-07 22:26:01] ...lsp/handlers.lua:562	'2025/06/07 22:26:01 unable to compute deps errors: stat : no such file or directory\n\tpackage="_/home/khel/Downloads"\n'
[ERROR][2025-06-07 22:26:21] ...lsp/handlers.lua:562	"[default] Error sending telemetry FetchError: getaddrinfo EAI_AGAIN copilot-telemetry.githubusercontent.com\n    at fetch (/home/khel/dotfiles/local/.local/share/nvim/lazy/copilot.lua/copilot/node_modules/@adobe/helix-fetch/src/fetch/index.js:99:11)\n    at processTicksAndRejections (node:internal/process/task_queues:105:5)\n    at cachingFetch (/home/khel/dotfiles/local/.local/share/nvim/lazy/copilot.lua/copilot/node_modules/@adobe/helix-fetch/src/fetch/index.js:288:16)\n    at KR.fetch (/home/khel/dotfiles/local/.local/share/nvim/lazy/copilot.lua/copilot/lib/src/network/helix.ts:94:22) {\n  type: 'system',\n  _name: 'FetchError',\n  code: 'EAI_AGAIN',\n  errno: -3001,\n  erroredSysCall: 'getaddrinfo'\n}"
[START][2025-06-07 22:27:59] LSP logging initiated
[ERROR][2025-06-07 22:27:59] ...lsp/handlers.lua:562	'2025/06/07 22:27:59 unable to compute deps errors: stat : no such file or directory\n\tpackage="_/home/khel/Downloads"\n'
[ERROR][2025-06-07 22:27:59] ...lsp/handlers.lua:562	'2025/06/07 22:27:59 unable to compute deps errors: stat : no such file or directory\n\tpackage="_/home/khel/Downloads"\n'
[ERROR][2025-06-07 22:28:10] ...p/_transport.lua:36	"rpc"	"node"	"stderr"	"(node:54925) [DEP0132] DeprecationWarning: Passing a callback to worker.terminate() is deprecated. It returns a Promise instead.\n(Use `node --trace-deprecation ...` to show where the warning was created)\n"
[ERROR][2025-06-07 22:28:10] ...p/_transport.lua:36	"rpc"	"node"	"stderr"	"(node:54925) [DEP0132] DeprecationWarning: Passing a callback to worker.terminate() is deprecated. It returns a Promise instead.\n(node:54925) [DEP0132] DeprecationWarning: Passing a callback to worker.terminate() is deprecated. It returns a Promise instead.\n(node:54925) [DEP0132] DeprecationWarning: Passing a callback to worker.terminate() is deprecated. It returns a Promise instead.\n"
[ERROR][2025-06-07 22:42:43] ...lsp/handlers.lua:562	"2025/06/07 22:42:43 signature help failed: cannot get type for Fun *ast.SelectorExpr (&{time Now})\n\tposition=15:18\n"
[ERROR][2025-06-07 22:42:48] ...lsp/handlers.lua:562	"2025/06/07 22:42:48 signature help failed: cannot get type for Fun *ast.SelectorExpr (&{0xc0085bc0c0 Add})\n\tposition=15:24\n"
[ERROR][2025-06-07 22:42:59] ...lsp/handlers.lua:562	"2025/06/07 22:42:59 signature help failed: cannot get type for Fun *ast.SelectorExpr (&{0xc008062e00 Unix})\n\tposition=15:45\n"
[ERROR][2025-06-07 22:43:04] ...lsp/handlers.lua:562	"2025/06/07 22:43:04 signature help failed: cannot get type for Fun *ast.SelectorExpr (&{0xc00ee53dc0 Add})\n\tposition=15:29\n"
[ERROR][2025-06-07 22:49:41] ...p/_transport.lua:36	"rpc"	"golangci-lint-langserver"	"stderr"	'2025/06/07 22:49:41 jsonrpc2 handler: notification "exit" handling error: jsonrpc2: code -32601 message: method not supported: exit\n'
[START][2025-06-09 17:39:36] LSP logging initiated
[ERROR][2025-06-09 17:39:36] ...p/_transport.lua:36	"rpc"	"node"	"stderr"	"(node:1408) [DEP0132] DeprecationWarning: Passing a callback to worker.terminate() is deprecated. It returns a Promise instead.\n(Use `node --trace-deprecation ...` to show where the warning was created)\n"
[ERROR][2025-06-09 17:39:36] ...p/_transport.lua:36	"rpc"	"node"	"stderr"	"(node:1408) [DEP0132] DeprecationWarning: Passing a callback to worker.terminate() is deprecated. It returns a Promise instead.\n(node:1408) [DEP0132] DeprecationWarning: Passing a callback to worker.terminate() is deprecated. It returns a Promise instead.\n(node:1408) [DEP0132] DeprecationWarning: Passing a callback to worker.terminate() is deprecated. It returns a Promise instead.\n"
[START][2025-06-09 20:55:15] LSP logging initiated
[ERROR][2025-06-09 20:55:15] ...p/_transport.lua:36	"rpc"	"golangci-lint-langserver"	"stderr"	"2025/06/09 20:55:15 golangci-lint-langserver: connections opened\n"
[ERROR][2025-06-09 20:55:23] ...p/_transport.lua:36	"rpc"	"node"	"stderr"	"(node:2532) [DEP0132] DeprecationWarning: Passing a callback to worker.terminate() is deprecated. It returns a Promise instead.\n(Use `node --trace-deprecation ...` to show where the warning was created)\n"
[ERROR][2025-06-09 20:55:23] ...p/_transport.lua:36	"rpc"	"node"	"stderr"	"(node:2532) [DEP0132] DeprecationWarning: Passing a callback to worker.terminate() is deprecated. It returns a Promise instead.\n(node:2532) [DEP0132] DeprecationWarning: Passing a callback to worker.terminate() is deprecated. It returns a Promise instead.\n(node:2532) [DEP0132] DeprecationWarning: Passing a callback to worker.terminate() is deprecated. It returns a Promise instead.\n"
[START][2025-06-09 20:55:54] LSP logging initiated
[ERROR][2025-06-09 20:55:54] ...p/_transport.lua:36	"rpc"	"node"	"stderr"	"(node:3207) [DEP0132] DeprecationWarning: Passing a callback to worker.terminate() is deprecated. It returns a Promise instead.\n(Use `node --trace-deprecation ...` to show where the warning was created)\n"
[ERROR][2025-06-09 20:55:54] ...p/_transport.lua:36	"rpc"	"node"	"stderr"	"(node:3207) [DEP0132] DeprecationWarning: Passing a callback to worker.terminate() is deprecated. It returns a Promise instead.\n(node:3207) [DEP0132] DeprecationWarning: Passing a callback to worker.terminate() is deprecated. It returns a Promise instead.\n(node:3207) [DEP0132] DeprecationWarning: Passing a callback to worker.terminate() is deprecated. It returns a Promise instead.\n"
[ERROR][2025-06-09 20:55:59] ...p/_transport.lua:36	"rpc"	"golangci-lint-langserver"	"stderr"	"2025/06/09 20:55:59 golangci-lint-langserver: connections opened\n"
[START][2025-06-09 21:06:08] LSP logging initiated
[ERROR][2025-06-09 21:06:08] ...lsp/handlers.lua:562	'2025/06/09 21:06:08 unable to compute deps errors: stat : no such file or directory\n\tpackage="_/home/khel/Downloads"\n'
[ERROR][2025-06-09 21:06:08] ...lsp/handlers.lua:562	'2025/06/09 21:06:08 unable to compute deps errors: stat : no such file or directory\n\tpackage="_/home/khel/Downloads"\n'
[ERROR][2025-06-09 21:06:14] ...p/_transport.lua:36	"rpc"	"node"	"stderr"	"(node:6248) [DEP0132] DeprecationWarning: Passing a callback to worker.terminate() is deprecated. It returns a Promise instead.\n(Use `node --trace-deprecation ...` to show where the warning was created)\n"
[ERROR][2025-06-09 21:06:14] ...p/_transport.lua:36	"rpc"	"node"	"stderr"	"(node:6248) [DEP0132] DeprecationWarning: Passing a callback to worker.terminate() is deprecated. It returns a Promise instead.\n(node:6248) [DEP0132] DeprecationWarning: Passing a callback to worker.terminate() is deprecated. It returns a Promise instead.\n(node:6248) [DEP0132] DeprecationWarning: Passing a callback to worker.terminate() is deprecated. It returns a Promise instead.\n"
[ERROR][2025-06-09 21:06:41] ...lsp/handlers.lua:562	'2025/06/09 21:06:41 unable to compute deps errors: stat : no such file or directory\n\tpackage="_/home/khel/Downloads"\n'
[ERROR][2025-06-09 21:06:41] ...lsp/handlers.lua:562	'2025/06/09 21:06:41 unable to compute deps errors: stat : no such file or directory\n\tpackage="_/home/khel/Downloads"\n'
[START][2025-06-09 21:07:40] LSP logging initiated
[ERROR][2025-06-09 21:07:40] ...lsp/handlers.lua:562	'2025/06/09 21:07:40 unable to compute deps errors: stat : no such file or directory\n\tpackage="_/home/khel/Downloads"\n'
[ERROR][2025-06-09 21:07:40] ...lsp/handlers.lua:562	'2025/06/09 21:07:40 unable to compute deps errors: stat : no such file or directory\n\tpackage="_/home/khel/Downloads"\n'
[ERROR][2025-06-09 21:07:45] ...p/_transport.lua:36	"rpc"	"node"	"stderr"	"(node:6787) [DEP0132] DeprecationWarning: Passing a callback to worker.terminate() is deprecated. It returns a Promise instead.\n(Use `node --trace-deprecation ...` to show where the warning was created)\n"
[ERROR][2025-06-09 21:07:45] ...p/_transport.lua:36	"rpc"	"node"	"stderr"	"(node:6787) [DEP0132] DeprecationWarning: Passing a callback to worker.terminate() is deprecated. It returns a Promise instead.\n(node:6787) [DEP0132] DeprecationWarning: Passing a callback to worker.terminate() is deprecated. It returns a Promise instead.\n(node:6787) [DEP0132] DeprecationWarning: Passing a callback to worker.terminate() is deprecated. It returns a Promise instead.\n"
[START][2025-06-09 21:08:32] LSP logging initiated
[ERROR][2025-06-09 21:08:32] ...lsp/handlers.lua:562	'2025/06/09 21:08:32 unable to compute deps errors: stat : no such file or directory\n\tpackage="_/home/khel/Downloads"\n'
[ERROR][2025-06-09 21:08:32] ...lsp/handlers.lua:562	'2025/06/09 21:08:32 unable to compute deps errors: stat : no such file or directory\n\tpackage="_/home/khel/Downloads"\n'
[ERROR][2025-06-09 21:08:38] ...p/_transport.lua:36	"rpc"	"node"	"stderr"	"(node:7174) [DEP0132] DeprecationWarning: Passing a callback to worker.terminate() is deprecated. It returns a Promise instead.\n(Use `node --trace-deprecation ...` to show where the warning was created)\n"
[ERROR][2025-06-09 21:08:38] ...p/_transport.lua:36	"rpc"	"node"	"stderr"	"(node:7174) [DEP0132] DeprecationWarning: Passing a callback to worker.terminate() is deprecated. It returns a Promise instead.\n(node:7174) [DEP0132] DeprecationWarning: Passing a callback to worker.terminate() is deprecated. It returns a Promise instead.\n"
[ERROR][2025-06-09 21:08:38] ...p/_transport.lua:36	"rpc"	"node"	"stderr"	"(node:7174) [DEP0132] DeprecationWarning: Passing a callback to worker.terminate() is deprecated. It returns a Promise instead.\n"
[ERROR][2025-06-09 21:09:06] ...lsp/handlers.lua:562	'2025/06/09 21:09:06 unable to compute deps errors: stat : no such file or directory\n\tpackage="_/home/khel/Downloads"\n'
[ERROR][2025-06-09 21:19:23] ...p/_transport.lua:36	"rpc"	"golangci-lint-langserver"	"stderr"	'2025/06/09 21:19:23 jsonrpc2 handler: notification "exit" handling error: jsonrpc2: code -32601 message: method not supported: exit\n'
[START][2025-06-09 21:19:31] LSP logging initiated
[ERROR][2025-06-09 21:19:31] ...p/_transport.lua:36	"rpc"	"golangci-lint-langserver"	"stderr"	"2025/06/09 21:19:31 golangci-lint-langserver: connections opened\n"
[ERROR][2025-06-09 21:19:36] ...p/_transport.lua:36	"rpc"	"node"	"stderr"	"(node:12533) [DEP0132] DeprecationWarning: Passing a callback to worker.terminate() is deprecated. It returns a Promise instead.\n(Use `node --trace-deprecation ...` to show where the warning was created)\n"
[ERROR][2025-06-09 21:19:36] ...p/_transport.lua:36	"rpc"	"node"	"stderr"	"(node:12533) [DEP0132] DeprecationWarning: Passing a callback to worker.terminate() is deprecated. It returns a Promise instead.\n(node:12533) [DEP0132] DeprecationWarning: Passing a callback to worker.terminate() is deprecated. It returns a Promise instead.\n(node:12533) [DEP0132] DeprecationWarning: Passing a callback to worker.terminate() is deprecated. It returns a Promise instead.\n"
[START][2025-06-09 21:30:15] LSP logging initiated
[ERROR][2025-06-09 21:30:15] ...lsp/handlers.lua:562	'2025/06/09 21:30:14 unable to compute deps errors: stat : no such file or directory\n\tpackage="_/home/khel/Downloads"\n'
[ERROR][2025-06-09 21:30:15] ...lsp/handlers.lua:562	'2025/06/09 21:30:14 unable to compute deps errors: stat : no such file or directory\n\tpackage="_/home/khel/Downloads"\n'
[ERROR][2025-06-09 21:30:21] ...lsp/handlers.lua:562	"[default] Error sending telemetry FetchError: The operation was aborted\n    at fetch (/home/khel/dotfiles/local/.local/share/nvim/lazy/copilot.lua/copilot/node_modules/@adobe/helix-fetch/src/fetch/index.js:99:11)\n    at processTicksAndRejections (node:internal/process/task_queues:105:5)\n    at cachingFetch (/home/khel/dotfiles/local/.local/share/nvim/lazy/copilot.lua/copilot/node_modules/@adobe/helix-fetch/src/fetch/index.js:288:16)\n    at KR.fetch (/home/khel/dotfiles/local/.local/share/nvim/lazy/copilot.lua/copilot/lib/src/network/helix.ts:94:22) {\n  type: 'system',\n  _name: 'FetchError',\n  code: 'ABORT_ERR',\n  errno: undefined,\n  erroredSysCall: undefined\n}"
[ERROR][2025-06-09 21:30:23] ...p/_transport.lua:36	"rpc"	"node"	"stderr"	"(node:17095) [DEP0132] DeprecationWarning: Passing a callback to worker.terminate() is deprecated. It returns a Promise instead.\n(Use `node --trace-deprecation ...` to show where the warning was created)\n"
[ERROR][2025-06-09 21:30:23] ...p/_transport.lua:36	"rpc"	"node"	"stderr"	"(node:17095) [DEP0132] DeprecationWarning: Passing a callback to worker.terminate() is deprecated. It returns a Promise instead.\n"
[ERROR][2025-06-09 21:30:23] ...p/_transport.lua:36	"rpc"	"node"	"stderr"	"(node:17095) [DEP0132] DeprecationWarning: Passing a callback to worker.terminate() is deprecated. It returns a Promise instead.\n(node:17095) [DEP0132] DeprecationWarning: Passing a callback to worker.terminate() is deprecated. It returns a Promise instead.\n"
[ERROR][2025-06-09 21:45:09] ...p/_transport.lua:36	"rpc"	"node"	"stderr"	"(node:12533) MaxListenersExceededWarning: Possible EventEmitter memory leak detected. 21 CopilotToken listeners added to [EventEmitter]. MaxListeners is 20. Use emitter.setMaxListeners() to increase limit\n"
[ERROR][2025-06-09 21:50:59] ...lsp/handlers.lua:562	"[lsp] Request getCompletions: RangeError: Illegal value for lineNumber\n    at t.lineAt (/home/khel/dotfiles/local/.local/share/nvim/lazy/copilot.lua/copilot/lib/src/textDocument.ts:275:19)\n    at isMiddleOfTheLine (/home/khel/dotfiles/local/.local/share/nvim/lazy/copilot.lua/copilot/lib/src/ghostText/ghostText.ts:1216:22)\n    at isInlineSuggestion (/home/khel/dotfiles/local/.local/share/nvim/lazy/copilot.lua/copilot/lib/src/ghostText/ghostText.ts:1202:28)\n    at getGhostTextWithoutAbortHandling (/home/khel/dotfiles/local/.local/share/nvim/lazy/copilot.lua/copilot/lib/src/ghostText/ghostText.ts:629:30)\n    at getGhostText (/home/khel/dotfiles/local/.local/share/nvim/lazy/copilot.lua/copilot/lib/src/ghostText/ghostText.ts:1106:22)\n    at getInlineCompletionsResult (/home/khel/dotfiles/local/.local/share/nvim/lazy/copilot.lua/copilot/lib/src/inlineCompletion.ts:30:20)\n    at getInlineCompletions (/home/khel/dotfiles/local/.local/share/nvim/lazy/copilot.lua/copilot/lib/src/inlineCompletion.ts:75:20)\n    at handleGetCompletionsHelper (/home/khel/dotfiles/local/.local/share/nvim/lazy/copilot.lua/copilot/agent/src/methods/getCompletions.ts:94:28)\n    at Cn.messageHandler (/home/khel/dotfiles/local/.local/share/nvim/lazy/copilot.lua/copilot/agent/src/service.ts:319:45)"
[ERROR][2025-06-09 21:51:00] ...lsp/handlers.lua:562	"[lsp] Request getCompletions: RangeError: Illegal value for lineNumber\n    at t.lineAt (/home/khel/dotfiles/local/.local/share/nvim/lazy/copilot.lua/copilot/lib/src/textDocument.ts:275:19)\n    at isMiddleOfTheLine (/home/khel/dotfiles/local/.local/share/nvim/lazy/copilot.lua/copilot/lib/src/ghostText/ghostText.ts:1216:22)\n    at isInlineSuggestion (/home/khel/dotfiles/local/.local/share/nvim/lazy/copilot.lua/copilot/lib/src/ghostText/ghostText.ts:1202:28)\n    at getGhostTextWithoutAbortHandling (/home/khel/dotfiles/local/.local/share/nvim/lazy/copilot.lua/copilot/lib/src/ghostText/ghostText.ts:629:30)\n    at getGhostText (/home/khel/dotfiles/local/.local/share/nvim/lazy/copilot.lua/copilot/lib/src/ghostText/ghostText.ts:1106:22)\n    at getInlineCompletionsResult (/home/khel/dotfiles/local/.local/share/nvim/lazy/copilot.lua/copilot/lib/src/inlineCompletion.ts:30:20)\n    at getInlineCompletions (/home/khel/dotfiles/local/.local/share/nvim/lazy/copilot.lua/copilot/lib/src/inlineCompletion.ts:75:20)\n    at handleGetCompletionsHelper (/home/khel/dotfiles/local/.local/share/nvim/lazy/copilot.lua/copilot/agent/src/methods/getCompletions.ts:94:28)\n    at Cn.messageHandler (/home/khel/dotfiles/local/.local/share/nvim/lazy/copilot.lua/copilot/agent/src/service.ts:319:45)"
[ERROR][2025-06-09 21:51:00] ...lsp/handlers.lua:562	"[lsp] Request getCompletions: RangeError: Illegal value for lineNumber\n    at t.lineAt (/home/khel/dotfiles/local/.local/share/nvim/lazy/copilot.lua/copilot/lib/src/textDocument.ts:275:19)\n    at isMiddleOfTheLine (/home/khel/dotfiles/local/.local/share/nvim/lazy/copilot.lua/copilot/lib/src/ghostText/ghostText.ts:1216:22)\n    at isInlineSuggestion (/home/khel/dotfiles/local/.local/share/nvim/lazy/copilot.lua/copilot/lib/src/ghostText/ghostText.ts:1202:28)\n    at getGhostTextWithoutAbortHandling (/home/khel/dotfiles/local/.local/share/nvim/lazy/copilot.lua/copilot/lib/src/ghostText/ghostText.ts:629:30)\n    at getGhostText (/home/khel/dotfiles/local/.local/share/nvim/lazy/copilot.lua/copilot/lib/src/ghostText/ghostText.ts:1106:22)\n    at getInlineCompletionsResult (/home/khel/dotfiles/local/.local/share/nvim/lazy/copilot.lua/copilot/lib/src/inlineCompletion.ts:30:20)\n    at getInlineCompletions (/home/khel/dotfiles/local/.local/share/nvim/lazy/copilot.lua/copilot/lib/src/inlineCompletion.ts:75:20)\n    at handleGetCompletionsHelper (/home/khel/dotfiles/local/.local/share/nvim/lazy/copilot.lua/copilot/agent/src/methods/getCompletions.ts:94:28)\n    at Cn.messageHandler (/home/khel/dotfiles/local/.local/share/nvim/lazy/copilot.lua/copilot/agent/src/service.ts:319:45)"
[ERROR][2025-06-09 21:51:00] ...lsp/handlers.lua:562	"[lsp] Request getCompletions: RangeError: Illegal value for lineNumber\n    at t.lineAt (/home/khel/dotfiles/local/.local/share/nvim/lazy/copilot.lua/copilot/lib/src/textDocument.ts:275:19)\n    at isMiddleOfTheLine (/home/khel/dotfiles/local/.local/share/nvim/lazy/copilot.lua/copilot/lib/src/ghostText/ghostText.ts:1216:22)\n    at isInlineSuggestion (/home/khel/dotfiles/local/.local/share/nvim/lazy/copilot.lua/copilot/lib/src/ghostText/ghostText.ts:1202:28)\n    at getGhostTextWithoutAbortHandling (/home/khel/dotfiles/local/.local/share/nvim/lazy/copilot.lua/copilot/lib/src/ghostText/ghostText.ts:629:30)\n    at getGhostText (/home/khel/dotfiles/local/.local/share/nvim/lazy/copilot.lua/copilot/lib/src/ghostText/ghostText.ts:1106:22)\n    at getInlineCompletionsResult (/home/khel/dotfiles/local/.local/share/nvim/lazy/copilot.lua/copilot/lib/src/inlineCompletion.ts:30:20)\n    at getInlineCompletions (/home/khel/dotfiles/local/.local/share/nvim/lazy/copilot.lua/copilot/lib/src/inlineCompletion.ts:75:20)\n    at handleGetCompletionsHelper (/home/khel/dotfiles/local/.local/share/nvim/lazy/copilot.lua/copilot/agent/src/methods/getCompletions.ts:94:28)\n    at Cn.messageHandler (/home/khel/dotfiles/local/.local/share/nvim/lazy/copilot.lua/copilot/agent/src/service.ts:319:45)"
[ERROR][2025-06-09 21:51:00] ...lsp/handlers.lua:562	"[lsp] Request getCompletions: RangeError: Illegal value for lineNumber\n    at t.lineAt (/home/khel/dotfiles/local/.local/share/nvim/lazy/copilot.lua/copilot/lib/src/textDocument.ts:275:19)\n    at isMiddleOfTheLine (/home/khel/dotfiles/local/.local/share/nvim/lazy/copilot.lua/copilot/lib/src/ghostText/ghostText.ts:1216:22)\n    at isInlineSuggestion (/home/khel/dotfiles/local/.local/share/nvim/lazy/copilot.lua/copilot/lib/src/ghostText/ghostText.ts:1202:28)\n    at getGhostTextWithoutAbortHandling (/home/khel/dotfiles/local/.local/share/nvim/lazy/copilot.lua/copilot/lib/src/ghostText/ghostText.ts:629:30)\n    at getGhostText (/home/khel/dotfiles/local/.local/share/nvim/lazy/copilot.lua/copilot/lib/src/ghostText/ghostText.ts:1106:22)\n    at getInlineCompletionsResult (/home/khel/dotfiles/local/.local/share/nvim/lazy/copilot.lua/copilot/lib/src/inlineCompletion.ts:30:20)\n    at getInlineCompletions (/home/khel/dotfiles/local/.local/share/nvim/lazy/copilot.lua/copilot/lib/src/inlineCompletion.ts:75:20)\n    at handleGetCompletionsHelper (/home/khel/dotfiles/local/.local/share/nvim/lazy/copilot.lua/copilot/agent/src/methods/getCompletions.ts:94:28)\n    at Cn.messageHandler (/home/khel/dotfiles/local/.local/share/nvim/lazy/copilot.lua/copilot/agent/src/service.ts:319:45)"
[ERROR][2025-06-09 21:51:00] ...lsp/handlers.lua:562	"[lsp] Request getCompletions: RangeError: Illegal value for lineNumber\n    at t.lineAt (/home/khel/dotfiles/local/.local/share/nvim/lazy/copilot.lua/copilot/lib/src/textDocument.ts:275:19)\n    at isMiddleOfTheLine (/home/khel/dotfiles/local/.local/share/nvim/lazy/copilot.lua/copilot/lib/src/ghostText/ghostText.ts:1216:22)\n    at isInlineSuggestion (/home/khel/dotfiles/local/.local/share/nvim/lazy/copilot.lua/copilot/lib/src/ghostText/ghostText.ts:1202:28)\n    at getGhostTextWithoutAbortHandling (/home/khel/dotfiles/local/.local/share/nvim/lazy/copilot.lua/copilot/lib/src/ghostText/ghostText.ts:629:30)\n    at getGhostText (/home/khel/dotfiles/local/.local/share/nvim/lazy/copilot.lua/copilot/lib/src/ghostText/ghostText.ts:1106:22)\n    at getInlineCompletionsResult (/home/khel/dotfiles/local/.local/share/nvim/lazy/copilot.lua/copilot/lib/src/inlineCompletion.ts:30:20)\n    at getInlineCompletions (/home/khel/dotfiles/local/.local/share/nvim/lazy/copilot.lua/copilot/lib/src/inlineCompletion.ts:75:20)\n    at handleGetCompletionsHelper (/home/khel/dotfiles/local/.local/share/nvim/lazy/copilot.lua/copilot/agent/src/methods/getCompletions.ts:94:28)\n    at Cn.messageHandler (/home/khel/dotfiles/local/.local/share/nvim/lazy/copilot.lua/copilot/agent/src/service.ts:319:45)"
[ERROR][2025-06-09 21:51:02] ...lsp/handlers.lua:562	"2025/06/09 21:51:02 no highlight: column is beyond end of line\n"
[ERROR][2025-06-09 21:51:02] ...lsp/handlers.lua:562	"2025/06/09 21:51:02 no highlight: column is beyond end of line\n"
[ERROR][2025-06-09 21:51:03] ...lsp/handlers.lua:562	"2025/06/09 21:51:03 no highlight: column is beyond end of line\n"
[ERROR][2025-06-09 21:51:03] ...lsp/handlers.lua:562	"2025/06/09 21:51:03 no highlight: column is beyond end of line\n"
[ERROR][2025-06-09 21:51:04] ...lsp/handlers.lua:562	"2025/06/09 21:51:04 no highlight: column is beyond end of line\n"
[ERROR][2025-06-09 21:51:06] ...lsp/handlers.lua:562	"[lsp] Request getCompletions: RangeError: Illegal value for lineNumber\n    at t.lineAt (/home/khel/dotfiles/local/.local/share/nvim/lazy/copilot.lua/copilot/lib/src/textDocument.ts:275:19)\n    at isMiddleOfTheLine (/home/khel/dotfiles/local/.local/share/nvim/lazy/copilot.lua/copilot/lib/src/ghostText/ghostText.ts:1216:22)\n    at isInlineSuggestion (/home/khel/dotfiles/local/.local/share/nvim/lazy/copilot.lua/copilot/lib/src/ghostText/ghostText.ts:1202:28)\n    at getGhostTextWithoutAbortHandling (/home/khel/dotfiles/local/.local/share/nvim/lazy/copilot.lua/copilot/lib/src/ghostText/ghostText.ts:629:30)\n    at getGhostText (/home/khel/dotfiles/local/.local/share/nvim/lazy/copilot.lua/copilot/lib/src/ghostText/ghostText.ts:1106:22)\n    at getInlineCompletionsResult (/home/khel/dotfiles/local/.local/share/nvim/lazy/copilot.lua/copilot/lib/src/inlineCompletion.ts:30:20)\n    at getInlineCompletions (/home/khel/dotfiles/local/.local/share/nvim/lazy/copilot.lua/copilot/lib/src/inlineCompletion.ts:75:20)\n    at handleGetCompletionsHelper (/home/khel/dotfiles/local/.local/share/nvim/lazy/copilot.lua/copilot/agent/src/methods/getCompletions.ts:94:28)\n    at Cn.messageHandler (/home/khel/dotfiles/local/.local/share/nvim/lazy/copilot.lua/copilot/agent/src/service.ts:319:45)"
[ERROR][2025-06-09 21:51:07] ...lsp/handlers.lua:562	"[lsp] Request getCompletions: RangeError: Illegal value for lineNumber\n    at t.lineAt (/home/khel/dotfiles/local/.local/share/nvim/lazy/copilot.lua/copilot/lib/src/textDocument.ts:275:19)\n    at isMiddleOfTheLine (/home/khel/dotfiles/local/.local/share/nvim/lazy/copilot.lua/copilot/lib/src/ghostText/ghostText.ts:1216:22)\n    at isInlineSuggestion (/home/khel/dotfiles/local/.local/share/nvim/lazy/copilot.lua/copilot/lib/src/ghostText/ghostText.ts:1202:28)\n    at getGhostTextWithoutAbortHandling (/home/khel/dotfiles/local/.local/share/nvim/lazy/copilot.lua/copilot/lib/src/ghostText/ghostText.ts:629:30)\n    at getGhostText (/home/khel/dotfiles/local/.local/share/nvim/lazy/copilot.lua/copilot/lib/src/ghostText/ghostText.ts:1106:22)\n    at getInlineCompletionsResult (/home/khel/dotfiles/local/.local/share/nvim/lazy/copilot.lua/copilot/lib/src/inlineCompletion.ts:30:20)\n    at getInlineCompletions (/home/khel/dotfiles/local/.local/share/nvim/lazy/copilot.lua/copilot/lib/src/inlineCompletion.ts:75:20)\n    at handleGetCompletionsHelper (/home/khel/dotfiles/local/.local/share/nvim/lazy/copilot.lua/copilot/agent/src/methods/getCompletions.ts:94:28)\n    at Cn.messageHandler (/home/khel/dotfiles/local/.local/share/nvim/lazy/copilot.lua/copilot/agent/src/service.ts:319:45)"
[ERROR][2025-06-09 21:51:07] ...lsp/handlers.lua:562	"[lsp] Request getCompletions: RangeError: Illegal value for lineNumber\n    at t.lineAt (/home/khel/dotfiles/local/.local/share/nvim/lazy/copilot.lua/copilot/lib/src/textDocument.ts:275:19)\n    at isMiddleOfTheLine (/home/khel/dotfiles/local/.local/share/nvim/lazy/copilot.lua/copilot/lib/src/ghostText/ghostText.ts:1216:22)\n    at isInlineSuggestion (/home/khel/dotfiles/local/.local/share/nvim/lazy/copilot.lua/copilot/lib/src/ghostText/ghostText.ts:1202:28)\n    at getGhostTextWithoutAbortHandling (/home/khel/dotfiles/local/.local/share/nvim/lazy/copilot.lua/copilot/lib/src/ghostText/ghostText.ts:629:30)\n    at getGhostText (/home/khel/dotfiles/local/.local/share/nvim/lazy/copilot.lua/copilot/lib/src/ghostText/ghostText.ts:1106:22)\n    at getInlineCompletionsResult (/home/khel/dotfiles/local/.local/share/nvim/lazy/copilot.lua/copilot/lib/src/inlineCompletion.ts:30:20)\n    at getInlineCompletions (/home/khel/dotfiles/local/.local/share/nvim/lazy/copilot.lua/copilot/lib/src/inlineCompletion.ts:75:20)\n    at handleGetCompletionsHelper (/home/khel/dotfiles/local/.local/share/nvim/lazy/copilot.lua/copilot/agent/src/methods/getCompletions.ts:94:28)\n    at Cn.messageHandler (/home/khel/dotfiles/local/.local/share/nvim/lazy/copilot.lua/copilot/agent/src/service.ts:319:45)"
[ERROR][2025-06-09 21:51:07] ...lsp/handlers.lua:562	"[lsp] Request getCompletions: RangeError: Illegal value for lineNumber\n    at t.lineAt (/home/khel/dotfiles/local/.local/share/nvim/lazy/copilot.lua/copilot/lib/src/textDocument.ts:275:19)\n    at isMiddleOfTheLine (/home/khel/dotfiles/local/.local/share/nvim/lazy/copilot.lua/copilot/lib/src/ghostText/ghostText.ts:1216:22)\n    at isInlineSuggestion (/home/khel/dotfiles/local/.local/share/nvim/lazy/copilot.lua/copilot/lib/src/ghostText/ghostText.ts:1202:28)\n    at getGhostTextWithoutAbortHandling (/home/khel/dotfiles/local/.local/share/nvim/lazy/copilot.lua/copilot/lib/src/ghostText/ghostText.ts:629:30)\n    at getGhostText (/home/khel/dotfiles/local/.local/share/nvim/lazy/copilot.lua/copilot/lib/src/ghostText/ghostText.ts:1106:22)\n    at getInlineCompletionsResult (/home/khel/dotfiles/local/.local/share/nvim/lazy/copilot.lua/copilot/lib/src/inlineCompletion.ts:30:20)\n    at getInlineCompletions (/home/khel/dotfiles/local/.local/share/nvim/lazy/copilot.lua/copilot/lib/src/inlineCompletion.ts:75:20)\n    at handleGetCompletionsHelper (/home/khel/dotfiles/local/.local/share/nvim/lazy/copilot.lua/copilot/agent/src/methods/getCompletions.ts:94:28)\n    at Cn.messageHandler (/home/khel/dotfiles/local/.local/share/nvim/lazy/copilot.lua/copilot/agent/src/service.ts:319:45)"
[ERROR][2025-06-09 21:51:08] ...lsp/handlers.lua:562	"[lsp] Request getCompletions: RangeError: Illegal value for lineNumber\n    at t.lineAt (/home/khel/dotfiles/local/.local/share/nvim/lazy/copilot.lua/copilot/lib/src/textDocument.ts:275:19)\n    at isMiddleOfTheLine (/home/khel/dotfiles/local/.local/share/nvim/lazy/copilot.lua/copilot/lib/src/ghostText/ghostText.ts:1216:22)\n    at isInlineSuggestion (/home/khel/dotfiles/local/.local/share/nvim/lazy/copilot.lua/copilot/lib/src/ghostText/ghostText.ts:1202:28)\n    at getGhostTextWithoutAbortHandling (/home/khel/dotfiles/local/.local/share/nvim/lazy/copilot.lua/copilot/lib/src/ghostText/ghostText.ts:629:30)\n    at getGhostText (/home/khel/dotfiles/local/.local/share/nvim/lazy/copilot.lua/copilot/lib/src/ghostText/ghostText.ts:1106:22)\n    at getInlineCompletionsResult (/home/khel/dotfiles/local/.local/share/nvim/lazy/copilot.lua/copilot/lib/src/inlineCompletion.ts:30:20)\n    at getInlineCompletions (/home/khel/dotfiles/local/.local/share/nvim/lazy/copilot.lua/copilot/lib/src/inlineCompletion.ts:75:20)\n    at handleGetCompletionsHelper (/home/khel/dotfiles/local/.local/share/nvim/lazy/copilot.lua/copilot/agent/src/methods/getCompletions.ts:94:28)\n    at Cn.messageHandler (/home/khel/dotfiles/local/.local/share/nvim/lazy/copilot.lua/copilot/agent/src/service.ts:319:45)"
[ERROR][2025-06-09 21:51:09] ...lsp/handlers.lua:562	"[lsp] Request getCompletions: RangeError: Illegal value for lineNumber\n    at t.lineAt (/home/khel/dotfiles/local/.local/share/nvim/lazy/copilot.lua/copilot/lib/src/textDocument.ts:275:19)\n    at isMiddleOfTheLine (/home/khel/dotfiles/local/.local/share/nvim/lazy/copilot.lua/copilot/lib/src/ghostText/ghostText.ts:1216:22)\n    at isInlineSuggestion (/home/khel/dotfiles/local/.local/share/nvim/lazy/copilot.lua/copilot/lib/src/ghostText/ghostText.ts:1202:28)\n    at getGhostTextWithoutAbortHandling (/home/khel/dotfiles/local/.local/share/nvim/lazy/copilot.lua/copilot/lib/src/ghostText/ghostText.ts:629:30)\n    at getGhostText (/home/khel/dotfiles/local/.local/share/nvim/lazy/copilot.lua/copilot/lib/src/ghostText/ghostText.ts:1106:22)\n    at getInlineCompletionsResult (/home/khel/dotfiles/local/.local/share/nvim/lazy/copilot.lua/copilot/lib/src/inlineCompletion.ts:30:20)\n    at getInlineCompletions (/home/khel/dotfiles/local/.local/share/nvim/lazy/copilot.lua/copilot/lib/src/inlineCompletion.ts:75:20)\n    at handleGetCompletionsHelper (/home/khel/dotfiles/local/.local/share/nvim/lazy/copilot.lua/copilot/agent/src/methods/getCompletions.ts:94:28)\n    at Cn.messageHandler (/home/khel/dotfiles/local/.local/share/nvim/lazy/copilot.lua/copilot/agent/src/service.ts:319:45)"
[ERROR][2025-06-09 21:51:09] ...lsp/handlers.lua:562	"[lsp] Request getCompletions: RangeError: Illegal value for lineNumber\n    at t.lineAt (/home/khel/dotfiles/local/.local/share/nvim/lazy/copilot.lua/copilot/lib/src/textDocument.ts:275:19)\n    at isMiddleOfTheLine (/home/khel/dotfiles/local/.local/share/nvim/lazy/copilot.lua/copilot/lib/src/ghostText/ghostText.ts:1216:22)\n    at isInlineSuggestion (/home/khel/dotfiles/local/.local/share/nvim/lazy/copilot.lua/copilot/lib/src/ghostText/ghostText.ts:1202:28)\n    at getGhostTextWithoutAbortHandling (/home/khel/dotfiles/local/.local/share/nvim/lazy/copilot.lua/copilot/lib/src/ghostText/ghostText.ts:629:30)\n    at getGhostText (/home/khel/dotfiles/local/.local/share/nvim/lazy/copilot.lua/copilot/lib/src/ghostText/ghostText.ts:1106:22)\n    at getInlineCompletionsResult (/home/khel/dotfiles/local/.local/share/nvim/lazy/copilot.lua/copilot/lib/src/inlineCompletion.ts:30:20)\n    at getInlineCompletions (/home/khel/dotfiles/local/.local/share/nvim/lazy/copilot.lua/copilot/lib/src/inlineCompletion.ts:75:20)\n    at handleGetCompletionsHelper (/home/khel/dotfiles/local/.local/share/nvim/lazy/copilot.lua/copilot/agent/src/methods/getCompletions.ts:94:28)\n    at Cn.messageHandler (/home/khel/dotfiles/local/.local/share/nvim/lazy/copilot.lua/copilot/agent/src/service.ts:319:45)"
[ERROR][2025-06-09 21:51:09] ...lsp/handlers.lua:562	"[lsp] Request getCompletions: RangeError: Illegal value for lineNumber\n    at t.lineAt (/home/khel/dotfiles/local/.local/share/nvim/lazy/copilot.lua/copilot/lib/src/textDocument.ts:275:19)\n    at isMiddleOfTheLine (/home/khel/dotfiles/local/.local/share/nvim/lazy/copilot.lua/copilot/lib/src/ghostText/ghostText.ts:1216:22)\n    at isInlineSuggestion (/home/khel/dotfiles/local/.local/share/nvim/lazy/copilot.lua/copilot/lib/src/ghostText/ghostText.ts:1202:28)\n    at getGhostTextWithoutAbortHandling (/home/khel/dotfiles/local/.local/share/nvim/lazy/copilot.lua/copilot/lib/src/ghostText/ghostText.ts:629:30)\n    at getGhostText (/home/khel/dotfiles/local/.local/share/nvim/lazy/copilot.lua/copilot/lib/src/ghostText/ghostText.ts:1106:22)\n    at getInlineCompletionsResult (/home/khel/dotfiles/local/.local/share/nvim/lazy/copilot.lua/copilot/lib/src/inlineCompletion.ts:30:20)\n    at getInlineCompletions (/home/khel/dotfiles/local/.local/share/nvim/lazy/copilot.lua/copilot/lib/src/inlineCompletion.ts:75:20)\n    at handleGetCompletionsHelper (/home/khel/dotfiles/local/.local/share/nvim/lazy/copilot.lua/copilot/agent/src/methods/getCompletions.ts:94:28)\n    at Cn.messageHandler (/home/khel/dotfiles/local/.local/share/nvim/lazy/copilot.lua/copilot/agent/src/service.ts:319:45)"
[ERROR][2025-06-09 21:51:09] ...lsp/handlers.lua:562	"[lsp] Request getCompletions: RangeError: Illegal value for lineNumber\n    at t.lineAt (/home/khel/dotfiles/local/.local/share/nvim/lazy/copilot.lua/copilot/lib/src/textDocument.ts:275:19)\n    at isMiddleOfTheLine (/home/khel/dotfiles/local/.local/share/nvim/lazy/copilot.lua/copilot/lib/src/ghostText/ghostText.ts:1216:22)\n    at isInlineSuggestion (/home/khel/dotfiles/local/.local/share/nvim/lazy/copilot.lua/copilot/lib/src/ghostText/ghostText.ts:1202:28)\n    at getGhostTextWithoutAbortHandling (/home/khel/dotfiles/local/.local/share/nvim/lazy/copilot.lua/copilot/lib/src/ghostText/ghostText.ts:629:30)\n    at getGhostText (/home/khel/dotfiles/local/.local/share/nvim/lazy/copilot.lua/copilot/lib/src/ghostText/ghostText.ts:1106:22)\n    at getInlineCompletionsResult (/home/khel/dotfiles/local/.local/share/nvim/lazy/copilot.lua/copilot/lib/src/inlineCompletion.ts:30:20)\n    at getInlineCompletions (/home/khel/dotfiles/local/.local/share/nvim/lazy/copilot.lua/copilot/lib/src/inlineCompletion.ts:75:20)\n    at handleGetCompletionsHelper (/home/khel/dotfiles/local/.local/share/nvim/lazy/copilot.lua/copilot/agent/src/methods/getCompletions.ts:94:28)\n    at Cn.messageHandler (/home/khel/dotfiles/local/.local/share/nvim/lazy/copilot.lua/copilot/agent/src/service.ts:319:45)"
[ERROR][2025-06-09 21:51:09] ...lsp/handlers.lua:562	"2025/06/09 21:51:09 no completions found: column is beyond end of line\n\tposition=42:70\n"
[ERROR][2025-06-09 21:51:09] ...lsp/handlers.lua:562	"[lsp] Request getCompletions: RangeError: Illegal value for lineNumber\n    at t.lineAt (/home/khel/dotfiles/local/.local/share/nvim/lazy/copilot.lua/copilot/lib/src/textDocument.ts:275:19)\n    at isMiddleOfTheLine (/home/khel/dotfiles/local/.local/share/nvim/lazy/copilot.lua/copilot/lib/src/ghostText/ghostText.ts:1216:22)\n    at isInlineSuggestion (/home/khel/dotfiles/local/.local/share/nvim/lazy/copilot.lua/copilot/lib/src/ghostText/ghostText.ts:1202:28)\n    at getGhostTextWithoutAbortHandling (/home/khel/dotfiles/local/.local/share/nvim/lazy/copilot.lua/copilot/lib/src/ghostText/ghostText.ts:629:30)\n    at getGhostText (/home/khel/dotfiles/local/.local/share/nvim/lazy/copilot.lua/copilot/lib/src/ghostText/ghostText.ts:1106:22)\n    at getInlineCompletionsResult (/home/khel/dotfiles/local/.local/share/nvim/lazy/copilot.lua/copilot/lib/src/inlineCompletion.ts:30:20)\n    at getInlineCompletions (/home/khel/dotfiles/local/.local/share/nvim/lazy/copilot.lua/copilot/lib/src/inlineCompletion.ts:75:20)\n    at handleGetCompletionsHelper (/home/khel/dotfiles/local/.local/share/nvim/lazy/copilot.lua/copilot/agent/src/methods/getCompletions.ts:94:28)\n    at Cn.messageHandler (/home/khel/dotfiles/local/.local/share/nvim/lazy/copilot.lua/copilot/agent/src/service.ts:319:45)"
[ERROR][2025-06-09 21:51:10] ...lsp/handlers.lua:562	"2025/06/09 21:51:10 no completions found: column is beyond end of line\n\tposition=42:71\n"
[ERROR][2025-06-09 21:51:10] ...lsp/handlers.lua:562	"[lsp] Request getCompletions: RangeError: Illegal value for lineNumber\n    at t.lineAt (/home/khel/dotfiles/local/.local/share/nvim/lazy/copilot.lua/copilot/lib/src/textDocument.ts:275:19)\n    at isMiddleOfTheLine (/home/khel/dotfiles/local/.local/share/nvim/lazy/copilot.lua/copilot/lib/src/ghostText/ghostText.ts:1216:22)\n    at isInlineSuggestion (/home/khel/dotfiles/local/.local/share/nvim/lazy/copilot.lua/copilot/lib/src/ghostText/ghostText.ts:1202:28)\n    at getGhostTextWithoutAbortHandling (/home/khel/dotfiles/local/.local/share/nvim/lazy/copilot.lua/copilot/lib/src/ghostText/ghostText.ts:629:30)\n    at getGhostText (/home/khel/dotfiles/local/.local/share/nvim/lazy/copilot.lua/copilot/lib/src/ghostText/ghostText.ts:1106:22)\n    at getInlineCompletionsResult (/home/khel/dotfiles/local/.local/share/nvim/lazy/copilot.lua/copilot/lib/src/inlineCompletion.ts:30:20)\n    at getInlineCompletions (/home/khel/dotfiles/local/.local/share/nvim/lazy/copilot.lua/copilot/lib/src/inlineCompletion.ts:75:20)\n    at handleGetCompletionsHelper (/home/khel/dotfiles/local/.local/share/nvim/lazy/copilot.lua/copilot/agent/src/methods/getCompletions.ts:94:28)\n    at Cn.messageHandler (/home/khel/dotfiles/local/.local/share/nvim/lazy/copilot.lua/copilot/agent/src/service.ts:319:45)"
[ERROR][2025-06-09 21:51:10] ...lsp/handlers.lua:562	"2025/06/09 21:51:10 no completions found: column is beyond end of line\n\tposition=42:72\n"
[ERROR][2025-06-09 21:51:10] ...lsp/handlers.lua:562	"[lsp] Request getCompletions: RangeError: Illegal value for lineNumber\n    at t.lineAt (/home/khel/dotfiles/local/.local/share/nvim/lazy/copilot.lua/copilot/lib/src/textDocument.ts:275:19)\n    at isMiddleOfTheLine (/home/khel/dotfiles/local/.local/share/nvim/lazy/copilot.lua/copilot/lib/src/ghostText/ghostText.ts:1216:22)\n    at isInlineSuggestion (/home/khel/dotfiles/local/.local/share/nvim/lazy/copilot.lua/copilot/lib/src/ghostText/ghostText.ts:1202:28)\n    at getGhostTextWithoutAbortHandling (/home/khel/dotfiles/local/.local/share/nvim/lazy/copilot.lua/copilot/lib/src/ghostText/ghostText.ts:629:30)\n    at getGhostText (/home/khel/dotfiles/local/.local/share/nvim/lazy/copilot.lua/copilot/lib/src/ghostText/ghostText.ts:1106:22)\n    at getInlineCompletionsResult (/home/khel/dotfiles/local/.local/share/nvim/lazy/copilot.lua/copilot/lib/src/inlineCompletion.ts:30:20)\n    at getInlineCompletions (/home/khel/dotfiles/local/.local/share/nvim/lazy/copilot.lua/copilot/lib/src/inlineCompletion.ts:75:20)\n    at handleGetCompletionsHelper (/home/khel/dotfiles/local/.local/share/nvim/lazy/copilot.lua/copilot/agent/src/methods/getCompletions.ts:94:28)\n    at Cn.messageHandler (/home/khel/dotfiles/local/.local/share/nvim/lazy/copilot.lua/copilot/agent/src/service.ts:319:45)"
[ERROR][2025-06-09 21:51:10] ...lsp/handlers.lua:562	"2025/06/09 21:51:10 signature help failed: column is beyond end of line\n\tposition=42:73\n"
[ERROR][2025-06-09 21:51:10] ...lsp/handlers.lua:562	"2025/06/09 21:51:10 signature help failed: column is beyond end of line\n\tposition=42:74\n"
[ERROR][2025-06-09 21:51:11] ...lsp/handlers.lua:562	"2025/06/09 21:51:11 no completions found: column is beyond end of line\n\tposition=42:75\n"
[ERROR][2025-06-09 21:51:11] ...lsp/handlers.lua:562	"[lsp] Request getCompletions: RangeError: Illegal value for lineNumber\n    at t.lineAt (/home/khel/dotfiles/local/.local/share/nvim/lazy/copilot.lua/copilot/lib/src/textDocument.ts:275:19)\n    at isMiddleOfTheLine (/home/khel/dotfiles/local/.local/share/nvim/lazy/copilot.lua/copilot/lib/src/ghostText/ghostText.ts:1216:22)\n    at isInlineSuggestion (/home/khel/dotfiles/local/.local/share/nvim/lazy/copilot.lua/copilot/lib/src/ghostText/ghostText.ts:1202:28)\n    at getGhostTextWithoutAbortHandling (/home/khel/dotfiles/local/.local/share/nvim/lazy/copilot.lua/copilot/lib/src/ghostText/ghostText.ts:629:30)\n    at getGhostText (/home/khel/dotfiles/local/.local/share/nvim/lazy/copilot.lua/copilot/lib/src/ghostText/ghostText.ts:1106:22)\n    at getInlineCompletionsResult (/home/khel/dotfiles/local/.local/share/nvim/lazy/copilot.lua/copilot/lib/src/inlineCompletion.ts:30:20)\n    at getInlineCompletions (/home/khel/dotfiles/local/.local/share/nvim/lazy/copilot.lua/copilot/lib/src/inlineCompletion.ts:75:20)\n    at handleGetCompletionsHelper (/home/khel/dotfiles/local/.local/share/nvim/lazy/copilot.lua/copilot/agent/src/methods/getCompletions.ts:94:28)\n    at Cn.messageHandler (/home/khel/dotfiles/local/.local/share/nvim/lazy/copilot.lua/copilot/agent/src/service.ts:319:45)"
[ERROR][2025-06-09 21:51:11] ...lsp/handlers.lua:562	"2025/06/09 21:51:11 no completions found: column is beyond end of line\n\tposition=42:76\n"
[ERROR][2025-06-09 21:51:11] ...lsp/handlers.lua:562	"[lsp] Request getCompletions: RangeError: Illegal value for lineNumber\n    at t.lineAt (/home/khel/dotfiles/local/.local/share/nvim/lazy/copilot.lua/copilot/lib/src/textDocument.ts:275:19)\n    at isMiddleOfTheLine (/home/khel/dotfiles/local/.local/share/nvim/lazy/copilot.lua/copilot/lib/src/ghostText/ghostText.ts:1216:22)\n    at isInlineSuggestion (/home/khel/dotfiles/local/.local/share/nvim/lazy/copilot.lua/copilot/lib/src/ghostText/ghostText.ts:1202:28)\n    at getGhostTextWithoutAbortHandling (/home/khel/dotfiles/local/.local/share/nvim/lazy/copilot.lua/copilot/lib/src/ghostText/ghostText.ts:629:30)\n    at getGhostText (/home/khel/dotfiles/local/.local/share/nvim/lazy/copilot.lua/copilot/lib/src/ghostText/ghostText.ts:1106:22)\n    at getInlineCompletionsResult (/home/khel/dotfiles/local/.local/share/nvim/lazy/copilot.lua/copilot/lib/src/inlineCompletion.ts:30:20)\n    at getInlineCompletions (/home/khel/dotfiles/local/.local/share/nvim/lazy/copilot.lua/copilot/lib/src/inlineCompletion.ts:75:20)\n    at handleGetCompletionsHelper (/home/khel/dotfiles/local/.local/share/nvim/lazy/copilot.lua/copilot/agent/src/methods/getCompletions.ts:94:28)\n    at Cn.messageHandler (/home/khel/dotfiles/local/.local/share/nvim/lazy/copilot.lua/copilot/agent/src/service.ts:319:45)"
[ERROR][2025-06-09 21:51:11] ...lsp/handlers.lua:562	"2025/06/09 21:51:11 no completions found: column is beyond end of line\n\tposition=42:77\n"
[ERROR][2025-06-09 21:51:11] ...lsp/handlers.lua:562	"[lsp] Request getCompletions: RangeError: Illegal value for lineNumber\n    at t.lineAt (/home/khel/dotfiles/local/.local/share/nvim/lazy/copilot.lua/copilot/lib/src/textDocument.ts:275:19)\n    at isMiddleOfTheLine (/home/khel/dotfiles/local/.local/share/nvim/lazy/copilot.lua/copilot/lib/src/ghostText/ghostText.ts:1216:22)\n    at isInlineSuggestion (/home/khel/dotfiles/local/.local/share/nvim/lazy/copilot.lua/copilot/lib/src/ghostText/ghostText.ts:1202:28)\n    at getGhostTextWithoutAbortHandling (/home/khel/dotfiles/local/.local/share/nvim/lazy/copilot.lua/copilot/lib/src/ghostText/ghostText.ts:629:30)\n    at getGhostText (/home/khel/dotfiles/local/.local/share/nvim/lazy/copilot.lua/copilot/lib/src/ghostText/ghostText.ts:1106:22)\n    at getInlineCompletionsResult (/home/khel/dotfiles/local/.local/share/nvim/lazy/copilot.lua/copilot/lib/src/inlineCompletion.ts:30:20)\n    at getInlineCompletions (/home/khel/dotfiles/local/.local/share/nvim/lazy/copilot.lua/copilot/lib/src/inlineCompletion.ts:75:20)\n    at handleGetCompletionsHelper (/home/khel/dotfiles/local/.local/share/nvim/lazy/copilot.lua/copilot/agent/src/methods/getCompletions.ts:94:28)\n    at Cn.messageHandler (/home/khel/dotfiles/local/.local/share/nvim/lazy/copilot.lua/copilot/agent/src/service.ts:319:45)"
[ERROR][2025-06-09 21:51:11] ...lsp/handlers.lua:562	"2025/06/09 21:51:11 no completions found: column is beyond end of line\n\tposition=42:78\n"
[ERROR][2025-06-09 21:51:11] ...lsp/handlers.lua:562	"[lsp] Request getCompletions: RangeError: Illegal value for lineNumber\n    at t.lineAt (/home/khel/dotfiles/local/.local/share/nvim/lazy/copilot.lua/copilot/lib/src/textDocument.ts:275:19)\n    at isMiddleOfTheLine (/home/khel/dotfiles/local/.local/share/nvim/lazy/copilot.lua/copilot/lib/src/ghostText/ghostText.ts:1216:22)\n    at isInlineSuggestion (/home/khel/dotfiles/local/.local/share/nvim/lazy/copilot.lua/copilot/lib/src/ghostText/ghostText.ts:1202:28)\n    at getGhostTextWithoutAbortHandling (/home/khel/dotfiles/local/.local/share/nvim/lazy/copilot.lua/copilot/lib/src/ghostText/ghostText.ts:629:30)\n    at getGhostText (/home/khel/dotfiles/local/.local/share/nvim/lazy/copilot.lua/copilot/lib/src/ghostText/ghostText.ts:1106:22)\n    at getInlineCompletionsResult (/home/khel/dotfiles/local/.local/share/nvim/lazy/copilot.lua/copilot/lib/src/inlineCompletion.ts:30:20)\n    at getInlineCompletions (/home/khel/dotfiles/local/.local/share/nvim/lazy/copilot.lua/copilot/lib/src/inlineCompletion.ts:75:20)\n    at handleGetCompletionsHelper (/home/khel/dotfiles/local/.local/share/nvim/lazy/copilot.lua/copilot/agent/src/methods/getCompletions.ts:94:28)\n    at Cn.messageHandler (/home/khel/dotfiles/local/.local/share/nvim/lazy/copilot.lua/copilot/agent/src/service.ts:319:45)"
[ERROR][2025-06-09 21:51:11] ...lsp/handlers.lua:562	"2025/06/09 21:51:11 no completions found: column is beyond end of line\n\tposition=42:79\n"
[ERROR][2025-06-09 21:51:11] ...lsp/handlers.lua:562	"[lsp] Request getCompletions: RangeError: Illegal value for lineNumber\n    at t.lineAt (/home/khel/dotfiles/local/.local/share/nvim/lazy/copilot.lua/copilot/lib/src/textDocument.ts:275:19)\n    at isMiddleOfTheLine (/home/khel/dotfiles/local/.local/share/nvim/lazy/copilot.lua/copilot/lib/src/ghostText/ghostText.ts:1216:22)\n    at isInlineSuggestion (/home/khel/dotfiles/local/.local/share/nvim/lazy/copilot.lua/copilot/lib/src/ghostText/ghostText.ts:1202:28)\n    at getGhostTextWithoutAbortHandling (/home/khel/dotfiles/local/.local/share/nvim/lazy/copilot.lua/copilot/lib/src/ghostText/ghostText.ts:629:30)\n    at getGhostText (/home/khel/dotfiles/local/.local/share/nvim/lazy/copilot.lua/copilot/lib/src/ghostText/ghostText.ts:1106:22)\n    at getInlineCompletionsResult (/home/khel/dotfiles/local/.local/share/nvim/lazy/copilot.lua/copilot/lib/src/inlineCompletion.ts:30:20)\n    at getInlineCompletions (/home/khel/dotfiles/local/.local/share/nvim/lazy/copilot.lua/copilot/lib/src/inlineCompletion.ts:75:20)\n    at handleGetCompletionsHelper (/home/khel/dotfiles/local/.local/share/nvim/lazy/copilot.lua/copilot/agent/src/methods/getCompletions.ts:94:28)\n    at Cn.messageHandler (/home/khel/dotfiles/local/.local/share/nvim/lazy/copilot.lua/copilot/agent/src/service.ts:319:45)"
[ERROR][2025-06-09 21:51:11] ...lsp/handlers.lua:562	"2025/06/09 21:51:11 no completions found: column is beyond end of line\n\tposition=42:81\n"
[ERROR][2025-06-09 21:51:11] ...lsp/handlers.lua:562	"[lsp] Request getCompletions: RangeError: Illegal value for lineNumber\n    at t.lineAt (/home/khel/dotfiles/local/.local/share/nvim/lazy/copilot.lua/copilot/lib/src/textDocument.ts:275:19)\n    at isMiddleOfTheLine (/home/khel/dotfiles/local/.local/share/nvim/lazy/copilot.lua/copilot/lib/src/ghostText/ghostText.ts:1216:22)\n    at isInlineSuggestion (/home/khel/dotfiles/local/.local/share/nvim/lazy/copilot.lua/copilot/lib/src/ghostText/ghostText.ts:1202:28)\n    at getGhostTextWithoutAbortHandling (/home/khel/dotfiles/local/.local/share/nvim/lazy/copilot.lua/copilot/lib/src/ghostText/ghostText.ts:629:30)\n    at getGhostText (/home/khel/dotfiles/local/.local/share/nvim/lazy/copilot.lua/copilot/lib/src/ghostText/ghostText.ts:1106:22)\n    at getInlineCompletionsResult (/home/khel/dotfiles/local/.local/share/nvim/lazy/copilot.lua/copilot/lib/src/inlineCompletion.ts:30:20)\n    at getInlineCompletions (/home/khel/dotfiles/local/.local/share/nvim/lazy/copilot.lua/copilot/lib/src/inlineCompletion.ts:75:20)\n    at handleGetCompletionsHelper (/home/khel/dotfiles/local/.local/share/nvim/lazy/copilot.lua/copilot/agent/src/methods/getCompletions.ts:94:28)\n    at Cn.messageHandler (/home/khel/dotfiles/local/.local/share/nvim/lazy/copilot.lua/copilot/agent/src/service.ts:319:45)"
[ERROR][2025-06-09 21:51:13] ...lsp/handlers.lua:562	"2025/06/09 21:51:13 no highlight: column is beyond end of line\n"
[ERROR][2025-06-09 21:52:15] ...lsp/handlers.lua:562	"2025/06/09 21:52:15 no highlight: column is beyond end of line\n"
[ERROR][2025-06-09 21:52:16] ...lsp/handlers.lua:562	"2025/06/09 21:52:16 no highlight: column is beyond end of line\n"
[ERROR][2025-06-09 21:52:17] ...lsp/handlers.lua:562	"2025/06/09 21:52:17 no highlight: column is beyond end of line\n"
[ERROR][2025-06-09 21:52:17] ...lsp/handlers.lua:562	"2025/06/09 21:52:17 no highlight: column is beyond end of line\n"
[ERROR][2025-06-09 21:52:18] ...lsp/handlers.lua:562	"2025/06/09 21:52:18 no highlight: column is beyond end of line\n"
[ERROR][2025-06-09 21:52:19] ...lsp/handlers.lua:562	"2025/06/09 21:52:19 no highlight: column is beyond end of line\n"
[ERROR][2025-06-09 21:52:19] ...lsp/handlers.lua:562	"2025/06/09 21:52:19 no highlight: column is beyond end of line\n"
[ERROR][2025-06-09 21:52:20] ...lsp/handlers.lua:562	"2025/06/09 21:52:20 no highlight: column is beyond end of line\n"
[ERROR][2025-06-09 21:52:20] ...lsp/handlers.lua:562	"2025/06/09 21:52:20 no highlight: column is beyond end of line\n"
[ERROR][2025-06-09 21:52:21] ...lsp/handlers.lua:562	"2025/06/09 21:52:21 no highlight: column is beyond end of line\n"
[ERROR][2025-06-09 21:52:28] ...p/_transport.lua:36	"rpc"	"golangci-lint-langserver"	"stderr"	'2025/06/09 21:52:28 jsonrpc2 handler: notification "exit" handling error: jsonrpc2: code -32601 message: method not supported: exit\n'
[START][2025-06-09 21:52:32] LSP logging initiated
[ERROR][2025-06-09 21:52:32] ...p/_transport.lua:36	"rpc"	"golangci-lint-langserver"	"stderr"	"2025/06/09 21:52:32 golangci-lint-langserver: connections opened\n"
[ERROR][2025-06-09 21:52:39] ...p/_transport.lua:36	"rpc"	"node"	"stderr"	"(node:23520) [DEP0132] DeprecationWarning: Passing a callback to worker.terminate() is deprecated. It returns a Promise instead.\n(Use `node --trace-deprecation ...` to show where the warning was created)\n"
[ERROR][2025-06-09 21:52:39] ...p/_transport.lua:36	"rpc"	"node"	"stderr"	"(node:23520) [DEP0132] DeprecationWarning: Passing a callback to worker.terminate() is deprecated. It returns a Promise instead.\n(node:23520) [DEP0132] DeprecationWarning: Passing a callback to worker.terminate() is deprecated. It returns a Promise instead.\n(node:23520) [DEP0132] DeprecationWarning: Passing a callback to worker.terminate() is deprecated. It returns a Promise instead.\n"
[ERROR][2025-06-09 21:53:40] ...p/_transport.lua:36	"rpc"	"golangci-lint-langserver"	"stderr"	'2025/06/09 21:53:40 jsonrpc2 handler: notification "exit" handling error: jsonrpc2: code -32601 message: method not supported: exit\n'
[START][2025-06-09 21:53:48] LSP logging initiated
[ERROR][2025-06-09 21:53:48] ...p/_transport.lua:36	"rpc"	"golangci-lint-langserver"	"stderr"	"2025/06/09 21:53:48 golangci-lint-langserver: connections opened\n"
[ERROR][2025-06-09 21:53:54] ...p/_transport.lua:36	"rpc"	"node"	"stderr"	"(node:25371) [DEP0132] DeprecationWarning: Passing a callback to worker.terminate() is deprecated. It returns a Promise instead.\n(Use `node --trace-deprecation ...` to show where the warning was created)\n"
[ERROR][2025-06-09 21:53:54] ...p/_transport.lua:36	"rpc"	"node"	"stderr"	"(node:25371) [DEP0132] DeprecationWarning: Passing a callback to worker.terminate() is deprecated. It returns a Promise instead.\n"
[ERROR][2025-06-09 21:53:54] ...p/_transport.lua:36	"rpc"	"node"	"stderr"	"(node:25371) [DEP0132] DeprecationWarning: Passing a callback to worker.terminate() is deprecated. It returns a Promise instead.\n"
[ERROR][2025-06-09 21:53:54] ...p/_transport.lua:36	"rpc"	"node"	"stderr"	"(node:25371) [DEP0132] DeprecationWarning: Passing a callback to worker.terminate() is deprecated. It returns a Promise instead.\n"
[START][2025-06-09 21:55:17] LSP logging initiated
[ERROR][2025-06-09 21:55:17] ...lsp/handlers.lua:562	'2025/06/09 21:55:17 unable to compute deps errors: stat : no such file or directory\n\tpackage="_/home/khel/Downloads"\n'
[ERROR][2025-06-09 21:55:17] ...lsp/handlers.lua:562	'2025/06/09 21:55:17 unable to compute deps errors: stat : no such file or directory\n\tpackage="_/home/khel/Downloads"\n'
[ERROR][2025-06-09 21:55:23] ...p/_transport.lua:36	"rpc"	"node"	"stderr"	"(node:27844) [DEP0132] DeprecationWarning: Passing a callback to worker.terminate() is deprecated. It returns a Promise instead.\n(Use `node --trace-deprecation ...` to show where the warning was created)\n"
[ERROR][2025-06-09 21:55:23] ...p/_transport.lua:36	"rpc"	"node"	"stderr"	"(node:27844) [DEP0132] DeprecationWarning: Passing a callback to worker.terminate() is deprecated. It returns a Promise instead.\n(node:27844) [DEP0132] DeprecationWarning: Passing a callback to worker.terminate() is deprecated. It returns a Promise instead.\n(node:27844) [DEP0132] DeprecationWarning: Passing a callback to worker.terminate() is deprecated. It returns a Promise instead.\n"
[ERROR][2025-06-09 22:11:35] ...lsp/handlers.lua:562	'[default] unhandledRejection: BugIndicatingError: Invalid range: [2751, 2714) from {"start":{"character":38,"line":96},"end":{"character":0,"line":97}}\n    at nie.editFromLspContentChange (/home/khel/dotfiles/local/.local/share/nvim/lazy/copilot.lua/copilot/lib/src/nextEditSuggestions/observableLspWorkspace.ts:197:23)\n    at /home/khel/dotfiles/local/.local/share/nvim/lazy/copilot.lua/copilot/lib/src/nextEditSuggestions/observableLspWorkspace.ts:183:55\n    at Array.map (<anonymous>)\n    at nie.editFromLspContentChanges (/home/khel/dotfiles/local/.local/share/nvim/lazy/copilot.lua/copilot/lib/src/nextEditSuggestions/observableLspWorkspace.ts:183:41)\n    at nie.applyLspContentChanges (/home/khel/dotfiles/local/.local/share/nvim/lazy/copilot.lua/copilot/lib/src/nextEditSuggestions/observableLspWorkspace.ts:170:28)\n    at Av.onDidChangeLspDocument (/home/khel/dotfiles/local/.local/share/nvim/lazy/copilot.lua/copilot/lib/src/nextEditSuggestions/observableLspWorkspace.ts:83:17)\n    at /home/khel/dotfiles/local/.local/share/nvim/lazy/copilot.lua/copilot/lib/src/nextEditSuggestions/observableLspWorkspace.ts:63:18\n    at EventEmitter.emit (node:events:507:28)\n    at Ope.update (/home/khel/dotfiles/local/.local/share/nvim/lazy/copilot.lua/copilot/agent/src/textDocumentManager.ts:66:26)\n    at /home/khel/dotfiles/local/.local/share/nvim/lazy/copilot.lua/copilot/agent/src/textDocumentManager.ts:134:66'
[ERROR][2025-06-09 22:31:23] ...p/_transport.lua:36	"rpc"	"golangci-lint-langserver"	"stderr"	'2025/06/09 22:31:23 jsonrpc2 handler: notification "exit" handling error: jsonrpc2: code -32601 message: method not supported: exit\n'
[START][2025-06-10 17:17:54] LSP logging initiated
[ERROR][2025-06-10 17:17:54] ...p/_transport.lua:36	"rpc"	"node"	"stderr"	"(node:1803) [DEP0132] DeprecationWarning: Passing a callback to worker.terminate() is deprecated. It returns a Promise instead.\n(Use `node --trace-deprecation ...` to show where the warning was created)\n"
[ERROR][2025-06-10 17:17:54] ...p/_transport.lua:36	"rpc"	"node"	"stderr"	"(node:1803) [DEP0132] DeprecationWarning: Passing a callback to worker.terminate() is deprecated. It returns a Promise instead.\n(node:1803) [DEP0132] DeprecationWarning: Passing a callback to worker.terminate() is deprecated. It returns a Promise instead.\n(node:1803) [DEP0132] DeprecationWarning: Passing a callback to worker.terminate() is deprecated. It returns a Promise instead.\n"
[START][2025-06-10 17:21:09] LSP logging initiated
[ERROR][2025-06-10 17:21:09] ...p/_transport.lua:36	"rpc"	"node"	"stderr"	"(node:3135) [DEP0132] DeprecationWarning: Passing a callback to worker.terminate() is deprecated. It returns a Promise instead.\n(Use `node --trace-deprecation ...` to show where the warning was created)\n"
[ERROR][2025-06-10 17:21:09] ...p/_transport.lua:36	"rpc"	"node"	"stderr"	"(node:3135) [DEP0132] DeprecationWarning: Passing a callback to worker.terminate() is deprecated. It returns a Promise instead.\n(node:3135) [DEP0132] DeprecationWarning: Passing a callback to worker.terminate() is deprecated. It returns a Promise instead.\n(node:3135) [DEP0132] DeprecationWarning: Passing a callback to worker.terminate() is deprecated. It returns a Promise instead.\n"
[START][2025-06-10 17:26:59] LSP logging initiated
[ERROR][2025-06-10 17:26:59] ...p/_transport.lua:36	"rpc"	"node"	"stderr"	"(node:3931) [DEP0132] DeprecationWarning: Passing a callback to worker.terminate() is deprecated. It returns a Promise instead.\n(Use `node --trace-deprecation ...` to show where the warning was created)\n"
[ERROR][2025-06-10 17:26:59] ...p/_transport.lua:36	"rpc"	"node"	"stderr"	"(node:3931) [DEP0132] DeprecationWarning: Passing a callback to worker.terminate() is deprecated. It returns a Promise instead.\n(node:3931) [DEP0132] DeprecationWarning: Passing a callback to worker.terminate() is deprecated. It returns a Promise instead.\n(node:3931) [DEP0132] DeprecationWarning: Passing a callback to worker.terminate() is deprecated. It returns a Promise instead.\n"
[START][2025-06-10 17:38:00] LSP logging initiated
[ERROR][2025-06-10 17:38:00] ...p/_transport.lua:36	"rpc"	"node"	"stderr"	"(node:4904) [DEP0132] DeprecationWarning: Passing a callback to worker.terminate() is deprecated. It returns a Promise instead.\n(Use `node --trace-deprecation ...` to show where the warning was created)\n"
[ERROR][2025-06-10 17:38:00] ...p/_transport.lua:36	"rpc"	"node"	"stderr"	"(node:4904) [DEP0132] DeprecationWarning: Passing a callback to worker.terminate() is deprecated. It returns a Promise instead.\n(node:4904) [DEP0132] DeprecationWarning: Passing a callback to worker.terminate() is deprecated. It returns a Promise instead.\n(node:4904) [DEP0132] DeprecationWarning: Passing a callback to worker.terminate() is deprecated. It returns a Promise instead.\n"
[START][2025-06-10 17:55:35] LSP logging initiated
[ERROR][2025-06-10 17:55:35] ...p/_transport.lua:36	"rpc"	"node"	"stderr"	"(node:31802) [DEP0132] DeprecationWarning: Passing a callback to worker.terminate() is deprecated. It returns a Promise instead.\n(Use `node --trace-deprecation ...` to show where the warning was created)\n"
[ERROR][2025-06-10 17:55:35] ...p/_transport.lua:36	"rpc"	"node"	"stderr"	"(node:31802) [DEP0132] DeprecationWarning: Passing a callback to worker.terminate() is deprecated. It returns a Promise instead.\n(node:31802) [DEP0132] DeprecationWarning: Passing a callback to worker.terminate() is deprecated. It returns a Promise instead.\n(node:31802) [DEP0132] DeprecationWarning: Passing a callback to worker.terminate() is deprecated. It returns a Promise instead.\n"
[START][2025-06-10 17:59:00] LSP logging initiated
[WARN][2025-06-10 17:59:00] ...m/lsp/client.lua:1134	"server_request: no handler found for"	"workspace/diagnostic/refresh"
[ERROR][2025-06-10 17:59:00] ...lsp/handlers.lua:562	"Unhandled exception: MethodNotFound\nError: MethodNotFound\n    at handleResponse (/home/khel/dotfiles/local/.local/share/nvim/mason/packages/json-lsp/node_modules/vscode-langservers-extracted/node_modules/vscode-jsonrpc/lib/common/connection.js:606:48)\n    at handleMessage (/home/khel/dotfiles/local/.local/share/nvim/mason/packages/json-lsp/node_modules/vscode-langservers-extracted/node_modules/vscode-jsonrpc/lib/common/connection.js:443:20)\n    at Immediate.<anonymous> (/home/khel/dotfiles/local/.local/share/nvim/mason/packages/json-lsp/node_modules/vscode-langservers-extracted/node_modules/vscode-jsonrpc/lib/common/connection.js:413:30)\n    at process.processImmediate (node:internal/timers:505:21)"
[ERROR][2025-06-10 17:59:05] ...p/_transport.lua:36	"rpc"	"node"	"stderr"	"(node:32676) [DEP0132] DeprecationWarning: Passing a callback to worker.terminate() is deprecated. It returns a Promise instead.\n(Use `node --trace-deprecation ...` to show where the warning was created)\n"
[ERROR][2025-06-10 17:59:05] ...p/_transport.lua:36	"rpc"	"node"	"stderr"	"(node:32676) [DEP0132] DeprecationWarning: Passing a callback to worker.terminate() is deprecated. It returns a Promise instead.\n(node:32676) [DEP0132] DeprecationWarning: Passing a callback to worker.terminate() is deprecated. It returns a Promise instead.\n(node:32676) [DEP0132] DeprecationWarning: Passing a callback to worker.terminate() is deprecated. It returns a Promise instead.\n"
[START][2025-06-10 18:06:46] LSP logging initiated
[ERROR][2025-06-10 18:06:46] ...p/_transport.lua:36	"rpc"	"node"	"stderr"	"(node:36071) [DEP0132] DeprecationWarning: Passing a callback to worker.terminate() is deprecated. It returns a Promise instead.\n(Use `node --trace-deprecation ...` to show where the warning was created)\n"
[ERROR][2025-06-10 18:06:46] ...p/_transport.lua:36	"rpc"	"node"	"stderr"	"(node:36071) [DEP0132] DeprecationWarning: Passing a callback to worker.terminate() is deprecated. It returns a Promise instead.\n(node:36071) [DEP0132] DeprecationWarning: Passing a callback to worker.terminate() is deprecated. It returns a Promise instead.\n"
[ERROR][2025-06-10 18:06:46] ...p/_transport.lua:36	"rpc"	"node"	"stderr"	"(node:36071) [DEP0132] DeprecationWarning: Passing a callback to worker.terminate() is deprecated. It returns a Promise instead.\n"
[START][2025-06-10 18:07:36] LSP logging initiated
[ERROR][2025-06-10 18:07:36] ...p/_transport.lua:36	"rpc"	"node"	"stderr"	"(node:36197) [DEP0132] DeprecationWarning: Passing a callback to worker.terminate() is deprecated. It returns a Promise instead.\n(Use `node --trace-deprecation ...` to show where the warning was created)\n"
[ERROR][2025-06-10 18:07:36] ...p/_transport.lua:36	"rpc"	"node"	"stderr"	"(node:36197) [DEP0132] DeprecationWarning: Passing a callback to worker.terminate() is deprecated. It returns a Promise instead.\n(node:36197) [DEP0132] DeprecationWarning: Passing a callback to worker.terminate() is deprecated. It returns a Promise instead.\n(node:36197) [DEP0132] DeprecationWarning: Passing a callback to worker.terminate() is deprecated. It returns a Promise instead.\n"
[START][2025-06-10 18:50:38] LSP logging initiated
[ERROR][2025-06-10 18:50:38] ...lsp/handlers.lua:562	"[default] Error sending telemetry FetchError: getaddrinfo EAI_AGAIN copilot-telemetry.githubusercontent.com\n    at fetch (/home/khel/dotfiles/local/.local/share/nvim/lazy/copilot.lua/copilot/node_modules/@adobe/helix-fetch/src/fetch/index.js:99:11)\n    at processTicksAndRejections (node:internal/process/task_queues:105:5)\n    at cachingFetch (/home/khel/dotfiles/local/.local/share/nvim/lazy/copilot.lua/copilot/node_modules/@adobe/helix-fetch/src/fetch/index.js:288:16)\n    at KR.fetch (/home/khel/dotfiles/local/.local/share/nvim/lazy/copilot.lua/copilot/lib/src/network/helix.ts:94:22) {\n  type: 'system',\n  _name: 'FetchError',\n  code: 'EAI_AGAIN',\n  errno: -3001,\n  erroredSysCall: 'getaddrinfo'\n}"
[START][2025-06-10 19:44:34] LSP logging initiated
[ERROR][2025-06-10 19:44:34] ...p/_transport.lua:36	"rpc"	"node"	"stderr"	"(node:45221) [DEP0132] DeprecationWarning: Passing a callback to worker.terminate() is deprecated. It returns a Promise instead.\n(Use `node --trace-deprecation ...` to show where the warning was created)\n"
[ERROR][2025-06-10 19:44:34] ...p/_transport.lua:36	"rpc"	"node"	"stderr"	"(node:45221) [DEP0132] DeprecationWarning: Passing a callback to worker.terminate() is deprecated. It returns a Promise instead.\n(node:45221) [DEP0132] DeprecationWarning: Passing a callback to worker.terminate() is deprecated. It returns a Promise instead.\n"
[ERROR][2025-06-10 19:44:34] ...p/_transport.lua:36	"rpc"	"node"	"stderr"	"(node:45221) [DEP0132] DeprecationWarning: Passing a callback to worker.terminate() is deprecated. It returns a Promise instead.\n"
[START][2025-06-10 20:07:32] LSP logging initiated
[WARN][2025-06-10 20:07:32] ...lsp/handlers.lua:564	"12:07:32.957 WARNING ⛔️ Error while parsing file:///home/khel/.oh-my-zsh/oh-my-zsh.sh: syntax error"
[WARN][2025-06-10 20:07:32] ...lsp/handlers.lua:564	"12:07:32.987 WARNING ⛔️ Error while parsing file:///home/khel/.oh-my-zsh/oh-my-zsh.sh: syntax error"
[ERROR][2025-06-10 20:07:37] ...p/_transport.lua:36	"rpc"	"node"	"stderr"	"(node:48401) [DEP0132] DeprecationWarning: Passing a callback to worker.terminate() is deprecated. It returns a Promise instead.\n(Use `node --trace-deprecation ...` to show where the warning was created)\n"
[ERROR][2025-06-10 20:07:37] ...p/_transport.lua:36	"rpc"	"node"	"stderr"	"(node:48401) [DEP0132] DeprecationWarning: Passing a callback to worker.terminate() is deprecated. It returns a Promise instead.\n(node:48401) [DEP0132] DeprecationWarning: Passing a callback to worker.terminate() is deprecated. It returns a Promise instead.\n(node:48401) [DEP0132] DeprecationWarning: Passing a callback to worker.terminate() is deprecated. It returns a Promise instead.\n"
[WARN][2025-06-10 20:09:01] ...lsp/handlers.lua:564	"12:09:01.594 WARNING ⛔️ Error while parsing file:///home/khel/.oh-my-zsh/oh-my-zsh.sh: syntax error"
[WARN][2025-06-10 20:09:02] ...lsp/handlers.lua:564	"12:09:02.129 WARNING ⛔️ Error while parsing file:///home/khel/.oh-my-zsh/oh-my-zsh.sh: syntax error"
[WARN][2025-06-10 20:09:02] ...lsp/handlers.lua:564	"12:09:02.145 WARNING ⛔️ Error while parsing file:///home/khel/.oh-my-zsh/oh-my-zsh.sh: syntax error"
[WARN][2025-06-10 20:09:02] ...lsp/handlers.lua:564	"12:09:02.334 WARNING ⛔️ Error while parsing file:///home/khel/.oh-my-zsh/oh-my-zsh.sh: syntax error"
[WARN][2025-06-10 20:09:25] ...lsp/handlers.lua:564	"12:09:25.469 WARNING ⛔️ Error while parsing file:///home/khel/.oh-my-zsh/oh-my-zsh.sh: syntax error"
[WARN][2025-06-10 20:09:35] ...lsp/handlers.lua:564	"12:09:35.873 WARNING ⛔️ Error while parsing file:///home/khel/.oh-my-zsh/oh-my-zsh.sh: syntax error"
[START][2025-06-10 20:36:17] LSP logging initiated
[ERROR][2025-06-10 20:36:17] ...p/_transport.lua:36	"rpc"	"node"	"stderr"	"(node:52482) [DEP0132] DeprecationWarning: Passing a callback to worker.terminate() is deprecated. It returns a Promise instead.\n(Use `node --trace-deprecation ...` to show where the warning was created)\n"
[ERROR][2025-06-10 20:36:17] ...p/_transport.lua:36	"rpc"	"node"	"stderr"	"(node:52482) [DEP0132] DeprecationWarning: Passing a callback to worker.terminate() is deprecated. It returns a Promise instead.\n(node:52482) [DEP0132] DeprecationWarning: Passing a callback to worker.terminate() is deprecated. It returns a Promise instead.\n(node:52482) [DEP0132] DeprecationWarning: Passing a callback to worker.terminate() is deprecated. It returns a Promise instead.\n"
